dataset,suite,model,seed,kind,device,wall_s,budget,split,acc,bacc,logloss,auroc,brier,ece,smece
acs_income_ca2pr,whyshift,catb,0,gbdt,cpu,175.0,0,id,0.8162,0.8104937507857171,0.39636109661009483,0.8968935130043517,0.12810529385076333,0.011704254069504377,0.013169782260545665
acs_income_ca2pr,whyshift,catb,0,gbdt,cpu,175.0,0,ood,0.6859221695513174,0.7528688510930464,0.5989647833529151,0.8341189520434804,0.20623153811488762,0.2870027955771296,0.2885531703936558
acs_income_ca2pr,whyshift,catb,0,gbdt,cpu,175.0,5,id,0.8176,0.811561249322772,0.3950326536861807,0.8974836599845732,0.12766138641858932,0.009894631897132845,0.012340529423804961
acs_income_ca2pr,whyshift,catb,0,gbdt,cpu,175.0,5,ood,0.686363135266233,0.7512831280866796,0.5932325564855504,0.8351209572075277,0.2048104952145535,0.286891071484261,0.28744970487114835
acs_income_ca2pr,whyshift,catb,0,gbdt,cpu,175.0,10,id,0.8176,0.811561249322772,0.3950326536861807,0.8974836599845732,0.12766138641858932,0.009894631897132845,0.012340529423804961
acs_income_ca2pr,whyshift,catb,0,gbdt,cpu,175.0,10,ood,0.686363135266233,0.7512831280866796,0.5932325564855504,0.8351209572075277,0.2048104952145535,0.286891071484261,0.28744970487114835
acs_income_ca2pr,whyshift,catb,0,gbdt,cpu,175.0,20,id,0.8176,0.811561249322772,0.3950326536861807,0.8974836599845732,0.12766138641858932,0.009894631897132845,0.012340529423804961
acs_income_ca2pr,whyshift,catb,0,gbdt,cpu,175.0,20,ood,0.686363135266233,0.7512831280866796,0.5932325564855504,0.8351209572075277,0.2048104952145535,0.286891071484261,0.28744970487114835
acs_income_ca2pr,whyshift,catb,0,gbdt,cpu,175.0,30,id,0.8184,0.8130002605392085,0.3974063504953106,0.8965195572522902,0.12841825781040428,0.014449721565943005,0.015568781609897995
acs_income_ca2pr,whyshift,catb,0,gbdt,cpu,175.0,30,ood,0.6882372395546247,0.7514151648446876,0.6031719562128987,0.8305797900692463,0.20637907996887153,0.2842563840616537,0.28525606090492955
acs_income_ca2pr,whyshift,catb,1,gbdt,cpu,169.7,0,id,0.8235,0.8171004610799009,0.3868842523691941,0.9024027337966053,0.12378035804198019,0.011393161583364113,0.013789531295257722
acs_income_ca2pr,whyshift,catb,1,gbdt,cpu,169.7,0,ood,0.7101752838716789,0.755897940970083,0.5581169571537626,0.8416349201587825,0.19092874659009199,0.27497183405870446,0.2764822863277673
acs_income_ca2pr,whyshift,catb,1,gbdt,cpu,169.7,5,id,0.8218,0.8150382727539045,0.3908119522809523,0.9004874353900246,0.1251086124434495,0.014275405636877209,0.015862466369003646
acs_income_ca2pr,whyshift,catb,1,gbdt,cpu,169.7,5,ood,0.7055451438650645,0.755598679017103,0.5502468361680032,0.8446247835814984,0.18939717657516972,0.27541112463723005,0.27859239416190335
acs_income_ca2pr,whyshift,catb,1,gbdt,cpu,169.7,10,id,0.8218,0.8150382727539045,0.3908119522809523,0.9004874353900246,0.1251086124434495,0.014275405636877209,0.015862466369003646
acs_income_ca2pr,whyshift,catb,1,gbdt,cpu,169.7,10,ood,0.7055451438650645,0.755598679017103,0.5502468361680032,0.8446247835814984,0.18939717657516972,0.27541112463723005,0.27859239416190335
acs_income_ca2pr,whyshift,catb,1,gbdt,cpu,169.7,20,id,0.8218,0.8150382727539045,0.3908119522809523,0.9004874353900246,0.1251086124434495,0.014275405636877209,0.015862466369003646
acs_income_ca2pr,whyshift,catb,1,gbdt,cpu,169.7,20,ood,0.7055451438650645,0.755598679017103,0.5502468361680032,0.8446247835814984,0.18939717657516972,0.27541112463723005,0.27859239416190335
acs_income_ca2pr,whyshift,catb,1,gbdt,cpu,169.7,30,id,0.8218,0.8150382727539045,0.3908119522809523,0.9004874353900246,0.1251086124434495,0.014275405636877209,0.015862466369003646
acs_income_ca2pr,whyshift,catb,1,gbdt,cpu,169.7,30,ood,0.7055451438650645,0.755598679017103,0.5502468361680032,0.8446247835814984,0.18939717657516972,0.27541112463723005,0.27859239416190335
acs_income_ca2pr,whyshift,catb,2,gbdt,cpu,157.2,0,id,0.817,0.8114942483126526,0.39138878991977544,0.8999728068535162,0.126072698198014,0.008225338523415062,0.012481405057300391
acs_income_ca2pr,whyshift,catb,2,gbdt,cpu,157.2,0,ood,0.6368647337669496,0.7387148311121674,0.6918675228441424,0.8314231588371432,0.24011172044932616,0.32888370456274807,0.3295426224081467
acs_income_ca2pr,whyshift,catb,2,gbdt,cpu,157.2,5,id,0.8138,0.8078164155506276,0.39741091214393626,0.8968961869083042,0.12832326987343373,0.016767051832312807,0.017467331218974397
acs_income_ca2pr,whyshift,catb,2,gbdt,cpu,157.2,5,ood,0.6894498952706427,0.7580486018332855,0.5679807787640002,0.8456762063865283,0.19726797847587388,0.28813104996720734,0.28816304920622254
acs_income_ca2pr,whyshift,catb,2,gbdt,cpu,157.2,10,id,0.8167,0.8108687522102956,0.3948346577219756,0.8980578786220949,0.12744097645453972,0.010961498718630516,0.0136229318774062
acs_income_ca2pr,whyshift,catb,2,gbdt,cpu,157.2,10,ood,0.6597949509425642,0.7465010900083042,0.6197097705417622,0.8404369109141583,0.21649683799756042,0.30860026525090734,0.3087060070104809
acs_income_ca2pr,whyshift,catb,2,gbdt,cpu,157.2,20,id,0.8167,0.8108687522102956,0.3948346577219756,0.8980578786220949,0.12744097645453972,0.010961498718630516,0.0136229318774062
acs_income_ca2pr,whyshift,catb,2,gbdt,cpu,157.2,20,ood,0.6597949509425642,0.7465010900083042,0.6197097705417622,0.8404369109141583,0.21649683799756042,0.30860026525090734,0.3087060070104809
acs_income_ca2pr,whyshift,catb,2,gbdt,cpu,157.2,30,id,0.8167,0.8108687522102956,0.3948346577219756,0.8980578786220949,0.12744097645453972,0.010961498718630516,0.0136229318774062
acs_income_ca2pr,whyshift,catb,2,gbdt,cpu,157.2,30,ood,0.6597949509425642,0.7465010900083042,0.6197097705417622,0.8404369109141583,0.21649683799756042,0.30860026525090734,0.3087060070104809
acs_income_ca2pr,whyshift,catb,3,gbdt,cpu,168.3,0,id,0.8125,0.8059719583985581,0.40204568807089625,0.8943414225026011,0.12926210493469636,0.012009668726584908,0.012908050083287813
acs_income_ca2pr,whyshift,catb,3,gbdt,cpu,168.3,0,ood,0.7034505567192151,0.7626727726616739,0.5698321996561441,0.8437197549295218,0.1948047447794408,0.277218176610503,0.27751912116157595
acs_income_ca2pr,whyshift,catb,3,gbdt,cpu,168.3,5,id,0.8125,0.8050948794247244,0.40739600864529935,0.8912620815734373,0.1314569013591778,0.014796369718084155,0.015545024291027918
acs_income_ca2pr,whyshift,catb,3,gbdt,cpu,168.3,5,ood,0.7198765295998236,0.7700277328468228,0.5365390537019125,0.8497220433957393,0.1839348996558978,0.2750680875283628,0.2748350237933124
acs_income_ca2pr,whyshift,catb,3,gbdt,cpu,168.3,10,id,0.8125,0.8050948794247244,0.40739600864529935,0.8912620815734373,0.1314569013591778,0.014796369718084155,0.015545024291027918
acs_income_ca2pr,whyshift,catb,3,gbdt,cpu,168.3,10,ood,0.7198765295998236,0.7700277328468228,0.5365390537019125,0.8497220433957393,0.1839348996558978,0.2750680875283628,0.2748350237933124
acs_income_ca2pr,whyshift,catb,3,gbdt,cpu,168.3,20,id,0.8125,0.8050948794247244,0.40739600864529935,0.8912620815734373,0.1314569013591778,0.014796369718084155,0.015545024291027918
acs_income_ca2pr,whyshift,catb,3,gbdt,cpu,168.3,20,ood,0.7198765295998236,0.7700277328468228,0.5365390537019125,0.8497220433957393,0.1839348996558978,0.2750680875283628,0.2748350237933124
acs_income_ca2pr,whyshift,catb,3,gbdt,cpu,168.3,30,id,0.8125,0.8050948794247244,0.40739600864529935,0.8912620815734373,0.1314569013591778,0.014796369718084155,0.015545024291027918
acs_income_ca2pr,whyshift,catb,3,gbdt,cpu,168.3,30,ood,0.7198765295998236,0.7700277328468228,0.5365390537019125,0.8497220433957393,0.1839348996558978,0.2750680875283628,0.2748350237933124
acs_income_ca2pr,whyshift,catb,4,gbdt,cpu,180.0,0,id,0.8122,0.8067478525666438,0.39850485587138573,0.896491762062767,0.12810829796561446,0.014642708481249527,0.014082654090544487
acs_income_ca2pr,whyshift,catb,4,gbdt,cpu,180.0,0,ood,0.686473376694962,0.76004851004851,0.6030663738610353,0.84154076384931,0.20726013964436507,0.29323397238096904,0.29316214364241056
acs_income_ca2pr,whyshift,catb,4,gbdt,cpu,180.0,5,id,0.8124,0.8073298021772526,0.4074464097490532,0.893230610748051,0.13053998980286813,0.02255992995366679,0.02264837418721982
acs_income_ca2pr,whyshift,catb,4,gbdt,cpu,180.0,5,ood,0.6895601366993717,0.7562778991746806,0.623323377043393,0.8328268505848971,0.20978608745779168,0.28881375171630924,0.28895899064004504
acs_income_ca2pr,whyshift,catb,4,gbdt,cpu,180.0,10,id,0.8134,0.807163365415839,0.4029117130745727,0.8950557900243082,0.12880506783736637,0.01629751617325947,0.015900225692503447
acs_income_ca2pr,whyshift,catb,4,gbdt,cpu,180.0,10,ood,0.6871348252673355,0.7581280161746311,0.6053505114769743,0.8406056103059433,0.20731964410535297,0.290791859543948,0.2915464442264895
acs_income_ca2pr,whyshift,catb,4,gbdt,cpu,180.0,20,id,0.8144,0.808535021061654,0.3998227793608612,0.8956179897458576,0.12857849477342678,0.008644442666802114,0.011448403470689136
acs_income_ca2pr,whyshift,catb,4,gbdt,cpu,180.0,20,ood,0.6980487267114982,0.7610257102487957,0.5672092268329795,0.8458755434338121,0.19626447610389536,0.2841122284710668,0.2839981029992023
acs_income_ca2pr,whyshift,catb,4,gbdt,cpu,180.0,30,id,0.8168,0.8114293414526679,0.39836808481761304,0.8964053175221718,0.12805075193552326,0.006775594760892073,0.011607478554137842
acs_income_ca2pr,whyshift,catb,4,gbdt,cpu,180.0,30,ood,0.6892294124131849,0.7611319165148245,0.5917572437487111,0.8427587708941762,0.20456030477380763,0.29192775775127744,0.29175194218127387
acs_income_ca2pr,whyshift,lgbm,0,gbdt,cpu,231.5,0,id,0.816,0.8104012452879754,0.400896251548311,0.8947310417145964,0.12957115893192112,0.01646550632832337,0.016487318719618015
acs_income_ca2pr,whyshift,lgbm,0,gbdt,cpu,231.5,0,ood,0.6806305809723294,0.7471606328432078,0.6185403074404401,0.8263845464178428,0.21322324315487629,0.28844707613851966,0.28829756244327304
acs_income_ca2pr,whyshift,lgbm,0,gbdt,cpu,231.5,5,id,0.8169,0.8108938764010608,0.3996956764664421,0.8956294092285869,0.1290679227932577,0.018484362975673862,0.018306442166908528
acs_income_ca2pr,whyshift,lgbm,0,gbdt,cpu,231.5,5,ood,0.6808510638297872,0.7468258619756954,0.6362288981661646,0.825901330340842,0.21650217335399874,0.2908123246017632,0.2906096469415633
acs_income_ca2pr,whyshift,lgbm,0,gbdt,cpu,231.5,10,id,0.8169,0.8108938764010608,0.3996956764664421,0.8956294092285869,0.1290679227932577,0.018484362975673862,0.018306442166908528
acs_income_ca2pr,whyshift,lgbm,0,gbdt,cpu,231.5,10,ood,0.6808510638297872,0.7468258619756954,0.6362288981661646,0.825901330340842,0.21650217335399874,0.2908123246017632,0.2906096469415633
acs_income_ca2pr,whyshift,lgbm,0,gbdt,cpu,231.5,20,id,0.8169,0.8108938764010608,0.3996956764664421,0.8956294092285869,0.1290679227932577,0.018484362975673862,0.018306442166908528
acs_income_ca2pr,whyshift,lgbm,0,gbdt,cpu,231.5,20,ood,0.6808510638297872,0.7468258619756954,0.6362288981661646,0.825901330340842,0.21650217335399874,0.2908123246017632,0.2906096469415633
acs_income_ca2pr,whyshift,lgbm,0,gbdt,cpu,231.5,30,id,0.8169,0.8108938764010608,0.3996956764664421,0.8956294092285869,0.1290679227932577,0.018484362975673862,0.018306442166908528
acs_income_ca2pr,whyshift,lgbm,0,gbdt,cpu,231.5,30,ood,0.6808510638297872,0.7468258619756954,0.6362288981661646,0.825901330340842,0.21650217335399874,0.2908123246017632,0.2906096469415633
acs_income_ca2pr,whyshift,lgbm,1,gbdt,cpu,174.5,0,id,0.8208,0.8145560021761962,0.3919890810032769,0.8993533563640783,0.1258281111869354,0.011125908482655928,0.014028572567313175
acs_income_ca2pr,whyshift,lgbm,1,gbdt,cpu,174.5,0,ood,0.7127108367324441,0.754109483854212,0.5494079127801307,0.8370060062623881,0.18764341122260578,0.26770771902668317,0.2674454615532656
acs_income_ca2pr,whyshift,lgbm,1,gbdt,cpu,174.5,5,id,0.8217,0.8153909248102968,0.39010587308001765,0.9007224260468626,0.12528118749658834,0.012422425728146376,0.01389453576415742
acs_income_ca2pr,whyshift,lgbm,1,gbdt,cpu,174.5,5,ood,0.7245066696064381,0.7561261850939986,0.5551991679664192,0.8350794233147174,0.18638142210961897,0.2566112365529244,0.25633739223243956
acs_income_ca2pr,whyshift,lgbm,1,gbdt,cpu,174.5,10,id,0.8215,0.8156199369062542,0.38705109881109495,0.9022853215037541,0.1241457322746747,0.012317857306689646,0.015798199744838093
acs_income_ca2pr,whyshift,lgbm,1,gbdt,cpu,174.5,10,ood,0.7139234924484621,0.7575362863931121,0.5438485506643757,0.8413273898845486,0.1863336157732537,0.26908158989817105,0.268811461325213
acs_income_ca2pr,whyshift,lgbm,1,gbdt,cpu,174.5,20,id,0.8215,0.8156199369062542,0.38705109881109495,0.9022853215037541,0.1241457322746747,0.012317857306689646,0.015798199744838093
acs_income_ca2pr,whyshift,lgbm,1,gbdt,cpu,174.5,20,ood,0.7139234924484621,0.7575362863931121,0.5438485506643757,0.8413273898845486,0.1863336157732537,0.26908158989817105,0.268811461325213
acs_income_ca2pr,whyshift,lgbm,1,gbdt,cpu,174.5,30,id,0.8215,0.8156199369062542,0.38705109881109495,0.9022853215037541,0.1241457322746747,0.012317857306689646,0.015798199744838093
acs_income_ca2pr,whyshift,lgbm,1,gbdt,cpu,174.5,30,ood,0.7139234924484621,0.7575362863931121,0.5438485506643757,0.8413273898845486,0.1863336157732537,0.26908158989817105,0.268811461325213
acs_income_ca2pr,whyshift,lgbm,2,gbdt,cpu,199.4,0,id,0.8164,0.8110598358342431,0.39363419233947966,0.8989721701561024,0.12679821363624746,0.011714503066248598,0.014509504563154077
acs_income_ca2pr,whyshift,lgbm,2,gbdt,cpu,199.4,0,ood,0.6368647337669496,0.7350501060267987,0.6991171897454542,0.8242983015458043,0.2410197834337689,0.32644683604592145,0.32629669679471923
acs_income_ca2pr,whyshift,lgbm,2,gbdt,cpu,199.4,5,id,0.8173,0.8118599235930037,0.38970736987763255,0.900972162220118,0.12561946354864853,0.015823360971663366,0.014589032180844182
acs_income_ca2pr,whyshift,lgbm,2,gbdt,cpu,199.4,5,ood,0.6542828795061184,0.7438761864400044,0.6511917330685364,0.8353552263097215,0.22572736666674195,0.31276754185699707,0.31260962820766885
acs_income_ca2pr,whyshift,lgbm,2,gbdt,cpu,199.4,10,id,0.8178,0.8113558645849919,0.39228341892456237,0.9006390782089608,0.1259145737608581,0.01905817041516902,0.018829668637384375
acs_income_ca2pr,whyshift,lgbm,2,gbdt,cpu,199.4,10,ood,0.675890199536986,0.7495482548201748,0.5916327567819047,0.8379456464917064,0.20531874054576607,0.2959239741694295,0.2957067010514241
acs_income_ca2pr,whyshift,lgbm,2,gbdt,cpu,199.4,20,id,0.8178,0.8113558645849919,0.39228341892456237,0.9006390782089608,0.1259145737608581,0.01905817041516902,0.018829668637384375
acs_income_ca2pr,whyshift,lgbm,2,gbdt,cpu,199.4,20,ood,0.675890199536986,0.7495482548201748,0.5916327567819047,0.8379456464917064,0.20531874054576607,0.2959239741694295,0.2957067010514241
acs_income_ca2pr,whyshift,lgbm,2,gbdt,cpu,199.4,30,id,0.8178,0.8113558645849919,0.39228341892456237,0.9006390782089608,0.1259145737608581,0.01905817041516902,0.018829668637384375
acs_income_ca2pr,whyshift,lgbm,2,gbdt,cpu,199.4,30,ood,0.675890199536986,0.7495482548201748,0.5916327567819047,0.8379456464917064,0.20531874054576607,0.2959239741694295,0.2957067010514241
acs_income_ca2pr,whyshift,lgbm,3,gbdt,cpu,166.7,0,id,0.8139,0.8088702152087557,0.4002806584268209,0.8953847833609139,0.12887700337889318,0.01538726940183259,0.015274814452507989
acs_income_ca2pr,whyshift,lgbm,3,gbdt,cpu,166.7,0,ood,0.7068680410098115,0.7622937758897803,0.5685848665764067,0.8360786723716802,0.1946495188078024,0.2718391021282214,0.27176481027467697
acs_income_ca2pr,whyshift,lgbm,3,gbdt,cpu,166.7,5,id,0.8126,0.8055987971724958,0.40796270341039625,0.8937280303269008,0.13046137896544943,0.027183159091267197,0.026118368926184455
acs_income_ca2pr,whyshift,lgbm,3,gbdt,cpu,166.7,5,ood,0.7070885238672693,0.7610428237509259,0.5439339670149299,0.8430975156835314,0.18745158240854976,0.28105411815205567,0.2808246179602428
acs_income_ca2pr,whyshift,lgbm,3,gbdt,cpu,166.7,10,id,0.8108,0.8046126578192503,0.40002307870934506,0.8954945476228046,0.12853958510628363,0.012146044744931056,0.01579820905464269
acs_income_ca2pr,whyshift,lgbm,3,gbdt,cpu,166.7,10,ood,0.7016866938595524,0.7575633987953633,0.5760989149841643,0.8377754088075953,0.19694857789626558,0.2811722945282386,0.28094455513680405
acs_income_ca2pr,whyshift,lgbm,3,gbdt,cpu,166.7,20,id,0.8108,0.8046126578192503,0.40002307870934506,0.8954945476228046,0.12853958510628363,0.012146044744931056,0.01579820905464269
acs_income_ca2pr,whyshift,lgbm,3,gbdt,cpu,166.7,20,ood,0.7016866938595524,0.7575633987953633,0.5760989149841643,0.8377754088075953,0.19694857789626558,0.2811722945282386,0.28094455513680405
acs_income_ca2pr,whyshift,lgbm,3,gbdt,cpu,166.7,30,id,0.8108,0.8046126578192503,0.40002307870934506,0.8954945476228046,0.12853958510628363,0.012146044744931056,0.01579820905464269
acs_income_ca2pr,whyshift,lgbm,3,gbdt,cpu,166.7,30,ood,0.7016866938595524,0.7575633987953633,0.5760989149841643,0.8377754088075953,0.19694857789626558,0.2811722945282386,0.28094455513680405
acs_income_ca2pr,whyshift,lgbm,4,gbdt,cpu,219.5,0,id,0.8125,0.8072268752685106,0.40289428585419435,0.8942970633962339,0.1294995663342957,0.012751371432961137,0.014514914282699637
acs_income_ca2pr,whyshift,lgbm,4,gbdt,cpu,219.5,0,ood,0.6961746224231066,0.76180985476213,0.6045422671544204,0.8343330951544049,0.20660442278291236,0.28665541788468796,0.2864614161769414
acs_income_ca2pr,whyshift,lgbm,4,gbdt,cpu,219.5,5,id,0.8062,0.8011064156697729,0.43557922132718757,0.8882239001286781,0.13668815058647313,0.053733228166650215,0.054504957096053096
acs_income_ca2pr,whyshift,lgbm,4,gbdt,cpu,219.5,5,ood,0.6861426524087753,0.7529921708612053,0.7084772711006753,0.8243770108365003,0.22621762057615355,0.28856523677467216,0.2947349518298038
acs_income_ca2pr,whyshift,lgbm,4,gbdt,cpu,219.5,10,id,0.8125,0.8062139851466772,0.3990477144526234,0.8958917376845792,0.12856461856189463,0.00952403423989392,0.012208143257318596
acs_income_ca2pr,whyshift,lgbm,4,gbdt,cpu,219.5,10,ood,0.6894498952706427,0.7589647831046278,0.612990242342066,0.8335197230868707,0.20929864784087288,0.29704556825606304,0.29685660710718753
acs_income_ca2pr,whyshift,lgbm,4,gbdt,cpu,219.5,20,id,0.8125,0.8062139851466772,0.3990477144526234,0.8958917376845792,0.12856461856189463,0.00952403423989392,0.012208143257318596
acs_income_ca2pr,whyshift,lgbm,4,gbdt,cpu,219.5,20,ood,0.6894498952706427,0.7589647831046278,0.612990242342066,0.8335197230868707,0.20929864784087288,0.29704556825606304,0.29685660710718753
acs_income_ca2pr,whyshift,lgbm,4,gbdt,cpu,219.5,30,id,0.8125,0.8062139851466772,0.3990477144526234,0.8958917376845792,0.12856461856189463,0.00952403423989392,0.012208143257318596
acs_income_ca2pr,whyshift,lgbm,4,gbdt,cpu,219.5,30,ood,0.6894498952706427,0.7589647831046278,0.612990242342066,0.8335197230868707,0.20929864784087288,0.29704556825606304,0.29685660710718753
acs_income_ca2pr,whyshift,xgb,0,gbdt,cpu,80.1,0,id,0.8115,0.8050365475391301,0.4223462013944878,0.8889179780169837,0.13470188745961376,0.04065866832826287,0.039833115496695604
acs_income_ca2pr,whyshift,xgb,0,gbdt,cpu,80.1,0,ood,0.6796384081137692,0.7388181530800843,0.6444657699898396,0.8220624577450327,0.2166995354583858,0.27977870811130545,0.2820007501519365
acs_income_ca2pr,whyshift,xgb,0,gbdt,cpu,80.1,5,id,0.8151,0.8091450504424115,0.39695001035192456,0.897031774354826,0.12831312376571422,0.016087194512598216,0.017582178579817927
acs_income_ca2pr,whyshift,xgb,0,gbdt,cpu,80.1,5,ood,0.686473376694962,0.7513447879707591,0.6177861256263953,0.8297886591449299,0.21143174989960337,0.28774376647414857,0.2875294287654333
acs_income_ca2pr,whyshift,xgb,0,gbdt,cpu,80.1,10,id,0.8166,0.8113659691404309,0.394687120358726,0.897605213202398,0.12756816649608946,0.011365994016826149,0.015471385924503103
acs_income_ca2pr,whyshift,xgb,0,gbdt,cpu,80.1,10,ood,0.6829456509756366,0.7530363967655865,0.5849365565983474,0.8381647249571778,0.203358083257249,0.28807025462415276,0.2878244335420352
acs_income_ca2pr,whyshift,xgb,0,gbdt,cpu,80.1,20,id,0.8166,0.8113659691404309,0.394687120358726,0.897605213202398,0.12756816649608946,0.011365994016826149,0.015471385924503103
acs_income_ca2pr,whyshift,xgb,0,gbdt,cpu,80.1,20,ood,0.6829456509756366,0.7530363967655865,0.5849365565983474,0.8381647249571778,0.203358083257249,0.28807025462415276,0.2878244335420352
acs_income_ca2pr,whyshift,xgb,0,gbdt,cpu,80.1,30,id,0.8166,0.8113659691404309,0.394687120358726,0.897605213202398,0.12756816649608946,0.011365994016826149,0.015471385924503103
acs_income_ca2pr,whyshift,xgb,0,gbdt,cpu,80.1,30,ood,0.6829456509756366,0.7530363967655865,0.5849365565983474,0.8381647249571778,0.203358083257249,0.28807025462415276,0.2878244335420352
acs_income_ca2pr,whyshift,xgb,1,gbdt,cpu,80.1,0,id,0.8166,0.8104347808757795,0.41109583960422835,0.8926534032293528,0.13109265418873853,0.031846820410154755,0.03115799076140041
acs_income_ca2pr,whyshift,xgb,1,gbdt,cpu,80.1,0,ood,0.7195458053136369,0.7492286745893849,0.5720398170532864,0.8257416684164741,0.18958879744443727,0.25473711800260185,0.25905986640232903
acs_income_ca2pr,whyshift,xgb,1,gbdt,cpu,80.1,5,id,0.8238,0.8175507629640111,0.3860869494625717,0.9026357731176002,0.1239054983473174,0.01174616071097553,0.013468424577295404
acs_income_ca2pr,whyshift,xgb,1,gbdt,cpu,80.1,5,ood,0.7144746995921067,0.7583026764491803,0.5448925231848648,0.8426028906051103,0.18642221909318632,0.2692525073686326,0.2689873141810901
acs_income_ca2pr,whyshift,xgb,1,gbdt,cpu,80.1,10,id,0.8232,0.8178011982364575,0.38608324013357226,0.9027094464251196,0.12379278368359371,0.011934282621741298,0.014268879070730866
acs_income_ca2pr,whyshift,xgb,1,gbdt,cpu,80.1,10,ood,0.7143644581633778,0.7605314697434564,0.5429460253433088,0.8437543665068638,0.18581278368603812,0.2694781530090355,0.2692316643847775
acs_income_ca2pr,whyshift,xgb,1,gbdt,cpu,80.1,20,id,0.8232,0.8178011982364575,0.38608324013357226,0.9027094464251196,0.12379278368359371,0.011934282621741298,0.014268879070730866
acs_income_ca2pr,whyshift,xgb,1,gbdt,cpu,80.1,20,ood,0.7143644581633778,0.7605314697434564,0.5429460253433088,0.8437543665068638,0.18581278368603812,0.2694781530090355,0.2692316643847775
acs_income_ca2pr,whyshift,xgb,1,gbdt,cpu,80.1,30,id,0.8232,0.8178011982364575,0.38608324013357226,0.9027094464251196,0.12379278368359371,0.011934282621741298,0.014268879070730866
acs_income_ca2pr,whyshift,xgb,1,gbdt,cpu,80.1,30,ood,0.7143644581633778,0.7605314697434564,0.5429460253433088,0.8437543665068638,0.18581278368603812,0.2694781530090355,0.2692316643847775
acs_income_ca2pr,whyshift,xgb,2,gbdt,cpu,68.9,0,id,0.8087,0.8033815642784148,0.4125572673821933,0.8929831059425808,0.13174959006519715,0.03451232389248908,0.034622430792302414
acs_income_ca2pr,whyshift,xgb,2,gbdt,cpu,68.9,0,ood,0.6214309337449013,0.7218368158989691,0.786647970566907,0.8181821794474403,0.2608317759187316,0.33784878864455625,0.3394267208918761
acs_income_ca2pr,whyshift,xgb,2,gbdt,cpu,68.9,5,id,0.8137,0.8079543446125165,0.397850574247676,0.8968327816997524,0.12844704373438054,0.016290335281565777,0.016940445773046185
acs_income_ca2pr,whyshift,xgb,2,gbdt,cpu,68.9,5,ood,0.6753389923933414,0.75015613667112,0.5904071934225991,0.8434726667246091,0.20563177263411764,0.29862031756886187,0.2983961591643027
acs_income_ca2pr,whyshift,xgb,2,gbdt,cpu,68.9,10,id,0.8164,0.8103174906285118,0.39811772058129463,0.8987067280118259,0.12762680643392818,0.025157724030688416,0.025141191080250352
acs_income_ca2pr,whyshift,xgb,2,gbdt,cpu,68.9,10,ood,0.6800793738286848,0.7509751491438506,0.5723613329834855,0.8401391231579912,0.19934867948481497,0.29530141558307177,0.29507624302391167
acs_income_ca2pr,whyshift,xgb,2,gbdt,cpu,68.9,20,id,0.8183,0.8125963168104485,0.392921766824037,0.8992542696009307,0.1267048044529553,0.012122784269601101,0.015149457444216273
acs_income_ca2pr,whyshift,xgb,2,gbdt,cpu,68.9,20,ood,0.6768823723955463,0.7496451031412186,0.6021990547273068,0.83407741815067,0.20908159354796912,0.29407626025772143,0.2938545265841419
acs_income_ca2pr,whyshift,xgb,2,gbdt,cpu,68.9,30,id,0.8182,0.812437307790045,0.38948739344258254,0.9009980781691155,0.1255176032256218,0.012090609978139396,0.013594487178927295
acs_income_ca2pr,whyshift,xgb,2,gbdt,cpu,68.9,30,ood,0.6606768823723955,0.7456200971739262,0.6322190260574035,0.835399067641021,0.21980643486640083,0.31054906439799584,0.3103677523718276
acs_income_ca2pr,whyshift,xgb,3,gbdt,cpu,76.6,0,id,0.8055,0.7997175899279221,0.4269577322919673,0.8866337437368432,0.1360938500839733,0.03989686970412731,0.04047539805762218
acs_income_ca2pr,whyshift,xgb,3,gbdt,cpu,76.6,0,ood,0.7203174953147393,0.759738287762705,0.5815785739265613,0.8312730471443014,0.19315254874826812,0.2546050832763424,0.2576575982990132
acs_income_ca2pr,whyshift,xgb,3,gbdt,cpu,76.6,5,id,0.8095,0.8029428622569479,0.4041635177381092,0.8949853300540138,0.12938044912412552,0.025120514355972415,0.025291268592189404
acs_income_ca2pr,whyshift,xgb,3,gbdt,cpu,76.6,5,ood,0.7084114210120163,0.7631570142668922,0.539465975884577,0.8434273511964966,0.1856353675570088,0.2759619309907678,0.2757100171047758
acs_income_ca2pr,whyshift,xgb,3,gbdt,cpu,76.6,10,id,0.8137,0.8074047732920819,0.3986295763926871,0.8961369853019815,0.12825273581085636,0.013253649332374336,0.013190865540586325
acs_income_ca2pr,whyshift,xgb,3,gbdt,cpu,76.6,10,ood,0.7030095910042994,0.7619680424896851,0.5555607306728406,0.8466172567171457,0.1916817599636537,0.2792599822415392,0.27900232610243936
acs_income_ca2pr,whyshift,xgb,3,gbdt,cpu,76.6,20,id,0.8137,0.8074047732920819,0.3986295763926871,0.8961369853019815,0.12825273581085636,0.013253649332374336,0.013190865540586325
acs_income_ca2pr,whyshift,xgb,3,gbdt,cpu,76.6,20,ood,0.7030095910042994,0.7619680424896851,0.5555607306728406,0.8466172567171457,0.1916817599636537,0.2792599822415392,0.27900232610243936
acs_income_ca2pr,whyshift,xgb,3,gbdt,cpu,76.6,30,id,0.8137,0.8074047732920819,0.3986295763926871,0.8961369853019815,0.12825273581085636,0.013253649332374336,0.013190865540586325
acs_income_ca2pr,whyshift,xgb,3,gbdt,cpu,76.6,30,ood,0.7030095910042994,0.7619680424896851,0.5555607306728406,0.8466172567171457,0.1916817599636537,0.2792599822415392,0.27900232610243936
acs_income_ca2pr,whyshift,xgb,4,gbdt,cpu,81.7,0,id,0.8053,0.8002695787474814,0.4299197611606633,0.8862856604927479,0.13599201384524687,0.040720023643970496,0.041273653018068054
acs_income_ca2pr,whyshift,xgb,4,gbdt,cpu,81.7,0,ood,0.697056553852938,0.7531413211213434,0.6364076415720219,0.8243669478408657,0.21087894012300468,0.278166644739669,0.2798322552940984
acs_income_ca2pr,whyshift,xgb,4,gbdt,cpu,81.7,5,id,0.8115,0.8060427918674795,0.40159364134498465,0.8959192634461898,0.1286544115003318,0.020261466270312656,0.021162806382818127
acs_income_ca2pr,whyshift,xgb,4,gbdt,cpu,81.7,5,ood,0.6875757909822511,0.7606651088893042,0.6306080386140787,0.8336159304527785,0.2130328600195285,0.2904377813966294,0.29145617211899705
acs_income_ca2pr,whyshift,xgb,4,gbdt,cpu,81.7,10,id,0.8129,0.8066651098377156,0.40344953641361453,0.8940736518239736,0.12964987905822967,0.013315451791882527,0.014846786088294477
acs_income_ca2pr,whyshift,xgb,4,gbdt,cpu,81.7,10,ood,0.6927571381325102,0.7571498545416414,0.5668481947264181,0.8401548265588222,0.1969852839943746,0.28745010691347783,0.28720625179780307
acs_income_ca2pr,whyshift,xgb,4,gbdt,cpu,81.7,20,id,0.8168,0.8122546593297173,0.399232137018577,0.8965170336485582,0.12807069693230094,0.014606313550099734,0.014765346349364175
acs_income_ca2pr,whyshift,xgb,4,gbdt,cpu,81.7,20,ood,0.6839378238341969,0.7604626952573679,0.6163041569291953,0.8375737643218221,0.2109446964365959,0.2937252143809225,0.2939642246208239
acs_income_ca2pr,whyshift,xgb,4,gbdt,cpu,81.7,30,id,0.8152,0.8083868658729403,0.39733994176102116,0.8971925212154135,0.12765339052232144,0.014001192167960108,0.013235345284633134
acs_income_ca2pr,whyshift,xgb,4,gbdt,cpu,81.7,30,ood,0.6972770367103958,0.7564712753391999,0.5749639508027037,0.8363427458876959,0.1972881150506196,0.2858920463637748,0.2856681392898145
acs_income_ca2sd,whyshift,catb,0,gbdt,cpu,174.2,0,id,0.8129,0.8063139334116718,0.3999022084183731,0.8947945806900973,0.12905484760965263,0.019074028066297804,0.017607838101311755
acs_income_ca2sd,whyshift,catb,0,gbdt,cpu,174.2,0,ood,0.7223923249642784,0.7403158877272012,0.5297254266744481,0.8278322266018014,0.18065344682862122,0.16361891571965398,0.16422292401665123
acs_income_ca2sd,whyshift,catb,0,gbdt,cpu,174.2,5,id,0.8116,0.8046199054510135,0.39932695641214067,0.8947803229799496,0.12919271908582006,0.015783460167636935,0.016049888345095235
acs_income_ca2sd,whyshift,catb,0,gbdt,cpu,174.2,5,ood,0.7189222290263318,0.7367483906314203,0.5324312715039177,0.8285394694790668,0.18186713442500607,0.16833464254371278,0.16870333853863934
acs_income_ca2sd,whyshift,catb,0,gbdt,cpu,174.2,10,id,0.8116,0.8046199054510135,0.39932695641214067,0.8947803229799496,0.12919271908582006,0.015783460167636935,0.016049888345095235
acs_income_ca2sd,whyshift,catb,0,gbdt,cpu,174.2,10,ood,0.7189222290263318,0.7367483906314203,0.5324312715039177,0.8285394694790668,0.18186713442500607,0.16833464254371278,0.16870333853863934
acs_income_ca2sd,whyshift,catb,0,gbdt,cpu,174.2,20,id,0.8116,0.8046199054510135,0.39932695641214067,0.8947803229799496,0.12919271908582006,0.015783460167636935,0.016049888345095235
acs_income_ca2sd,whyshift,catb,0,gbdt,cpu,174.2,20,ood,0.7189222290263318,0.7367483906314203,0.5324312715039177,0.8285394694790668,0.18186713442500607,0.16833464254371278,0.16870333853863934
acs_income_ca2sd,whyshift,catb,0,gbdt,cpu,174.2,30,id,0.8116,0.8046199054510135,0.39932695641214067,0.8947803229799496,0.12919271908582006,0.015783460167636935,0.016049888345095235
acs_income_ca2sd,whyshift,catb,0,gbdt,cpu,174.2,30,ood,0.7189222290263318,0.7367483906314203,0.5324312715039177,0.8285394694790668,0.18186713442500607,0.16833464254371278,0.16870333853863934
acs_income_ca2sd,whyshift,catb,1,gbdt,cpu,175.9,0,id,0.8113,0.8062105455511994,0.39929195732185846,0.8952281505415642,0.12907455892747885,0.019462648540925106,0.018059375827576454
acs_income_ca2sd,whyshift,catb,1,gbdt,cpu,175.9,0,ood,0.70789957134109,0.7475323649221061,0.5511722855295866,0.8303168769372029,0.18967138264269018,0.18258076425604325,0.1837826308651728
acs_income_ca2sd,whyshift,catb,1,gbdt,cpu,175.9,5,id,0.8139,0.8083518838461028,0.40068311361984804,0.8943909271380158,0.12940150609981205,0.016307250233909037,0.0164394203879907
acs_income_ca2sd,whyshift,catb,1,gbdt,cpu,175.9,5,ood,0.7068789548887529,0.7444521805739448,0.5455950891943867,0.8314827919733642,0.18792499985698358,0.18218860290009412,0.18434442065632306
acs_income_ca2sd,whyshift,catb,1,gbdt,cpu,175.9,10,id,0.8139,0.8083518838461028,0.40068311361984804,0.8943909271380158,0.12940150609981205,0.016307250233909037,0.0164394203879907
acs_income_ca2sd,whyshift,catb,1,gbdt,cpu,175.9,10,ood,0.7068789548887529,0.7444521805739448,0.5455950891943867,0.8314827919733642,0.18792499985698358,0.18218860290009412,0.18434442065632306
acs_income_ca2sd,whyshift,catb,1,gbdt,cpu,175.9,20,id,0.8139,0.8083518838461028,0.40068311361984804,0.8943909271380158,0.12940150609981205,0.016307250233909037,0.0164394203879907
acs_income_ca2sd,whyshift,catb,1,gbdt,cpu,175.9,20,ood,0.7068789548887529,0.7444521805739448,0.5455950891943867,0.8314827919733642,0.18792499985698358,0.18218860290009412,0.18434442065632306
acs_income_ca2sd,whyshift,catb,1,gbdt,cpu,175.9,30,id,0.8139,0.8083518838461028,0.40068311361984804,0.8943909271380158,0.12940150609981205,0.016307250233909037,0.0164394203879907
acs_income_ca2sd,whyshift,catb,1,gbdt,cpu,175.9,30,ood,0.7068789548887529,0.7444521805739448,0.5455950891943867,0.8314827919733642,0.18792499985698358,0.18218860290009412,0.18434442065632306
acs_income_ca2sd,whyshift,catb,2,gbdt,cpu,159.4,0,id,0.8191,0.8132683207341571,0.3999167368128815,0.8960925457166369,0.128012499911041,0.014454900677623405,0.014299273809056358
acs_income_ca2sd,whyshift,catb,2,gbdt,cpu,159.4,0,ood,0.7076954480506226,0.7497736230957708,0.561079665080597,0.8324039409450084,0.1929356664885395,0.19314317413002602,0.19303967498868138
acs_income_ca2sd,whyshift,catb,2,gbdt,cpu,159.4,5,id,0.8177,0.8119680852489884,0.40122759039758843,0.8950962718292333,0.12876796512455654,0.013765966721866207,0.013461411104777606
acs_income_ca2sd,whyshift,catb,2,gbdt,cpu,159.4,5,ood,0.7040212288222086,0.7458281970506324,0.5523182641144332,0.8319790879314688,0.19028169976969087,0.18827890527585137,0.18804708727011823
acs_income_ca2sd,whyshift,catb,2,gbdt,cpu,159.4,10,id,0.8194,0.8133805301821142,0.40256960048093987,0.8944596414931854,0.12922099917016236,0.013693689665708731,0.014247378560260805
acs_income_ca2sd,whyshift,catb,2,gbdt,cpu,159.4,10,ood,0.7140232700551132,0.7476791611499185,0.541203564685808,0.8303248032993957,0.18556528195513305,0.17933178112764864,0.17912317692373664
acs_income_ca2sd,whyshift,catb,2,gbdt,cpu,159.4,20,id,0.8168,0.8107353899112302,0.40286997454784007,0.8942982875654484,0.12945163372363389,0.01382143885868471,0.016537141135526682
acs_income_ca2sd,whyshift,catb,2,gbdt,cpu,159.4,20,ood,0.713410900183711,0.7472596980626702,0.5392258554241458,0.8300218048939686,0.1850060766966752,0.1783529873955803,0.17813134589872295
acs_income_ca2sd,whyshift,catb,2,gbdt,cpu,159.4,30,id,0.8168,0.8107353899112302,0.40286997454784007,0.8942982875654484,0.12945163372363389,0.01382143885868471,0.016537141135526682
acs_income_ca2sd,whyshift,catb,2,gbdt,cpu,159.4,30,ood,0.713410900183711,0.7472596980626702,0.5392258554241458,0.8300218048939686,0.1850060766966752,0.1783529873955803,0.17813134589872295
acs_income_ca2sd,whyshift,catb,3,gbdt,cpu,167.0,0,id,0.8268,0.8197455826481206,0.3818531710812762,0.9062010033332544,0.12159196999439387,0.012766918503386291,0.014516576573699428
acs_income_ca2sd,whyshift,catb,3,gbdt,cpu,167.0,0,ood,0.7140232700551132,0.7462505136282701,0.5488173190847057,0.8325857188512988,0.18719625083113509,0.17842483622914063,0.18025347591725055
acs_income_ca2sd,whyshift,catb,3,gbdt,cpu,167.0,5,id,0.819,0.8113469533370721,0.39266081720239543,0.901083690256155,0.12567539443889353,0.022749038899293826,0.022247080268681958
acs_income_ca2sd,whyshift,catb,3,gbdt,cpu,167.0,5,ood,0.7246376811594203,0.7485209408148046,0.5290637314975922,0.8288219650276217,0.18078048965439447,0.16894558097999857,0.1686802318995173
acs_income_ca2sd,whyshift,catb,3,gbdt,cpu,167.0,10,id,0.819,0.8113469533370721,0.39266081720239543,0.901083690256155,0.12567539443889353,0.022749038899293826,0.022247080268681958
acs_income_ca2sd,whyshift,catb,3,gbdt,cpu,167.0,10,ood,0.7246376811594203,0.7485209408148046,0.5290637314975922,0.8288219650276217,0.18078048965439447,0.16894558097999857,0.1686802318995173
acs_income_ca2sd,whyshift,catb,3,gbdt,cpu,167.0,20,id,0.819,0.8113469533370721,0.39266081720239543,0.901083690256155,0.12567539443889353,0.022749038899293826,0.022247080268681958
acs_income_ca2sd,whyshift,catb,3,gbdt,cpu,167.0,20,ood,0.7246376811594203,0.7485209408148046,0.5290637314975922,0.8288219650276217,0.18078048965439447,0.16894558097999857,0.1686802318995173
acs_income_ca2sd,whyshift,catb,3,gbdt,cpu,167.0,30,id,0.819,0.8113469533370721,0.39266081720239543,0.901083690256155,0.12567539443889353,0.022749038899293826,0.022247080268681958
acs_income_ca2sd,whyshift,catb,3,gbdt,cpu,167.0,30,ood,0.7246376811594203,0.7485209408148046,0.5290637314975922,0.8288219650276217,0.18078048965439447,0.16894558097999857,0.1686802318995173
acs_income_ca2sd,whyshift,catb,4,gbdt,cpu,176.1,0,id,0.8139,0.8075540369133597,0.40312346182070913,0.8938596671067277,0.12933312782283093,0.010648608297351841,0.013794510387780906
acs_income_ca2sd,whyshift,catb,4,gbdt,cpu,176.1,0,ood,0.711573790569504,0.7429059058373535,0.5365269751325689,0.8321037960299706,0.1838763746283891,0.1737804298773016,0.1752821075331909
acs_income_ca2sd,whyshift,catb,4,gbdt,cpu,176.1,5,id,0.8129,0.8065952214542724,0.4119062152590079,0.8913750718335015,0.1310914733309567,0.021531143524905528,0.02213187069060704
acs_income_ca2sd,whyshift,catb,4,gbdt,cpu,176.1,5,ood,0.7064707083078179,0.7406009197116579,0.567890469263899,0.8231334790938498,0.19321317683521538,0.17843050214256215,0.18003859551097595
acs_income_ca2sd,whyshift,catb,4,gbdt,cpu,176.1,10,id,0.8124,0.8057135461158137,0.40890211796546744,0.8915022650203204,0.13076188069410444,0.0162226409482431,0.016638709026992268
acs_income_ca2sd,whyshift,catb,4,gbdt,cpu,176.1,10,ood,0.7105531741171668,0.7455403115757862,0.5434623015518318,0.8316296938860057,0.18620527638782597,0.17603353820161965,0.17830000736924853
acs_income_ca2sd,whyshift,catb,4,gbdt,cpu,176.1,20,id,0.8158,0.8096937692526727,0.40427904704158246,0.8929341099117291,0.1300259081324631,0.01588464340768764,0.017422748435943762
acs_income_ca2sd,whyshift,catb,4,gbdt,cpu,176.1,20,ood,0.7166768728311901,0.7485444028468957,0.5272829110068021,0.833611284434231,0.18087445040855674,0.17203261499515762,0.17359952231792597
acs_income_ca2sd,whyshift,catb,4,gbdt,cpu,176.1,30,id,0.8158,0.8097320804535217,0.4020858663261325,0.894176117625741,0.12915885196825325,0.01228853781991978,0.013354178823011252
acs_income_ca2sd,whyshift,catb,4,gbdt,cpu,176.1,30,ood,0.718513982445397,0.7478979287464427,0.5331983253651139,0.8297451220110217,0.18285716031584945,0.1700987698493736,0.1718634684494876
acs_income_ca2sd,whyshift,lgbm,0,gbdt,cpu,244.6,0,id,0.8115,0.8050608760577257,0.40154197213835185,0.8940321049547038,0.12960379501356997,0.01651382939549559,0.01733209217833373
acs_income_ca2sd,whyshift,lgbm,0,gbdt,cpu,244.6,0,ood,0.7111655439885691,0.7371497816128688,0.5363969436942333,0.8275453979752477,0.18397085055051995,0.16866478744109578,0.16834056239281894
acs_income_ca2sd,whyshift,lgbm,0,gbdt,cpu,244.6,5,id,0.8139,0.8071109518792307,0.3997515356193634,0.8950297289883647,0.12904886040187535,0.019765269856693787,0.018759138100961463
acs_income_ca2sd,whyshift,lgbm,0,gbdt,cpu,244.6,5,ood,0.7150438865074505,0.7357585465207709,0.5413569806079167,0.8238777116613486,0.18408365829044407,0.16853711649510347,0.16823845719792427
acs_income_ca2sd,whyshift,lgbm,0,gbdt,cpu,244.6,10,id,0.8134,0.8060061040457853,0.3995594098329457,0.8950247408681964,0.1286360311838886,0.01757166062671236,0.01651017571932675
acs_income_ca2sd,whyshift,lgbm,0,gbdt,cpu,244.6,10,ood,0.7164727495407226,0.7329275669999543,0.532150689744891,0.8234803367034113,0.18104420111262456,0.16241361130045753,0.16210155952312227
acs_income_ca2sd,whyshift,lgbm,0,gbdt,cpu,244.6,20,id,0.8134,0.8060061040457853,0.3995594098329457,0.8950247408681964,0.1286360311838886,0.01757166062671236,0.01651017571932675
acs_income_ca2sd,whyshift,lgbm,0,gbdt,cpu,244.6,20,ood,0.7164727495407226,0.7329275669999543,0.532150689744891,0.8234803367034113,0.18104420111262456,0.16241361130045753,0.16210155952312227
acs_income_ca2sd,whyshift,lgbm,0,gbdt,cpu,244.6,30,id,0.8134,0.8060061040457853,0.3995594098329457,0.8950247408681964,0.1286360311838886,0.01757166062671236,0.01651017571932675
acs_income_ca2sd,whyshift,lgbm,0,gbdt,cpu,244.6,30,ood,0.7164727495407226,0.7329275669999543,0.532150689744891,0.8234803367034113,0.18104420111262456,0.16241361130045753,0.16210155952312227
acs_income_ca2sd,whyshift,lgbm,1,gbdt,cpu,167.0,0,id,0.8128,0.80774802312446,0.4033028326871135,0.8936996228985317,0.1301326691540181,0.018661163730188442,0.019977308537256988
acs_income_ca2sd,whyshift,lgbm,1,gbdt,cpu,167.0,0,ood,0.7048377219840783,0.7444826178047654,0.5526676208192934,0.8253106922609957,0.19138000332328145,0.1791660802083615,0.17880818629000675
acs_income_ca2sd,whyshift,lgbm,1,gbdt,cpu,167.0,5,id,0.8137,0.8081840986112034,0.4047643782822206,0.8938577521762244,0.13051611277529374,0.026527272067287073,0.02583291234656088
acs_income_ca2sd,whyshift,lgbm,1,gbdt,cpu,167.0,5,ood,0.7066748315982854,0.741455064501565,0.5667320237973488,0.8225826497638578,0.1942636844068198,0.17795887977722952,0.1776380033983659
acs_income_ca2sd,whyshift,lgbm,1,gbdt,cpu,167.0,10,id,0.8145,0.809493155691408,0.3975216038563644,0.8965184563758388,0.12823124897343197,0.018528091502643833,0.017610587553981906
acs_income_ca2sd,whyshift,lgbm,1,gbdt,cpu,167.0,10,ood,0.7125944070218412,0.7486052773085372,0.5385174061748305,0.8333649330972758,0.1862149348362804,0.1774808196257526,0.17713042589698352
acs_income_ca2sd,whyshift,lgbm,1,gbdt,cpu,167.0,20,id,0.8145,0.809493155691408,0.3975216038563644,0.8965184563758388,0.12823124897343197,0.018528091502643833,0.017610587553981906
acs_income_ca2sd,whyshift,lgbm,1,gbdt,cpu,167.0,20,ood,0.7125944070218412,0.7486052773085372,0.5385174061748305,0.8333649330972758,0.1862149348362804,0.1774808196257526,0.17713042589698352
acs_income_ca2sd,whyshift,lgbm,1,gbdt,cpu,167.0,30,id,0.8145,0.809493155691408,0.3975216038563644,0.8965184563758388,0.12823124897343197,0.018528091502643833,0.017610587553981906
acs_income_ca2sd,whyshift,lgbm,1,gbdt,cpu,167.0,30,ood,0.7125944070218412,0.7486052773085372,0.5385174061748305,0.8333649330972758,0.1862149348362804,0.1774808196257526,0.17713042589698352
acs_income_ca2sd,whyshift,lgbm,2,gbdt,cpu,167.6,0,id,0.8144,0.8090491753729525,0.40512301897813274,0.8936611004098646,0.12957748589911852,0.013897505971457438,0.015078326089518732
acs_income_ca2sd,whyshift,lgbm,2,gbdt,cpu,167.6,0,ood,0.7044294754031435,0.7439648678263252,0.5636784904081055,0.8256093575884244,0.1941385787778596,0.1860066239384402,0.18569988115609667
acs_income_ca2sd,whyshift,lgbm,2,gbdt,cpu,167.6,5,id,0.8203,0.8147565962388943,0.3993908150664632,0.8964140574412559,0.12778819570705585,0.009944807677594257,0.01151333152920443
acs_income_ca2sd,whyshift,lgbm,2,gbdt,cpu,167.6,5,ood,0.7011635027556644,0.744346918484023,0.5591698822906563,0.8315654375098287,0.19279088164684505,0.1906762376578552,0.1903641676754598
acs_income_ca2sd,whyshift,lgbm,2,gbdt,cpu,167.6,10,id,0.8197,0.8135644249895824,0.3995555009922834,0.8967413848365829,0.1279732424194893,0.016262955998283733,0.01646242353400537
acs_income_ca2sd,whyshift,lgbm,2,gbdt,cpu,167.6,10,ood,0.7005511328842621,0.7451179949981483,0.5560718010834195,0.8321564270749313,0.19220010071783286,0.196607625946621,0.19631487824354757
acs_income_ca2sd,whyshift,lgbm,2,gbdt,cpu,167.6,20,id,0.8163,0.810381108325776,0.40134985309249566,0.8953277643955483,0.12871873602440445,0.011393291311698587,0.012912659281342878
acs_income_ca2sd,whyshift,lgbm,2,gbdt,cpu,167.6,20,ood,0.6976934068177179,0.7403032055476926,0.5715848229524156,0.8279427729331853,0.19632611804223812,0.19450231099663573,0.19421229212989305
acs_income_ca2sd,whyshift,lgbm,2,gbdt,cpu,167.6,30,id,0.8185,0.8123628909228888,0.39952914689937663,0.8962457742037389,0.12809455263948957,0.011988565036674972,0.014462902821035224
acs_income_ca2sd,whyshift,lgbm,2,gbdt,cpu,167.6,30,ood,0.6976934068177179,0.7398269897071431,0.5699508684210981,0.8255098024792816,0.19627481980312564,0.19441853330918257,0.19413013780813831
acs_income_ca2sd,whyshift,lgbm,3,gbdt,cpu,201.2,0,id,0.8252,0.8181684741541143,0.3839920616648487,0.9049475772691011,0.12240092009317263,0.01168286398559158,0.013544157809233534
acs_income_ca2sd,whyshift,lgbm,3,gbdt,cpu,201.2,0,ood,0.7172892427025923,0.7456303550502975,0.5560635450907937,0.8291300363048525,0.18926286022722033,0.1768424329511505,0.17655842402608607
acs_income_ca2sd,whyshift,lgbm,3,gbdt,cpu,201.2,5,id,0.8233,0.8150335102643698,0.3938188876016362,0.9020624922658494,0.12522650950184896,0.029644709656616627,0.028691378143473546
acs_income_ca2sd,whyshift,lgbm,3,gbdt,cpu,201.2,5,ood,0.7183098591549296,0.7446627047537882,0.5284079266550996,0.828494342056982,0.18062544424119517,0.16938025033081971,0.1690687980971443
acs_income_ca2sd,whyshift,lgbm,3,gbdt,cpu,201.2,10,id,0.827,0.8196774563004037,0.3826536880552828,0.9056803468980462,0.12202943058418052,0.012107757731941244,0.013308852554079683
acs_income_ca2sd,whyshift,lgbm,3,gbdt,cpu,201.2,10,ood,0.7109614206981016,0.7460580615542265,0.5578443994936001,0.832407745598861,0.19011467812153895,0.18328662356623124,0.1830594400670257
acs_income_ca2sd,whyshift,lgbm,3,gbdt,cpu,201.2,20,id,0.827,0.8196774563004037,0.3826536880552828,0.9056803468980462,0.12202943058418052,0.012107757731941244,0.013308852554079683
acs_income_ca2sd,whyshift,lgbm,3,gbdt,cpu,201.2,20,ood,0.7109614206981016,0.7460580615542265,0.5578443994936001,0.832407745598861,0.19011467812153895,0.18328662356623124,0.1830594400670257
acs_income_ca2sd,whyshift,lgbm,3,gbdt,cpu,201.2,30,id,0.827,0.8196774563004037,0.3826536880552828,0.9056803468980462,0.12202943058418052,0.012107757731941244,0.013308852554079683
acs_income_ca2sd,whyshift,lgbm,3,gbdt,cpu,201.2,30,ood,0.7109614206981016,0.7460580615542265,0.5578443994936001,0.832407745598861,0.19011467812153895,0.18328662356623124,0.1830594400670257
acs_income_ca2sd,whyshift,lgbm,4,gbdt,cpu,206.7,0,id,0.8119,0.8056364059951853,0.4082376438122495,0.8913006238513111,0.13135700739121597,0.01639175541438337,0.016642504182856635
acs_income_ca2sd,whyshift,lgbm,4,gbdt,cpu,206.7,0,ood,0.7076954480506226,0.7478687597335727,0.5466502900205358,0.8289260645844218,0.18755373703648862,0.17493057640601115,0.17471115942001425
acs_income_ca2sd,whyshift,lgbm,4,gbdt,cpu,206.7,5,id,0.8058,0.7977303202091585,0.44465857470463016,0.8860111723745179,0.13858307874157294,0.05790924596861934,0.05833290471907836
acs_income_ca2sd,whyshift,lgbm,4,gbdt,cpu,206.7,5,ood,0.7103490508266993,0.7475434618291761,0.6108152078781169,0.819961031889763,0.20178625494722152,0.18508887877430333,0.18489442502136252
acs_income_ca2sd,whyshift,lgbm,4,gbdt,cpu,206.7,10,id,0.8132,0.8066185188061401,0.4039655607691309,0.8930411741865342,0.1298428812425029,0.00883120973299682,0.011211620403740262
acs_income_ca2sd,whyshift,lgbm,4,gbdt,cpu,206.7,10,ood,0.7089201877934272,0.7479933621472452,0.5455287970956121,0.8325480950520898,0.1871582457175455,0.18455762850008556,0.1842431904059269
acs_income_ca2sd,whyshift,lgbm,4,gbdt,cpu,206.7,20,id,0.8132,0.8066185188061401,0.4039655607691309,0.8930411741865342,0.1298428812425029,0.00883120973299682,0.011211620403740262
acs_income_ca2sd,whyshift,lgbm,4,gbdt,cpu,206.7,20,ood,0.7089201877934272,0.7479933621472452,0.5455287970956121,0.8325480950520898,0.1871582457175455,0.18455762850008556,0.1842431904059269
acs_income_ca2sd,whyshift,lgbm,4,gbdt,cpu,206.7,30,id,0.8132,0.8066185188061401,0.4039655607691309,0.8930411741865342,0.1298428812425029,0.00883120973299682,0.011211620403740262
acs_income_ca2sd,whyshift,lgbm,4,gbdt,cpu,206.7,30,ood,0.7089201877934272,0.7479933621472452,0.5455287970956121,0.8325480950520898,0.1871582457175455,0.18455762850008556,0.1842431904059269
acs_income_ca2sd,whyshift,xgb,0,gbdt,cpu,77.0,0,id,0.8073,0.8017860504642298,0.4269069017355319,0.8857125440289936,0.13634184011343325,0.043976162846200165,0.04355499148366113
acs_income_ca2sd,whyshift,xgb,0,gbdt,cpu,77.0,0,ood,0.7142273933455807,0.720912787187955,0.5618373997225727,0.8067019188983076,0.18933235996324066,0.15689420958007202,0.1492834010068181
acs_income_ca2sd,whyshift,xgb,0,gbdt,cpu,77.0,5,id,0.8142,0.8068374574071693,0.3992384988197521,0.8952838737109396,0.12880971062367147,0.01742356509584934,0.01708456596323568
acs_income_ca2sd,whyshift,xgb,0,gbdt,cpu,77.0,5,ood,0.7179016125739947,0.7360492854860065,0.5354570623646452,0.8251638960331834,0.18259533976402298,0.1652079893846029,0.16489183069396007
acs_income_ca2sd,whyshift,xgb,0,gbdt,cpu,77.0,10,id,0.8133,0.8069717833265349,0.39642929084214396,0.896618071152957,0.12793598308059023,0.015463053433224567,0.01445352475875958
acs_income_ca2sd,whyshift,xgb,0,gbdt,cpu,77.0,10,ood,0.7138191467646459,0.7432533975558904,0.5263719689337362,0.8312447897379185,0.18053456640867258,0.1707010631185085,0.1703523117118462
acs_income_ca2sd,whyshift,xgb,0,gbdt,cpu,77.0,20,id,0.8133,0.8069717833265349,0.39642929084214396,0.896618071152957,0.12793598308059023,0.015463053433224567,0.01445352475875958
acs_income_ca2sd,whyshift,xgb,0,gbdt,cpu,77.0,20,ood,0.7138191467646459,0.7432533975558904,0.5263719689337362,0.8312447897379185,0.18053456640867258,0.1707010631185085,0.1703523117118462
acs_income_ca2sd,whyshift,xgb,0,gbdt,cpu,77.0,30,id,0.8133,0.8069717833265349,0.39642929084214396,0.896618071152957,0.12793598308059023,0.015463053433224567,0.01445352475875958
acs_income_ca2sd,whyshift,xgb,0,gbdt,cpu,77.0,30,ood,0.7138191467646459,0.7432533975558904,0.5263719689337362,0.8312447897379185,0.18053456640867258,0.1707010631185085,0.1703523117118462
acs_income_ca2sd,whyshift,xgb,1,gbdt,cpu,71.6,0,id,0.8098,0.804473719183999,0.4215520989093056,0.8890381420692404,0.13414581105599593,0.03980149076730013,0.03949879015586271
acs_income_ca2sd,whyshift,xgb,1,gbdt,cpu,71.6,0,ood,0.6958562972035109,0.7238059093883639,0.5911475513737082,0.8101632027407035,0.20080378301185714,0.17502303545369519,0.17367775072420039
acs_income_ca2sd,whyshift,xgb,1,gbdt,cpu,71.6,5,id,0.8134,0.8074539836533989,0.39740337189457864,0.8964841310053825,0.12833589002107018,0.02123474126607179,0.018836206158747437
acs_income_ca2sd,whyshift,xgb,1,gbdt,cpu,71.6,5,ood,0.7101449275362319,0.7502609358433903,0.5435429792186626,0.8313900006932924,0.1878625798365153,0.178758185225303,0.17839872802372322
acs_income_ca2sd,whyshift,xgb,1,gbdt,cpu,71.6,10,id,0.8151,0.8099167718785302,0.3951066558080614,0.8975551116353244,0.12751416305779953,0.015029752369038765,0.015714659304961746
acs_income_ca2sd,whyshift,xgb,1,gbdt,cpu,71.6,10,ood,0.7158603796693203,0.7517948454549606,0.5395813887378006,0.8336666632847521,0.18594446453399932,0.17827676000899745,0.17814210725535878
acs_income_ca2sd,whyshift,xgb,1,gbdt,cpu,71.6,20,id,0.8151,0.8099167718785302,0.3951066558080614,0.8975551116353244,0.12751416305779953,0.015029752369038765,0.015714659304961746
acs_income_ca2sd,whyshift,xgb,1,gbdt,cpu,71.6,20,ood,0.7158603796693203,0.7517948454549606,0.5395813887378006,0.8336666632847521,0.18594446453399932,0.17827676000899745,0.17814210725535878
acs_income_ca2sd,whyshift,xgb,1,gbdt,cpu,71.6,30,id,0.8151,0.8099167718785302,0.3951066558080614,0.8975551116353244,0.12751416305779953,0.015029752369038765,0.015714659304961746
acs_income_ca2sd,whyshift,xgb,1,gbdt,cpu,71.6,30,ood,0.7158603796693203,0.7517948454549606,0.5395813887378006,0.8336666632847521,0.18594446453399932,0.17827676000899745,0.17814210725535878
acs_income_ca2sd,whyshift,xgb,2,gbdt,cpu,53.0,0,id,0.8121,0.806014447033449,0.42720097497507015,0.8868796777738965,0.13483536465920606,0.03423242355268448,0.03368640463749745
acs_income_ca2sd,whyshift,xgb,2,gbdt,cpu,53.0,0,ood,0.6925903245560319,0.7315693055745789,0.610047025038468,0.8137927368312475,0.2057530909774184,0.19298294242482864,0.18917484040286225
acs_income_ca2sd,whyshift,xgb,2,gbdt,cpu,53.0,5,id,0.8169,0.8113940661763108,0.4053767970034635,0.893063880523191,0.130190828160105,0.013204004487395279,0.014291383119757568
acs_income_ca2sd,whyshift,xgb,2,gbdt,cpu,53.0,5,ood,0.7091243110838946,0.7455139960533057,0.5421981229588607,0.8294638946804175,0.18691849338989447,0.18243330638383476,0.1821102955622198
acs_income_ca2sd,whyshift,xgb,2,gbdt,cpu,53.0,10,id,0.8154,0.8093634690665505,0.40380094667136,0.8947707386301884,0.1293652996885372,0.020210018417239184,0.019323544414352748
acs_income_ca2sd,whyshift,xgb,2,gbdt,cpu,53.0,10,ood,0.6850377628087365,0.7363964601500556,0.5989051223742402,0.8275225700521321,0.2053926305017332,0.2076601356307471,0.20739867527405909
acs_income_ca2sd,whyshift,xgb,2,gbdt,cpu,53.0,20,id,0.8195,0.8131789821330635,0.4005261497987607,0.8957384497376946,0.1282082841164239,0.009291998824477198,0.013460340356602842
acs_income_ca2sd,whyshift,xgb,2,gbdt,cpu,53.0,20,ood,0.6958562972035109,0.7426164350900688,0.5665856591039142,0.8281156733138196,0.19545127702140855,0.19407997925878542,0.19378817575261478
acs_income_ca2sd,whyshift,xgb,2,gbdt,cpu,53.0,30,id,0.8204,0.8142683067517997,0.39837366865815355,0.8968262688813896,0.12766813410300804,0.011734777955338348,0.013210337498551836
acs_income_ca2sd,whyshift,xgb,2,gbdt,cpu,53.0,30,ood,0.7017758726270668,0.7466712449334694,0.561827524949098,0.8301646907830993,0.19408362167703594,0.1940924397693116,0.193787460437087
acs_income_ca2sd,whyshift,xgb,3,gbdt,cpu,73.8,0,id,0.8186,0.8115174337627598,0.40569699167925133,0.8978426286304432,0.12794793524022638,0.03015848203450441,0.029664495342640207
acs_income_ca2sd,whyshift,xgb,3,gbdt,cpu,73.8,0,ood,0.7105531741171668,0.741016261090566,0.5947642708355528,0.8221268310953513,0.1984631722066588,0.17927266833617458,0.18105757644502865
acs_income_ca2sd,whyshift,xgb,3,gbdt,cpu,73.8,5,id,0.8257,0.8179125889591874,0.3901819942788355,0.904397321252261,0.12376191213928237,0.029369095151871454,0.028961753859896144
acs_income_ca2sd,whyshift,xgb,3,gbdt,cpu,73.8,5,ood,0.7136150234741784,0.7440660082079066,0.5291799259685095,0.8294094669933597,0.1816012410390222,0.1726988669812594,0.172352294107224
acs_income_ca2sd,whyshift,xgb,3,gbdt,cpu,73.8,10,id,0.8278,0.8211505651524846,0.3825931362897257,0.9061492503468849,0.12204024632379301,0.0168004673300311,0.01702501281583952
acs_income_ca2sd,whyshift,xgb,3,gbdt,cpu,73.8,10,ood,0.7113696672790365,0.745385271931293,0.5391066818841128,0.8340517788024978,0.18534290987880403,0.1807218562293768,0.18039858870449152
acs_income_ca2sd,whyshift,xgb,3,gbdt,cpu,73.8,20,id,0.8278,0.8211505651524846,0.3825931362897257,0.9061492503468849,0.12204024632379301,0.0168004673300311,0.01702501281583952
acs_income_ca2sd,whyshift,xgb,3,gbdt,cpu,73.8,20,ood,0.7113696672790365,0.745385271931293,0.5391066818841128,0.8340517788024978,0.18534290987880403,0.1807218562293768,0.18039858870449152
acs_income_ca2sd,whyshift,xgb,3,gbdt,cpu,73.8,30,id,0.8278,0.8211505651524846,0.3825931362897257,0.9061492503468849,0.12204024632379301,0.0168004673300311,0.01702501281583952
acs_income_ca2sd,whyshift,xgb,3,gbdt,cpu,73.8,30,ood,0.7113696672790365,0.745385271931293,0.5391066818841128,0.8340517788024978,0.18534290987880403,0.1807218562293768,0.18039858870449152
acs_income_ca2sd,whyshift,xgb,4,gbdt,cpu,81.3,0,id,0.807,0.8008884056845539,0.43124269482146865,0.8855931868188761,0.13678415328942314,0.046093723234534256,0.04392011664823701
acs_income_ca2sd,whyshift,xgb,4,gbdt,cpu,81.3,0,ood,0.6983057766891202,0.7376272656713692,0.5957656969855358,0.8236084267164484,0.2005676087830336,0.18582859290275167,0.1886183006763096
acs_income_ca2sd,whyshift,xgb,4,gbdt,cpu,81.3,5,id,0.8137,0.8074618829437499,0.4060713890112956,0.8936401956977557,0.12984281107891082,0.020794115003570913,0.020196967040374735
acs_income_ca2sd,whyshift,xgb,4,gbdt,cpu,81.3,5,ood,0.7091243110838946,0.7495618306979764,0.5562717018231924,0.8307546234999095,0.1902099818967664,0.17989387061005102,0.18170180854379867
acs_income_ca2sd,whyshift,xgb,4,gbdt,cpu,81.3,10,id,0.8139,0.8063280784861899,0.4032849412444199,0.8938495198156919,0.12949391441449368,0.01292176277339459,0.015338236331011583
acs_income_ca2sd,whyshift,xgb,4,gbdt,cpu,81.3,10,ood,0.7072872014696877,0.7447318226321102,0.5538829694190279,0.8287323442924274,0.19011597935773442,0.1828691855842519,0.18254809815373244
acs_income_ca2sd,whyshift,xgb,4,gbdt,cpu,81.3,20,id,0.8139,0.8063280784861899,0.4032849412444199,0.8938495198156919,0.12949391441449368,0.01292176277339459,0.015338236331011583
acs_income_ca2sd,whyshift,xgb,4,gbdt,cpu,81.3,20,ood,0.7072872014696877,0.7447318226321102,0.5538829694190279,0.8287323442924274,0.19011597935773442,0.1828691855842519,0.18254809815373244
acs_income_ca2sd,whyshift,xgb,4,gbdt,cpu,81.3,30,id,0.8139,0.8065579456912841,0.40005290246129943,0.8953181020424011,0.12849127800938293,0.009496381750889129,0.012054861233160567
acs_income_ca2sd,whyshift,xgb,4,gbdt,cpu,81.3,30,ood,0.7058583384364155,0.7437530754285309,0.54342101071932,0.8317459471981683,0.18713384219898804,0.18491072073779585,0.18459352333952905
acs_mobility_ca2sd,whyshift,catb,0,gbdt,cpu,173.0,0,id,0.7813,0.5867479054507665,0.4767871886313318,0.7305598490693517,0.153859188964969,0.02489962273987999,0.022667402041032753
acs_mobility_ca2sd,whyshift,catb,0,gbdt,cpu,173.0,0,ood,0.7288343558282209,0.5891412234329485,0.5337823994822656,0.7096523742736927,0.1775156260887065,0.053534586003252047,0.04495094702430413
acs_mobility_ca2sd,whyshift,catb,0,gbdt,cpu,173.0,5,id,0.7819,0.5665457580099599,0.4697120699304697,0.7389084725285893,0.1518147150104784,0.012476733484401653,0.012326003538906987
acs_mobility_ca2sd,whyshift,catb,0,gbdt,cpu,173.0,5,ood,0.7515337423312883,0.6009393831974478,0.5265757091122915,0.7122069725505911,0.1740481430902907,0.04574254371914407,0.03804980769621007
acs_mobility_ca2sd,whyshift,catb,0,gbdt,cpu,173.0,10,id,0.7848,0.5648029842584945,0.4711093430604508,0.7352787793855989,0.15219786115809655,0.011290010329931174,0.012405056987148458
acs_mobility_ca2sd,whyshift,catb,0,gbdt,cpu,173.0,10,ood,0.7288343558282209,0.5597806821509487,0.5271225755727942,0.7123399041351355,0.1748170497401105,0.04006594487591552,0.03413366031403168
acs_mobility_ca2sd,whyshift,catb,0,gbdt,cpu,173.0,20,id,0.7848,0.5648029842584945,0.4711093430604508,0.7352787793855989,0.15219786115809655,0.011290010329931174,0.012405056987148458
acs_mobility_ca2sd,whyshift,catb,0,gbdt,cpu,173.0,20,ood,0.7288343558282209,0.5597806821509487,0.5271225755727942,0.7123399041351355,0.1748170497401105,0.04006594487591552,0.03413366031403168
acs_mobility_ca2sd,whyshift,catb,0,gbdt,cpu,173.0,30,id,0.7819,0.5624592935289058,0.46912842925107706,0.7396161746581372,0.15158709575174184,0.009512885973019667,0.012619439989042988
acs_mobility_ca2sd,whyshift,catb,0,gbdt,cpu,173.0,30,ood,0.7447852760736197,0.5875325586054899,0.5252066170055691,0.7152566928163002,0.1738802720835162,0.04878616154171465,0.03324628486957282
acs_mobility_ca2sd,whyshift,catb,1,gbdt,cpu,196.8,0,id,0.7837,0.5892763143531512,0.4754805319839732,0.7352100911019182,0.1532220723415409,0.016903125634989996,0.01643744606445573
acs_mobility_ca2sd,whyshift,catb,1,gbdt,cpu,196.8,0,ood,0.7503067484662577,0.6001032627961099,0.5226646013824703,0.7172718585762063,0.1727410476648373,0.02783252095842859,0.024172359942906108
acs_mobility_ca2sd,whyshift,catb,1,gbdt,cpu,196.8,5,id,0.7841,0.5735606425542858,0.47303200477427443,0.7375413872049557,0.15271679453531448,0.012256684470456913,0.012535290129658944
acs_mobility_ca2sd,whyshift,catb,1,gbdt,cpu,196.8,5,ood,0.7386503067484662,0.5738097806821509,0.5174497886820438,0.7258700275881201,0.1710113195876581,0.03505950239189643,0.03393197013474831
acs_mobility_ca2sd,whyshift,catb,1,gbdt,cpu,196.8,10,id,0.7841,0.5680833237100966,0.47233498036251587,0.7406238317075563,0.15247088661246802,0.015159047313409092,0.01639215494145837
acs_mobility_ca2sd,whyshift,catb,1,gbdt,cpu,196.8,10,ood,0.7331288343558282,0.5656431576838309,0.5197983211563008,0.7224407780158131,0.17188935407339137,0.044992622899099236,0.03589777619154583
acs_mobility_ca2sd,whyshift,catb,1,gbdt,cpu,196.8,20,id,0.7841,0.5680833237100966,0.47233498036251587,0.7406238317075563,0.15247088661246802,0.015159047313409092,0.01639215494145837
acs_mobility_ca2sd,whyshift,catb,1,gbdt,cpu,196.8,20,ood,0.7331288343558282,0.5656431576838309,0.5197983211563008,0.7224407780158131,0.17188935407339137,0.044992622899099236,0.03589777619154583
acs_mobility_ca2sd,whyshift,catb,1,gbdt,cpu,196.8,30,id,0.7837,0.5701056983984885,0.47260243585896333,0.740218978798096,0.15263711200832153,0.01420543714673233,0.01556629829867557
acs_mobility_ca2sd,whyshift,catb,1,gbdt,cpu,196.8,30,ood,0.7398773006134969,0.5797839958078387,0.5214748581598027,0.7187475918191206,0.1723001834334464,0.04529501404175497,0.035289451282082704
acs_mobility_ca2sd,whyshift,catb,2,gbdt,cpu,158.4,0,id,0.7859,0.5863558448024467,0.46846148521275227,0.7432345104733454,0.15110565861928257,0.009690468994826179,0.012578173719726521
acs_mobility_ca2sd,whyshift,catb,2,gbdt,cpu,158.4,0,ood,0.747239263803681,0.5972789482607155,0.5308850739061001,0.7099529152474454,0.17552301784693217,0.04378874403230638,0.034632642087191974
acs_mobility_ca2sd,whyshift,catb,2,gbdt,cpu,158.4,5,id,0.7842,0.5613770048721505,0.4656972949753852,0.7489035314200362,0.1502267344953939,0.013376669732224932,0.015415958225664193
acs_mobility_ca2sd,whyshift,catb,2,gbdt,cpu,158.4,5,ood,0.743558282208589,0.5778882758195522,0.5275571437285853,0.7110837969884254,0.174493223087659,0.04730507677221096,0.03436657118743698
acs_mobility_ca2sd,whyshift,catb,2,gbdt,cpu,158.4,10,id,0.7842,0.5613770048721505,0.4656972949753852,0.7489035314200362,0.1502267344953939,0.013376669732224932,0.015415958225664193
acs_mobility_ca2sd,whyshift,catb,2,gbdt,cpu,158.4,10,ood,0.743558282208589,0.5778882758195522,0.5275571437285853,0.7110837969884254,0.174493223087659,0.04730507677221096,0.03436657118743698
acs_mobility_ca2sd,whyshift,catb,2,gbdt,cpu,158.4,20,id,0.7826,0.5563099683488033,0.46597785811580217,0.7492989082115296,0.1503954740152224,0.014586020971529301,0.01710730443268974
acs_mobility_ca2sd,whyshift,catb,2,gbdt,cpu,158.4,20,ood,0.7361963190184049,0.5618613504307755,0.5278572670066684,0.7100877733766933,0.17464839286862505,0.04644795442928041,0.034100214468312594
acs_mobility_ca2sd,whyshift,catb,2,gbdt,cpu,158.4,30,id,0.7826,0.5563099683488033,0.46597785811580217,0.7492989082115296,0.1503954740152224,0.014586020971529301,0.01710730443268974
acs_mobility_ca2sd,whyshift,catb,2,gbdt,cpu,158.4,30,ood,0.7361963190184049,0.5618613504307755,0.5278572670066684,0.7100877733766933,0.17464839286862505,0.04644795442928041,0.034100214468312594
acs_mobility_ca2sd,whyshift,catb,3,gbdt,cpu,184.5,0,id,0.7766,0.5879344022089528,0.48646098644009816,0.7281651584883352,0.15781918940519848,0.026346903871710327,0.024845425804110904
acs_mobility_ca2sd,whyshift,catb,3,gbdt,cpu,184.5,0,ood,0.7386503067484662,0.5928941325154509,0.5308106572204105,0.7095849452090686,0.17611029876444062,0.041843339853928886,0.037640102828034004
acs_mobility_ca2sd,whyshift,catb,3,gbdt,cpu,184.5,5,id,0.776,0.5597731334294581,0.47773936394113864,0.7392718398082847,0.1551979862215177,0.00954369082121187,0.011634215315520082
acs_mobility_ca2sd,whyshift,catb,3,gbdt,cpu,184.5,5,ood,0.7361963190184049,0.5714035263474253,0.5286884258980838,0.7095868717537722,0.17505985744676944,0.042394619252677714,0.03714656584990446
acs_mobility_ca2sd,whyshift,catb,3,gbdt,cpu,184.5,10,id,0.776,0.5597731334294581,0.47773936394113864,0.7392718398082847,0.1551979862215177,0.00954369082121187,0.011634215315520082
acs_mobility_ca2sd,whyshift,catb,3,gbdt,cpu,184.5,10,ood,0.7361963190184049,0.5714035263474253,0.5286884258980838,0.7095868717537722,0.17505985744676944,0.042394619252677714,0.03714656584990446
acs_mobility_ca2sd,whyshift,catb,3,gbdt,cpu,184.5,20,id,0.7801,0.5761111103980288,0.47867691295110487,0.7360962580721923,0.15524345237716092,0.006029402414815524,0.009603707741077569
acs_mobility_ca2sd,whyshift,catb,3,gbdt,cpu,184.5,20,ood,0.7355828220858895,0.5775915879352065,0.5251368125308348,0.7148482653391489,0.1736979476156882,0.040689368977040286,0.03496555855436744
acs_mobility_ca2sd,whyshift,catb,3,gbdt,cpu,184.5,30,id,0.7785,0.5712058359695831,0.4776918105368558,0.7379300576776294,0.15497420790724453,0.006730138485623456,0.009697980128763458
acs_mobility_ca2sd,whyshift,catb,3,gbdt,cpu,184.5,30,ood,0.7325153374233129,0.5732992463357119,0.5236423459100453,0.7175935915416981,0.17296513976604405,0.04639560614613459,0.0368302354876562
acs_mobility_ca2sd,whyshift,catb,4,gbdt,cpu,184.8,0,id,0.7798,0.5909855036287921,0.4757458529185893,0.7378200174887397,0.15389715317710645,0.017400752243869964,0.016878256228823454
acs_mobility_ca2sd,whyshift,catb,4,gbdt,cpu,184.8,0,ood,0.7447852760736197,0.6051488833746899,0.5353349260622505,0.7008962285960884,0.1776245062048226,0.05030478212165738,0.0450298447284043
acs_mobility_ca2sd,whyshift,catb,4,gbdt,cpu,184.8,5,id,0.7736,0.5279982686249404,0.47729617241333144,0.7381462308582494,0.15469297566623025,0.02356059537092004,0.024720258379387065
acs_mobility_ca2sd,whyshift,catb,4,gbdt,cpu,184.8,5,ood,0.7349693251533742,0.5419408781961377,0.5340055715141983,0.7012275942850978,0.17718348581317614,0.040301217443378716,0.03537370791610078
acs_mobility_ca2sd,whyshift,catb,4,gbdt,cpu,184.8,10,id,0.7767,0.5330585836649798,0.47808574657311675,0.7414978347368864,0.15452820631097317,0.03453984309573393,0.03451580571427702
acs_mobility_ca2sd,whyshift,catb,4,gbdt,cpu,184.8,10,ood,0.7429447852760737,0.5473756608048332,0.5312349452183792,0.7103536365457824,0.1758656139309791,0.04631956555945624,0.04029503261850298
acs_mobility_ca2sd,whyshift,catb,4,gbdt,cpu,184.8,20,id,0.7821,0.5557620519865232,0.47181981002508167,0.7440341027599774,0.15265192720855186,0.019068837798817,0.018338138942146726
acs_mobility_ca2sd,whyshift,catb,4,gbdt,cpu,184.8,20,ood,0.7503067484662577,0.57588081623846,0.5276928044419981,0.7096388884607678,0.17451826969804565,0.05016676302896906,0.03332694524504375
acs_mobility_ca2sd,whyshift,catb,4,gbdt,cpu,184.8,30,id,0.7821,0.5557620519865232,0.47181981002508167,0.7440341027599774,0.15265192720855186,0.019068837798817,0.018338138942146726
acs_mobility_ca2sd,whyshift,catb,4,gbdt,cpu,184.8,30,ood,0.7503067484662577,0.57588081623846,0.5276928044419981,0.7096388884607678,0.17451826969804565,0.05016676302896906,0.03332694524504375
acs_mobility_ca2sd,whyshift,lgbm,0,gbdt,cpu,247.5,0,id,0.7802,0.5879238304091474,0.4762503338159643,0.7327422741801806,0.1539802744491289,0.023626404517471576,0.022316778309383105
acs_mobility_ca2sd,whyshift,lgbm,0,gbdt,cpu,247.5,0,ood,0.7349693251533742,0.6035980148883374,0.5373999460730879,0.7035461908358122,0.17772133975614615,0.056354764337185975,0.04838217047967084
acs_mobility_ca2sd,whyshift,lgbm,0,gbdt,cpu,247.5,5,id,0.782,0.5617379927540692,0.4734552802964034,0.7317721611396524,0.152982594108506,0.011075108179495504,0.012442582964326529
acs_mobility_ca2sd,whyshift,lgbm,0,gbdt,cpu,247.5,5,ood,0.7447852760736197,0.5823944638811399,0.530549027269326,0.7044661159317541,0.1759116736344138,0.03307227045435581,0.03292788842552
acs_mobility_ca2sd,whyshift,lgbm,0,gbdt,cpu,247.5,10,id,0.782,0.5617379927540692,0.4734552802964034,0.7317721611396524,0.152982594108506,0.011075108179495504,0.012442582964326529
acs_mobility_ca2sd,whyshift,lgbm,0,gbdt,cpu,247.5,10,ood,0.7447852760736197,0.5823944638811399,0.530549027269326,0.7044661159317541,0.1759116736344138,0.03307227045435581,0.03292788842552
acs_mobility_ca2sd,whyshift,lgbm,0,gbdt,cpu,247.5,20,id,0.782,0.5617379927540692,0.4734552802964034,0.7317721611396524,0.152982594108506,0.011075108179495504,0.012442582964326529
acs_mobility_ca2sd,whyshift,lgbm,0,gbdt,cpu,247.5,20,ood,0.7447852760736197,0.5823944638811399,0.530549027269326,0.7044661159317541,0.1759116736344138,0.03307227045435581,0.03292788842552
acs_mobility_ca2sd,whyshift,lgbm,0,gbdt,cpu,247.5,30,id,0.782,0.5617379927540692,0.4734552802964034,0.7317721611396524,0.152982594108506,0.011075108179495504,0.012442582964326529
acs_mobility_ca2sd,whyshift,lgbm,0,gbdt,cpu,247.5,30,ood,0.7447852760736197,0.5823944638811399,0.530549027269326,0.7044661159317541,0.1759116736344138,0.03307227045435581,0.03292788842552
acs_mobility_ca2sd,whyshift,lgbm,1,gbdt,cpu,180.7,0,id,0.7819,0.5896285050747789,0.47658643778096027,0.7333556317880136,0.15393837999442145,0.018744667527097365,0.017970710226899982
acs_mobility_ca2sd,whyshift,lgbm,1,gbdt,cpu,180.7,0,ood,0.7429447852760737,0.5958205539201331,0.52208180122945,0.7187707103555631,0.17270106956017744,0.03765845354267024,0.03160596766967959
acs_mobility_ca2sd,whyshift,lgbm,1,gbdt,cpu,180.7,5,id,0.7747,0.5135940654142788,0.4872754152446998,0.7363666565479295,0.15757179974896,0.05879476239324152,0.05000549249006297
acs_mobility_ca2sd,whyshift,lgbm,1,gbdt,cpu,180.7,5,ood,0.7404907975460123,0.5192789328483578,0.5303504234931785,0.7172159887798035,0.1760200118410641,0.051757821638009426,0.04624949319179105
acs_mobility_ca2sd,whyshift,lgbm,1,gbdt,cpu,180.7,10,id,0.7838,0.5844725468658213,0.47372478817029023,0.7369733012580084,0.15299826224429633,0.014762173237656358,0.015282514898214725
acs_mobility_ca2sd,whyshift,lgbm,1,gbdt,cpu,180.7,10,ood,0.7503067484662577,0.5979012221999599,0.5180902436463796,0.7242690689394757,0.17126608082171835,0.025667055459062327,0.023636115606663226
acs_mobility_ca2sd,whyshift,lgbm,1,gbdt,cpu,180.7,20,id,0.7838,0.5844725468658213,0.47372478817029023,0.7369733012580084,0.15299826224429633,0.014762173237656358,0.015282514898214725
acs_mobility_ca2sd,whyshift,lgbm,1,gbdt,cpu,180.7,20,ood,0.7503067484662577,0.5979012221999599,0.5180902436463796,0.7242690689394757,0.17126608082171835,0.025667055459062327,0.023636115606663226
acs_mobility_ca2sd,whyshift,lgbm,1,gbdt,cpu,180.7,30,id,0.7851,0.5634077563532967,0.4732784803106814,0.7404506416522308,0.1527906568318282,0.01796137278068417,0.01864716331666241
acs_mobility_ca2sd,whyshift,lgbm,1,gbdt,cpu,180.7,30,ood,0.7404907975460123,0.5669898124316077,0.5181237598533438,0.7249895966586009,0.17122603750030008,0.0368227346107779,0.030761547537835436
acs_mobility_ca2sd,whyshift,lgbm,2,gbdt,cpu,211.2,0,id,0.7853,0.5892236566022974,0.4704609457059607,0.7398096091610654,0.15198855479558718,0.012568329919739567,0.012887989663086923
acs_mobility_ca2sd,whyshift,lgbm,2,gbdt,cpu,211.2,0,ood,0.7441717791411043,0.598124701385571,0.5387189378490478,0.6987288658046021,0.17808781385501873,0.043472255795905114,0.03691410418405746
acs_mobility_ca2sd,whyshift,lgbm,2,gbdt,cpu,211.2,5,id,0.785,0.5721284540702016,0.46794172875649354,0.7441167893595078,0.15104443563428493,0.012154513952998098,0.013333651266251186
acs_mobility_ca2sd,whyshift,lgbm,2,gbdt,cpu,211.2,5,ood,0.7460122699386503,0.5780924895581276,0.5289906555009369,0.7061595487261686,0.1749564204104546,0.02907734012368146,0.027278970204105534
acs_mobility_ca2sd,whyshift,lgbm,2,gbdt,cpu,211.2,10,id,0.7835,0.5697620825776166,0.46706649921683263,0.7450341192787795,0.1508762328794522,0.00894552207750688,0.012776097040917688
acs_mobility_ca2sd,whyshift,lgbm,2,gbdt,cpu,211.2,10,ood,0.752760736196319,0.5951693818103355,0.5281692108165791,0.708334617696469,0.17465148028859387,0.031110785402547227,0.027637616254380326
acs_mobility_ca2sd,whyshift,lgbm,2,gbdt,cpu,211.2,20,id,0.7835,0.5697620825776166,0.46706649921683263,0.7450341192787795,0.1508762328794522,0.00894552207750688,0.012776097040917688
acs_mobility_ca2sd,whyshift,lgbm,2,gbdt,cpu,211.2,20,ood,0.752760736196319,0.5951693818103355,0.5281692108165791,0.708334617696469,0.17465148028859387,0.031110785402547227,0.027637616254380326
acs_mobility_ca2sd,whyshift,lgbm,2,gbdt,cpu,211.2,30,id,0.7835,0.5697620825776166,0.46706649921683263,0.7450341192787795,0.1508762328794522,0.00894552207750688,0.012776097040917688
acs_mobility_ca2sd,whyshift,lgbm,2,gbdt,cpu,211.2,30,ood,0.752760736196319,0.5951693818103355,0.5281692108165791,0.708334617696469,0.17465148028859387,0.031110785402547227,0.027637616254380326
acs_mobility_ca2sd,whyshift,lgbm,3,gbdt,cpu,193.9,0,id,0.7765,0.5886116412567856,0.48583634838052475,0.72937685580827,0.15794822439429423,0.02372638674402012,0.022287690707273676
acs_mobility_ca2sd,whyshift,lgbm,3,gbdt,cpu,193.9,0,ood,0.7361963190184049,0.5868178105204753,0.5324120673486185,0.7048311961530755,0.17651007695403859,0.04959701961061919,0.04195443373685778
acs_mobility_ca2sd,whyshift,lgbm,3,gbdt,cpu,193.9,5,id,0.7758,0.5632066246261875,0.4785005981974917,0.7378443389863955,0.15538896730656324,0.010452953342912382,0.012317407631136324
acs_mobility_ca2sd,whyshift,lgbm,3,gbdt,cpu,193.9,5,ood,0.7496932515337423,0.5776647966339411,0.5262818341942276,0.7093306413082009,0.17418448938779843,0.04003917966661802,0.030204350500121057
acs_mobility_ca2sd,whyshift,lgbm,3,gbdt,cpu,193.9,10,id,0.7758,0.5632066246261875,0.4785005981974917,0.7378443389863955,0.15538896730656324,0.010452953342912382,0.012317407631136324
acs_mobility_ca2sd,whyshift,lgbm,3,gbdt,cpu,193.9,10,ood,0.7496932515337423,0.5776647966339411,0.5262818341942276,0.7093306413082009,0.17418448938779843,0.04003917966661802,0.030204350500121057
acs_mobility_ca2sd,whyshift,lgbm,3,gbdt,cpu,193.9,20,id,0.7758,0.5632066246261875,0.4785005981974917,0.7378443389863955,0.15538896730656324,0.010452953342912382,0.012317407631136324
acs_mobility_ca2sd,whyshift,lgbm,3,gbdt,cpu,193.9,20,ood,0.7496932515337423,0.5776647966339411,0.5262818341942276,0.7093306413082009,0.17418448938779843,0.04003917966661802,0.030204350500121057
acs_mobility_ca2sd,whyshift,lgbm,3,gbdt,cpu,193.9,30,id,0.7758,0.5632066246261875,0.4785005981974917,0.7378443389863955,0.15538896730656324,0.010452953342912382,0.012317407631136324
acs_mobility_ca2sd,whyshift,lgbm,3,gbdt,cpu,193.9,30,ood,0.7496932515337423,0.5776647966339411,0.5262818341942276,0.7093306413082009,0.17418448938779843,0.04003917966661802,0.030204350500121057
acs_mobility_ca2sd,whyshift,lgbm,4,gbdt,cpu,214.8,0,id,0.7778,0.589077220332435,0.4794246238221536,0.7322946832865578,0.15538847299713981,0.020803319594047895,0.020841354061668003
acs_mobility_ca2sd,whyshift,lgbm,4,gbdt,cpu,214.8,0,ood,0.741717791411043,0.6074626635636453,0.5329668496682115,0.7040817702633972,0.1758554043756216,0.0525795471717505,0.04949640334749526
acs_mobility_ca2sd,whyshift,lgbm,4,gbdt,cpu,214.8,5,id,0.7699,0.5,0.49147283420442855,0.7394615272283734,0.1593975534189803,0.0692258765873714,0.0553778926767748
acs_mobility_ca2sd,whyshift,lgbm,4,gbdt,cpu,214.8,5,ood,0.7337423312883435,0.5,0.5411612467763783,0.698898401738514,0.18008410194499114,0.06121095346114721,0.0477754849923593
acs_mobility_ca2sd,whyshift,lgbm,4,gbdt,cpu,214.8,10,id,0.7813,0.5878461162517423,0.47968021856216736,0.7310715666071083,0.15507951449864246,0.01635988370952421,0.01862664263286409
acs_mobility_ca2sd,whyshift,lgbm,4,gbdt,cpu,214.8,10,ood,0.743558282208589,0.597706641184902,0.5372928464609324,0.6975324815437017,0.17793099033191695,0.04145991773024181,0.03967070692482063
acs_mobility_ca2sd,whyshift,lgbm,4,gbdt,cpu,214.8,20,id,0.7801,0.5512637621088862,0.4740081000484698,0.7413127133066548,0.1534791730808376,0.020570497363012745,0.021465936903332174
acs_mobility_ca2sd,whyshift,lgbm,4,gbdt,cpu,214.8,20,ood,0.7515337423312883,0.5774509501718478,0.5279959952255101,0.7083211318835442,0.1744336956525444,0.030292229301577343,0.027512173196321862
acs_mobility_ca2sd,whyshift,lgbm,4,gbdt,cpu,214.8,30,id,0.7782,0.5760822547660371,0.4716325640895138,0.742893372031869,0.15275204185113372,0.010956266830809152,0.012505925293231171
acs_mobility_ca2sd,whyshift,lgbm,4,gbdt,cpu,214.8,30,ood,0.7460122699386503,0.6015809225837276,0.5288587873880612,0.7061316138279672,0.17454096157606772,0.04419209210996242,0.043494027475724235
acs_mobility_ca2sd,whyshift,xgb,0,gbdt,cpu,63.6,0,id,0.7698,0.5959839621871774,0.5160800969558722,0.7060663127201728,0.1643880729171306,0.06718398957550525,0.06343803889860147
acs_mobility_ca2sd,whyshift,xgb,0,gbdt,cpu,63.6,0,ood,0.7159509202453987,0.5935742027958018,0.5991864548300592,0.6628700892375506,0.19828800219404094,0.1037787986336493,0.0928885137752376
acs_mobility_ca2sd,whyshift,xgb,0,gbdt,cpu,63.6,5,id,0.7826,0.5506518045402298,0.4710657560878305,0.7377671597010589,0.15207634366945116,0.022761971446871778,0.018920747282287945
acs_mobility_ca2sd,whyshift,xgb,0,gbdt,cpu,63.6,5,ood,0.7429447852760737,0.5642579720419832,0.5269958945400108,0.7097679669559053,0.17453426614557224,0.03253647226131767,0.027337133065055412
acs_mobility_ca2sd,whyshift,xgb,0,gbdt,cpu,63.6,10,id,0.783,0.5803011455785079,0.4714900133226829,0.7368315156477464,0.1524505663112328,0.015396831446886059,0.015526965249598764
acs_mobility_ca2sd,whyshift,xgb,0,gbdt,cpu,63.6,10,ood,0.7374233128834355,0.5949940662423131,0.5310554961426353,0.7080745341614907,0.17628934717771008,0.04283638776628519,0.03895298465980635
acs_mobility_ca2sd,whyshift,xgb,0,gbdt,cpu,63.6,20,id,0.7833,0.572007546532417,0.4697815652814753,0.7383348959846778,0.15182766433142184,0.01272168915569782,0.012252310914890692
acs_mobility_ca2sd,whyshift,xgb,0,gbdt,cpu,63.6,20,ood,0.7312883435582822,0.5776012206587241,0.5280597441835576,0.7104114328868887,0.17511717386976705,0.040600806319274804,0.0342479102721227
acs_mobility_ca2sd,whyshift,xgb,0,gbdt,cpu,63.6,30,id,0.7833,0.572007546532417,0.4697815652814753,0.7383348959846778,0.15182766433142184,0.01272168915569782,0.012252310914890692
acs_mobility_ca2sd,whyshift,xgb,0,gbdt,cpu,63.6,30,ood,0.7312883435582822,0.5776012206587241,0.5280597441835576,0.7104114328868887,0.17511717386976705,0.040600806319274804,0.0342479102721227
acs_mobility_ca2sd,whyshift,xgb,1,gbdt,cpu,64.7,0,id,0.7722,0.6017372260064218,0.5106327295662454,0.7094059011323979,0.1633050145283482,0.05856706623807548,0.05674640946717114
acs_mobility_ca2sd,whyshift,xgb,1,gbdt,cpu,64.7,0,ood,0.7368098159509202,0.6004481142980442,0.5536820644031101,0.70396906739824,0.1806427265151568,0.05892497433200935,0.0550437076945402
acs_mobility_ca2sd,whyshift,xgb,1,gbdt,cpu,64.7,5,id,0.7841,0.5939484404743242,0.472468080945018,0.7392407652608504,0.15256416258031522,0.011855664114654066,0.013541179678179987
acs_mobility_ca2sd,whyshift,xgb,1,gbdt,cpu,64.7,5,ood,0.7441717791411043,0.6003267419817209,0.5155157009984004,0.726355516853413,0.1702602623640487,0.02613043273153481,0.02323390453381655
acs_mobility_ca2sd,whyshift,xgb,1,gbdt,cpu,64.7,10,id,0.7866,0.5809662662441131,0.47130969759514446,0.7420961728326181,0.1522267864298722,0.01149925419390201,0.014332174790483843
acs_mobility_ca2sd,whyshift,xgb,1,gbdt,cpu,64.7,10,ood,0.7411042944785277,0.5872262379976265,0.5208673729456301,0.7199882866082025,0.17193788909858032,0.03961670299980538,0.034176166100099895
acs_mobility_ca2sd,whyshift,xgb,1,gbdt,cpu,64.7,20,id,0.7866,0.5809662662441131,0.47130969759514446,0.7420961728326181,0.1522267864298722,0.01149925419390201,0.014332174790483843
acs_mobility_ca2sd,whyshift,xgb,1,gbdt,cpu,64.7,20,ood,0.7411042944785277,0.5872262379976265,0.5208673729456301,0.7199882866082025,0.17193788909858032,0.03961670299980538,0.034176166100099895
acs_mobility_ca2sd,whyshift,xgb,1,gbdt,cpu,64.7,30,id,0.7866,0.5809662662441131,0.47130969759514446,0.7420961728326181,0.1522267864298722,0.01149925419390201,0.014332174790483843
acs_mobility_ca2sd,whyshift,xgb,1,gbdt,cpu,64.7,30,ood,0.7411042944785277,0.5872262379976265,0.5208673729456301,0.7199882866082025,0.17193788909858032,0.03961670299980538,0.034176166100099895
acs_mobility_ca2sd,whyshift,xgb,2,gbdt,cpu,51.0,0,id,0.7786,0.6030285572033145,0.5021308490056794,0.715106767665991,0.16038685294846572,0.05496882551833986,0.05271778445189308
acs_mobility_ca2sd,whyshift,xgb,2,gbdt,cpu,51.0,0,ood,0.7257668711656442,0.5951250712821541,0.5854548972326978,0.6659910916572909,0.1923272392819702,0.07957716434279835,0.07459498406753201
acs_mobility_ca2sd,whyshift,xgb,2,gbdt,cpu,51.0,5,id,0.7867,0.568111952772147,0.4648607336492068,0.7503969557950141,0.14981269520648988,0.01727556449323894,0.017191179996968668
acs_mobility_ca2sd,whyshift,xgb,2,gbdt,cpu,51.0,5,ood,0.7429447852760737,0.5818742968111832,0.5253309081036946,0.713219371792303,0.1731987178183336,0.034721221751961975,0.03241980037264534
acs_mobility_ca2sd,whyshift,xgb,2,gbdt,cpu,51.0,10,id,0.7823,0.5536349087805399,0.4664415122534313,0.7498025676588784,0.15050817366369415,0.022707736757397658,0.02096274265953826
acs_mobility_ca2sd,whyshift,xgb,2,gbdt,cpu,51.0,10,ood,0.7404907975460123,0.5611177041752077,0.5259123170278662,0.7125209993372686,0.17357104724961664,0.032867952742459586,0.03192890281623419
acs_mobility_ca2sd,whyshift,xgb,2,gbdt,cpu,51.0,20,id,0.7823,0.5536349087805399,0.4664415122534313,0.7498025676588784,0.15050817366369415,0.022707736757397658,0.02096274265953826
acs_mobility_ca2sd,whyshift,xgb,2,gbdt,cpu,51.0,20,ood,0.7404907975460123,0.5611177041752077,0.5259123170278662,0.7125209993372686,0.17357104724961664,0.032867952742459586,0.03192890281623419
acs_mobility_ca2sd,whyshift,xgb,2,gbdt,cpu,51.0,30,id,0.7823,0.5536349087805399,0.4664415122534313,0.7498025676588784,0.15050817366369415,0.022707736757397658,0.02096274265953826
acs_mobility_ca2sd,whyshift,xgb,2,gbdt,cpu,51.0,30,ood,0.7404907975460123,0.5611177041752077,0.5259123170278662,0.7125209993372686,0.17357104724961664,0.032867952742459586,0.03192890281623419
acs_mobility_ca2sd,whyshift,xgb,3,gbdt,cpu,64.7,0,id,0.7651,0.5951304472735457,0.5297554284134858,0.6986808306386729,0.1699907536204174,0.07013288303576412,0.06713173790587959
acs_mobility_ca2sd,whyshift,xgb,3,gbdt,cpu,64.7,0,ood,0.7257668711656442,0.596593098346254,0.5778074762422718,0.6642456421558806,0.1910788235897887,0.07403698176648353,0.0732275329652143
acs_mobility_ca2sd,whyshift,xgb,3,gbdt,cpu,64.7,5,id,0.7781,0.5817853417577991,0.4799901268335836,0.7343159768423366,0.15585606832897647,0.010180201020836837,0.01244103702327013
acs_mobility_ca2sd,whyshift,xgb,3,gbdt,cpu,64.7,5,ood,0.7423312883435583,0.5873283448669143,0.5277820389759226,0.7093248616740903,0.17488388181305092,0.04485958689378084,0.03297469995828648
acs_mobility_ca2sd,whyshift,xgb,3,gbdt,cpu,64.7,10,id,0.7762,0.5778722779223195,0.47813381036367625,0.7383466527492847,0.1553020061227292,0.011203759470581996,0.011682793556739903
acs_mobility_ca2sd,whyshift,xgb,3,gbdt,cpu,64.7,10,ood,0.7411042944785277,0.5945663733181265,0.5260114102771708,0.7128215403110214,0.17392503059963002,0.042368062197065084,0.03485185715360015
acs_mobility_ca2sd,whyshift,xgb,3,gbdt,cpu,64.7,20,id,0.7762,0.5778722779223195,0.47813381036367625,0.7383466527492847,0.1553020061227292,0.011203759470581996,0.011682793556739903
acs_mobility_ca2sd,whyshift,xgb,3,gbdt,cpu,64.7,20,ood,0.7411042944785277,0.5945663733181265,0.5260114102771708,0.7128215403110214,0.17392503059963002,0.042368062197065084,0.03485185715360015
acs_mobility_ca2sd,whyshift,xgb,3,gbdt,cpu,64.7,30,id,0.7762,0.5778722779223195,0.47813381036367625,0.7383466527492847,0.1553020061227292,0.011203759470581996,0.011682793556739903
acs_mobility_ca2sd,whyshift,xgb,3,gbdt,cpu,64.7,30,ood,0.7411042944785277,0.5945663733181265,0.5260114102771708,0.7128215403110214,0.17392503059963002,0.042368062197065084,0.03485185715360015
acs_mobility_ca2sd,whyshift,xgb,4,gbdt,cpu,69.9,0,id,0.7667,0.5964944114439646,0.514325211876164,0.7072770983030074,0.16465157192811536,0.05778175829127433,0.05648867928259284
acs_mobility_ca2sd,whyshift,xgb,4,gbdt,cpu,69.9,0,ood,0.7159509202453987,0.5921061757317017,0.5884043881255997,0.6634673180956491,0.19555425706727314,0.08382839030511907,0.07517059388748801
acs_mobility_ca2sd,whyshift,xgb,4,gbdt,cpu,69.9,5,id,0.7699,0.5,0.4902176813123677,0.7423778318512612,0.15873012038159368,0.07036586606502535,0.05700349734070727
acs_mobility_ca2sd,whyshift,xgb,4,gbdt,cpu,69.9,5,ood,0.7325153374233129,0.4991638795986622,0.5386488901192331,0.7051625618420849,0.17885419738053968,0.06417263629246342,0.051097744885820265
acs_mobility_ca2sd,whyshift,xgb,4,gbdt,cpu,69.9,10,id,0.7803,0.5707425218026418,0.4704994179246438,0.7446169854825172,0.15218136532149182,0.013941667175292967,0.014793392514489403
acs_mobility_ca2sd,whyshift,xgb,4,gbdt,cpu,69.9,10,ood,0.7515337423312883,0.6024074102615478,0.5287966737245564,0.7059264368170399,0.17465100328649136,0.04261783569868359,0.04043464701553573
acs_mobility_ca2sd,whyshift,xgb,4,gbdt,cpu,69.9,20,id,0.7803,0.5707425218026418,0.4704994179246438,0.7446169854825172,0.15218136532149182,0.013941667175292967,0.014793392514489403
acs_mobility_ca2sd,whyshift,xgb,4,gbdt,cpu,69.9,20,ood,0.7515337423312883,0.6024074102615478,0.5287966737245564,0.7059264368170399,0.17465100328649136,0.04261783569868359,0.04043464701553573
acs_mobility_ca2sd,whyshift,xgb,4,gbdt,cpu,69.9,30,id,0.7792,0.5765793364292839,0.47121880023532603,0.7432848958129592,0.15251527377506585,0.010251874908804876,0.011986269012949847
acs_mobility_ca2sd,whyshift,xgb,4,gbdt,cpu,69.9,30,ood,0.743558282208589,0.5999086817810521,0.5288452739671791,0.7056567205585439,0.17450844836527227,0.051990737212947544,0.04267742110147856
acs_pubcov_ca2sd,whyshift,catb,0,gbdt,cpu,176.5,0,id,0.7218,0.665916890074292,0.5497227546898916,0.7538137950226058,0.18546230595684288,0.01945453218409493,0.01846974165253937
acs_pubcov_ca2sd,whyshift,catb,0,gbdt,cpu,176.5,0,ood,0.8131136044880786,0.7249149659863945,0.4378381096755196,0.8143152358116391,0.1384866892957896,0.12464073961015949,0.1243343104720931
acs_pubcov_ca2sd,whyshift,catb,0,gbdt,cpu,176.5,5,id,0.7246,0.6686467598598703,0.5477687334975729,0.7554488663060903,0.18485750016018165,0.01763368349139979,0.017562479796704222
acs_pubcov_ca2sd,whyshift,catb,0,gbdt,cpu,176.5,5,ood,0.8152173913043478,0.7281285305641692,0.43741966732107473,0.8141852810028604,0.13845963042188605,0.12422265198561605,0.12391137423064065
acs_pubcov_ca2sd,whyshift,catb,0,gbdt,cpu,176.5,10,id,0.7246,0.6686467598598703,0.5477687334975729,0.7554488663060903,0.18485750016018165,0.01763368349139979,0.017562479796704222
acs_pubcov_ca2sd,whyshift,catb,0,gbdt,cpu,176.5,10,ood,0.8152173913043478,0.7281285305641692,0.43741966732107473,0.8141852810028604,0.13845963042188605,0.12422265198561605,0.12391137423064065
acs_pubcov_ca2sd,whyshift,catb,0,gbdt,cpu,176.5,20,id,0.7246,0.6686467598598703,0.5477687334975729,0.7554488663060903,0.18485750016018165,0.01763368349139979,0.017562479796704222
acs_pubcov_ca2sd,whyshift,catb,0,gbdt,cpu,176.5,20,ood,0.8152173913043478,0.7281285305641692,0.43741966732107473,0.8141852810028604,0.13845963042188605,0.12422265198561605,0.12391137423064065
acs_pubcov_ca2sd,whyshift,catb,0,gbdt,cpu,176.5,30,id,0.7249,0.6593738623293044,0.5459852151300211,0.758378730744657,0.18379381156282282,0.01942798311775314,0.019276681291151933
acs_pubcov_ca2sd,whyshift,catb,0,gbdt,cpu,176.5,30,ood,0.8222300140252454,0.7174376817864956,0.441372048328307,0.8189913553760726,0.13812403685734173,0.13020038019588193,0.1297555604229647
acs_pubcov_ca2sd,whyshift,catb,1,gbdt,cpu,194.3,0,id,0.7161,0.6635587132699016,0.5585407733094737,0.7493485956320445,0.18841463955543764,0.02393495448187169,0.021469387070289066
acs_pubcov_ca2sd,whyshift,catb,1,gbdt,cpu,194.3,0,ood,0.8124123422159888,0.7345451431455975,0.44229450596689546,0.8216625652027596,0.13948090586737463,0.13467192532155256,0.13412250957573876
acs_pubcov_ca2sd,whyshift,catb,1,gbdt,cpu,194.3,5,id,0.7175,0.6585018497122517,0.5585977426930733,0.7450907540802073,0.18885248971342422,0.014895102153081907,0.014460308349350495
acs_pubcov_ca2sd,whyshift,catb,1,gbdt,cpu,194.3,5,ood,0.8106591865357644,0.715815124636427,0.4485551990248783,0.8105976268599313,0.14154833929897706,0.13606259894681622,0.13506210338429678
acs_pubcov_ca2sd,whyshift,catb,1,gbdt,cpu,194.3,10,id,0.7189,0.6553344919191726,0.5575466200004107,0.7476678986075015,0.18830915318117758,0.019434796646543063,0.018373365514283705
acs_pubcov_ca2sd,whyshift,catb,1,gbdt,cpu,194.3,10,ood,0.8197755960729313,0.7127442849931492,0.45141604973217975,0.8133642370375711,0.14170283655887217,0.13972465553424768,0.13840379665619282
acs_pubcov_ca2sd,whyshift,catb,1,gbdt,cpu,194.3,20,id,0.7153,0.6604781465005036,0.5564415747909058,0.7488995464225633,0.18794304855665045,0.015929975246185984,0.016696973445472222
acs_pubcov_ca2sd,whyshift,catb,1,gbdt,cpu,194.3,20,ood,0.8159186535764376,0.727940734597726,0.4440806201006476,0.8172084204706618,0.1402036775891602,0.13440628115883335,0.13349203212418398
acs_pubcov_ca2sd,whyshift,catb,1,gbdt,cpu,194.3,30,id,0.7153,0.6604781465005036,0.5564415747909058,0.7488995464225633,0.18794304855665045,0.015929975246185984,0.016696973445472222
acs_pubcov_ca2sd,whyshift,catb,1,gbdt,cpu,194.3,30,ood,0.8159186535764376,0.727940734597726,0.4440806201006476,0.8172084204706618,0.1402036775891602,0.13440628115883335,0.13349203212418398
acs_pubcov_ca2sd,whyshift,catb,2,gbdt,cpu,157.7,0,id,0.7197,0.6663308715227038,0.5473483954367889,0.759714536981676,0.1848797484909554,0.015689428108540283,0.0165065289152068
acs_pubcov_ca2sd,whyshift,catb,2,gbdt,cpu,157.7,0,ood,0.8113604488078542,0.7200337732266051,0.4439451949535095,0.8101078549794476,0.14050964498677143,0.1300114402447023,0.12905635940369667
acs_pubcov_ca2sd,whyshift,catb,2,gbdt,cpu,157.7,5,id,0.7181,0.6565747117463112,0.5498820470085135,0.7576054411567482,0.1855052607612232,0.016865569915607472,0.016781591818078572
acs_pubcov_ca2sd,whyshift,catb,2,gbdt,cpu,157.7,5,ood,0.8215287517531557,0.7245498906276291,0.4511892819559393,0.817626829883897,0.1415794164654451,0.14097547424019766,0.14085341389590875
acs_pubcov_ca2sd,whyshift,catb,2,gbdt,cpu,157.7,10,id,0.7184,0.6592296169298639,0.5468433118388495,0.760355014847861,0.18445212757165513,0.017259289174013308,0.01642366645483347
acs_pubcov_ca2sd,whyshift,catb,2,gbdt,cpu,157.7,10,ood,0.8180224403927069,0.7204529338237061,0.44854221511796455,0.8150142123987405,0.1409633035746122,0.138035711992628,0.1374676068278989
acs_pubcov_ca2sd,whyshift,catb,2,gbdt,cpu,157.7,20,id,0.7184,0.6592296169298639,0.5468433118388495,0.760355014847861,0.18445212757165513,0.017259289174013308,0.01642366645483347
acs_pubcov_ca2sd,whyshift,catb,2,gbdt,cpu,157.7,20,ood,0.8180224403927069,0.7204529338237061,0.44854221511796455,0.8150142123987405,0.1409633035746122,0.138035711992628,0.1374676068278989
acs_pubcov_ca2sd,whyshift,catb,2,gbdt,cpu,157.7,30,id,0.7184,0.6592296169298639,0.5468433118388495,0.760355014847861,0.18445212757165513,0.017259289174013308,0.01642366645483347
acs_pubcov_ca2sd,whyshift,catb,2,gbdt,cpu,157.7,30,ood,0.8180224403927069,0.7204529338237061,0.44854221511796455,0.8150142123987405,0.1409633035746122,0.138035711992628,0.1374676068278989
acs_pubcov_ca2sd,whyshift,catb,3,gbdt,cpu,178.5,0,id,0.7189,0.6676497309208272,0.5520759082610673,0.754467530134918,0.18599878077109996,0.019573972160760015,0.020412951567290973
acs_pubcov_ca2sd,whyshift,catb,3,gbdt,cpu,178.5,0,ood,0.7987377279102384,0.7076767986346482,0.44242178606097987,0.8098742367971923,0.14078912844562352,0.1248219288899378,0.12453984081877588
acs_pubcov_ca2sd,whyshift,catb,3,gbdt,cpu,178.5,5,id,0.7186,0.655192800090847,0.5551039367811685,0.751450692671837,0.1872577151275608,0.01828308408873876,0.01810982022634459
acs_pubcov_ca2sd,whyshift,catb,3,gbdt,cpu,178.5,5,ood,0.8099579242636746,0.707819523569145,0.4533558214986051,0.8077059445686402,0.14261742501940897,0.1376357605747534,0.1349981447646973
acs_pubcov_ca2sd,whyshift,catb,3,gbdt,cpu,178.5,10,id,0.7186,0.655192800090847,0.5551039367811685,0.751450692671837,0.1872577151275608,0.01828308408873876,0.01810982022634459
acs_pubcov_ca2sd,whyshift,catb,3,gbdt,cpu,178.5,10,ood,0.8099579242636746,0.707819523569145,0.4533558214986051,0.8077059445686402,0.14261742501940897,0.1376357605747534,0.1349981447646973
acs_pubcov_ca2sd,whyshift,catb,3,gbdt,cpu,178.5,20,id,0.7207,0.6633048928677054,0.5509791595691302,0.7549269073621746,0.185719796648252,0.01205638693498106,0.012895374712278296
acs_pubcov_ca2sd,whyshift,catb,3,gbdt,cpu,178.5,20,ood,0.8039971949509116,0.7065830749260835,0.44674500342099127,0.8117123837167376,0.14114568097454985,0.1308630911360619,0.13060745200994953
acs_pubcov_ca2sd,whyshift,catb,3,gbdt,cpu,178.5,30,id,0.7202,0.6609682891368592,0.5506118356407771,0.7553748598642347,0.18562386152156,0.014199836489653955,0.01498982423934097
acs_pubcov_ca2sd,whyshift,catb,3,gbdt,cpu,178.5,30,ood,0.8061009817671809,0.7072786711857888,0.44785021464923075,0.8118445920771135,0.14125757506535908,0.1327274176654746,0.13193790793749585
acs_pubcov_ca2sd,whyshift,catb,4,gbdt,cpu,180.9,0,id,0.7127,0.6597260703741917,0.5547775164338934,0.7532496482264149,0.18761543091950247,0.019580580971558584,0.01945180531974736
acs_pubcov_ca2sd,whyshift,catb,4,gbdt,cpu,180.9,0,ood,0.7959326788218793,0.7128344270570419,0.4474268496283929,0.813833726953679,0.14202392449958337,0.12914280834771127,0.1289016731785179
acs_pubcov_ca2sd,whyshift,catb,4,gbdt,cpu,180.9,5,id,0.7051,0.6309642369465382,0.5715019727932901,0.7375987079007191,0.19402098142374635,0.04020152116378638,0.03515339346323578
acs_pubcov_ca2sd,whyshift,catb,4,gbdt,cpu,180.9,5,ood,0.8215287517531557,0.6823739212999688,0.471992806342707,0.8028619354102065,0.14855805804858002,0.14820088917041166,0.1464303827398388
acs_pubcov_ca2sd,whyshift,catb,4,gbdt,cpu,180.9,10,id,0.71,0.6383198250653781,0.5646414962955312,0.747311767339447,0.19107467255212987,0.04187335329183109,0.040032509368529846
acs_pubcov_ca2sd,whyshift,catb,4,gbdt,cpu,180.9,10,ood,0.8183730715287517,0.6866812095863081,0.4733086726619801,0.8068875297468812,0.14898131192864383,0.15240917833725323,0.14980526707736372
acs_pubcov_ca2sd,whyshift,catb,4,gbdt,cpu,180.9,20,id,0.7158,0.6580622807193994,0.5529837406859252,0.7538228297949696,0.18705305818939777,0.011585732380293846,0.013881445455064086
acs_pubcov_ca2sd,whyshift,catb,4,gbdt,cpu,180.9,20,ood,0.8106591865357644,0.7164446167159444,0.4461944333778161,0.8206413307372419,0.1404867571264832,0.13568461123892916,0.13553482935774766
acs_pubcov_ca2sd,whyshift,catb,4,gbdt,cpu,180.9,30,id,0.7158,0.6580622807193994,0.5529837406859252,0.7538228297949696,0.18705305818939777,0.011585732380293846,0.013881445455064086
acs_pubcov_ca2sd,whyshift,catb,4,gbdt,cpu,180.9,30,ood,0.8106591865357644,0.7164446167159444,0.4461944333778161,0.8206413307372419,0.1404867571264832,0.13568461123892916,0.13553482935774766
acs_pubcov_ca2sd,whyshift,lgbm,0,gbdt,cpu,253.1,0,id,0.7156,0.6605136439716826,0.5515521773806097,0.7502009340512611,0.186551023336234,0.01854133872665911,0.021793529373090998
acs_pubcov_ca2sd,whyshift,lgbm,0,gbdt,cpu,253.1,0,ood,0.8050490883590463,0.7147995240499025,0.4446148708706954,0.8061175662844642,0.14105170802280542,0.12672996379504406,0.12643715493018584
acs_pubcov_ca2sd,whyshift,lgbm,0,gbdt,cpu,253.1,5,id,0.7152,0.6648948247534165,0.5566498884946405,0.745649948933446,0.18859364883792393,0.03734801330088512,0.03512486567309601
acs_pubcov_ca2sd,whyshift,lgbm,0,gbdt,cpu,253.1,5,ood,0.7973352033660589,0.7124588351241556,0.44525791927342334,0.8044439286315233,0.1427030278022406,0.12208079197659742,0.12167490935283666
acs_pubcov_ca2sd,whyshift,lgbm,0,gbdt,cpu,253.1,10,id,0.7152,0.6648948247534165,0.5566498884946405,0.745649948933446,0.18859364883792393,0.03734801330088512,0.03512486567309601
acs_pubcov_ca2sd,whyshift,lgbm,0,gbdt,cpu,253.1,10,ood,0.7973352033660589,0.7124588351241556,0.44525791927342334,0.8044439286315233,0.1427030278022406,0.12208079197659742,0.12167490935283666
acs_pubcov_ca2sd,whyshift,lgbm,0,gbdt,cpu,253.1,20,id,0.7152,0.6648948247534165,0.5566498884946405,0.745649948933446,0.18859364883792393,0.03734801330088512,0.03512486567309601
acs_pubcov_ca2sd,whyshift,lgbm,0,gbdt,cpu,253.1,20,ood,0.7973352033660589,0.7124588351241556,0.44525791927342334,0.8044439286315233,0.1427030278022406,0.12208079197659742,0.12167490935283666
acs_pubcov_ca2sd,whyshift,lgbm,0,gbdt,cpu,253.1,30,id,0.7152,0.6648948247534165,0.5566498884946405,0.745649948933446,0.18859364883792393,0.03734801330088512,0.03512486567309601
acs_pubcov_ca2sd,whyshift,lgbm,0,gbdt,cpu,253.1,30,ood,0.7973352033660589,0.7124588351241556,0.44525791927342334,0.8044439286315233,0.1427030278022406,0.12208079197659742,0.12167490935283666
acs_pubcov_ca2sd,whyshift,lgbm,1,gbdt,cpu,177.5,0,id,0.7162,0.6626933758895223,0.560512413600736,0.7472329786679327,0.18929321021998127,0.019384382994577766,0.0194394532905427
acs_pubcov_ca2sd,whyshift,lgbm,1,gbdt,cpu,177.5,0,ood,0.8169705469845723,0.7393046441191318,0.44258364295598795,0.82294183132617,0.13945417160274406,0.13837379700334534,0.13814979938838645
acs_pubcov_ca2sd,whyshift,lgbm,1,gbdt,cpu,177.5,5,id,0.7098,0.663001432566462,0.5672757086795793,0.7437539836393775,0.19189874702931553,0.04091208224538511,0.04001833888459472
acs_pubcov_ca2sd,whyshift,lgbm,1,gbdt,cpu,177.5,5,ood,0.7987377279102384,0.7271910530996851,0.44781483367169433,0.8140534482344175,0.14255719376014678,0.13229223871178883,0.13198300483928804
acs_pubcov_ca2sd,whyshift,lgbm,1,gbdt,cpu,177.5,10,id,0.718,0.6630669546436285,0.5544119667020645,0.7516702769559883,0.1870883602439681,0.011510566528961532,0.013494898840167493
acs_pubcov_ca2sd,whyshift,lgbm,1,gbdt,cpu,177.5,10,ood,0.8124123422159888,0.7313976827480109,0.4431138821119547,0.8241760264176342,0.13931521429255514,0.13972483038825928,0.1394610381075704
acs_pubcov_ca2sd,whyshift,lgbm,1,gbdt,cpu,177.5,20,id,0.718,0.6630669546436285,0.5544119667020645,0.7516702769559883,0.1870883602439681,0.011510566528961532,0.013494898840167493
acs_pubcov_ca2sd,whyshift,lgbm,1,gbdt,cpu,177.5,20,ood,0.8124123422159888,0.7313976827480109,0.4431138821119547,0.8241760264176342,0.13931521429255514,0.13972483038825928,0.1394610381075704
acs_pubcov_ca2sd,whyshift,lgbm,1,gbdt,cpu,177.5,30,id,0.718,0.6630669546436285,0.5544119667020645,0.7516702769559883,0.1870883602439681,0.011510566528961532,0.013494898840167493
acs_pubcov_ca2sd,whyshift,lgbm,1,gbdt,cpu,177.5,30,ood,0.8124123422159888,0.7313976827480109,0.4431138821119547,0.8241760264176342,0.13931521429255514,0.13972483038825928,0.1394610381075704
acs_pubcov_ca2sd,whyshift,lgbm,2,gbdt,cpu,228.5,0,id,0.716,0.6618245947365512,0.5498013063312037,0.7557929761850624,0.1859979015181516,0.016137258237379316,0.018998057131205653
acs_pubcov_ca2sd,whyshift,lgbm,2,gbdt,cpu,228.5,0,ood,0.8039971949509116,0.70973053532367,0.4478776173368263,0.8082099889425736,0.1419273210261727,0.131741181152082,0.131521953995561
acs_pubcov_ca2sd,whyshift,lgbm,2,gbdt,cpu,228.5,5,id,0.719,0.6629092566390021,0.5446826207645605,0.7615224929067329,0.18385424285300672,0.011479977946360728,0.015556466456748613
acs_pubcov_ca2sd,whyshift,lgbm,2,gbdt,cpu,228.5,5,ood,0.8141654978962132,0.7230595418379366,0.44467819821560234,0.8131227314247254,0.1402088084327179,0.13271241041441786,0.1325020525489482
acs_pubcov_ca2sd,whyshift,lgbm,2,gbdt,cpu,228.5,10,id,0.7201,0.662094643686332,0.5472056357353876,0.7604267086892635,0.1845497955466232,0.0157321461267568,0.017003061013239482
acs_pubcov_ca2sd,whyshift,lgbm,2,gbdt,cpu,228.5,10,ood,0.8096072931276297,0.7050807071945386,0.44932267388502567,0.8080732734790029,0.14171890225777814,0.13166412338876107,0.1308351065286049
acs_pubcov_ca2sd,whyshift,lgbm,2,gbdt,cpu,228.5,20,id,0.7201,0.662094643686332,0.5472056357353876,0.7604267086892635,0.1845497955466232,0.0157321461267568,0.017003061013239482
acs_pubcov_ca2sd,whyshift,lgbm,2,gbdt,cpu,228.5,20,ood,0.8096072931276297,0.7050807071945386,0.44932267388502567,0.8080732734790029,0.14171890225777814,0.13166412338876107,0.1308351065286049
acs_pubcov_ca2sd,whyshift,lgbm,2,gbdt,cpu,228.5,30,id,0.7201,0.662094643686332,0.5472056357353876,0.7604267086892635,0.1845497955466232,0.0157321461267568,0.017003061013239482
acs_pubcov_ca2sd,whyshift,lgbm,2,gbdt,cpu,228.5,30,ood,0.8096072931276297,0.7050807071945386,0.44932267388502567,0.8080732734790029,0.14171890225777814,0.13166412338876107,0.1308351065286049
acs_pubcov_ca2sd,whyshift,lgbm,3,gbdt,cpu,224.9,0,id,0.7188,0.6678562150784771,0.5519926112151339,0.754269329440923,0.18614867248561212,0.01816891426080421,0.020874223025410116
acs_pubcov_ca2sd,whyshift,lgbm,3,gbdt,cpu,224.9,0,ood,0.7973352033660589,0.7086818826470518,0.44789930627735025,0.8042027986106104,0.14310243359112085,0.12730513964655712,0.12624966829378592
acs_pubcov_ca2sd,whyshift,lgbm,3,gbdt,cpu,224.9,5,id,0.7195,0.6594443684947647,0.5544144318553909,0.7520006931430262,0.18698366408319597,0.023436743260234226,0.02109723963480336
acs_pubcov_ca2sd,whyshift,lgbm,3,gbdt,cpu,224.9,5,ood,0.8096072931276297,0.7025627388764693,0.45180549746268334,0.8073044367923848,0.14208536133292687,0.13419966824797297,0.1324592271558405
acs_pubcov_ca2sd,whyshift,lgbm,3,gbdt,cpu,224.9,10,id,0.717,0.6684894159495447,0.5536928570627125,0.7522831915268903,0.18697594455491487,0.026506634874162473,0.023576920048206884
acs_pubcov_ca2sd,whyshift,lgbm,3,gbdt,cpu,224.9,10,ood,0.7945301542776999,0.7018791615586164,0.4457962061604864,0.7997738185380159,0.14309406168151173,0.11815859990872149,0.11786960587782248
acs_pubcov_ca2sd,whyshift,lgbm,3,gbdt,cpu,224.9,20,id,0.717,0.6684894159495447,0.5536928570627125,0.7522831915268903,0.18697594455491487,0.026506634874162473,0.023576920048206884
acs_pubcov_ca2sd,whyshift,lgbm,3,gbdt,cpu,224.9,20,ood,0.7945301542776999,0.7018791615586164,0.4457962061604864,0.7997738185380159,0.14309406168151173,0.11815859990872149,0.11786960587782248
acs_pubcov_ca2sd,whyshift,lgbm,3,gbdt,cpu,224.9,30,id,0.717,0.6684894159495447,0.5536928570627125,0.7522831915268903,0.18697594455491487,0.026506634874162473,0.023576920048206884
acs_pubcov_ca2sd,whyshift,lgbm,3,gbdt,cpu,224.9,30,ood,0.7945301542776999,0.7018791615586164,0.4457962061604864,0.7997738185380159,0.14309406168151173,0.11815859990872149,0.11786960587782248
acs_pubcov_ca2sd,whyshift,lgbm,4,gbdt,cpu,232.7,0,id,0.711,0.6594971778463125,0.5575086456560376,0.7487468780054289,0.18871042511328007,0.021317309124730014,0.02120627112783969
acs_pubcov_ca2sd,whyshift,lgbm,4,gbdt,cpu,232.7,0,ood,0.7990883590462833,0.7204874882815318,0.4544922970515553,0.8099711395158771,0.14485079373801352,0.13513923242607248,0.1349110992896924
acs_pubcov_ca2sd,whyshift,lgbm,4,gbdt,cpu,232.7,5,id,0.6997,0.6113800137425203,0.5851225814002065,0.744492966215258,0.19895490958092354,0.07266801743246407,0.06389777822563579
acs_pubcov_ca2sd,whyshift,lgbm,4,gbdt,cpu,232.7,5,ood,0.8292426367461431,0.6607939112040576,0.48575966771975737,0.8067823640056729,0.15266475639267213,0.15899366102250734,0.14953636361552922
acs_pubcov_ca2sd,whyshift,lgbm,4,gbdt,cpu,232.7,10,id,0.7113,0.6579086820671898,0.5563321957887519,0.7502258068883347,0.1881999782176901,0.019494326588100054,0.019574636367863947
acs_pubcov_ca2sd,whyshift,lgbm,4,gbdt,cpu,232.7,10,ood,0.8004908835904628,0.7125579913944377,0.45069432777883983,0.8123178379125502,0.14355089287148473,0.132863808043917,0.1326584575539321
acs_pubcov_ca2sd,whyshift,lgbm,4,gbdt,cpu,232.7,20,id,0.7113,0.6579086820671898,0.5563321957887519,0.7502258068883347,0.1881999782176901,0.019494326588100054,0.019574636367863947
acs_pubcov_ca2sd,whyshift,lgbm,4,gbdt,cpu,232.7,20,ood,0.8004908835904628,0.7125579913944377,0.45069432777883983,0.8123178379125502,0.14355089287148473,0.132863808043917,0.1326584575539321
acs_pubcov_ca2sd,whyshift,lgbm,4,gbdt,cpu,232.7,30,id,0.7142,0.6579132731571696,0.5559678344531072,0.7506281144940112,0.18795777445066375,0.014481943559545775,0.01431671144416638
acs_pubcov_ca2sd,whyshift,lgbm,4,gbdt,cpu,232.7,30,ood,0.7973352033660589,0.6960920410567053,0.4504748298592235,0.8135343801831687,0.14271219707067345,0.13449179921890259,0.13404648304665953
acs_pubcov_ca2sd,whyshift,xgb,0,gbdt,cpu,72.7,0,id,0.7006,0.6532389437466287,0.5843220585347833,0.735065586627875,0.19696933221752344,0.0635036417387426,0.06247132224867325
acs_pubcov_ca2sd,whyshift,xgb,0,gbdt,cpu,72.7,0,ood,0.7931276297335204,0.7217690079565395,0.46756288334257995,0.7968321825196509,0.14957602001313344,0.12672237884174892,0.12470136653144406
acs_pubcov_ca2sd,whyshift,xgb,0,gbdt,cpu,72.7,5,id,0.7126,0.659035225448459,0.5552086657441129,0.7474136637919064,0.18799939779376856,0.03431701240018011,0.031565539173218075
acs_pubcov_ca2sd,whyshift,xgb,0,gbdt,cpu,72.7,5,ood,0.8068022440392707,0.7221986851277613,0.4413037981520701,0.8086791032667484,0.14053278413711923,0.12150891794239237,0.12117675448188672
acs_pubcov_ca2sd,whyshift,xgb,0,gbdt,cpu,72.7,10,id,0.7241,0.662853566294891,0.5440916298434664,0.7589502736110846,0.18331628721689708,0.011671281234920023,0.013148346316037174
acs_pubcov_ca2sd,whyshift,xgb,0,gbdt,cpu,72.7,10,ood,0.8194249649368864,0.7276312468450277,0.4360210718489396,0.8194142718925027,0.13716222943003947,0.12773283466769889,0.12693942486665685
acs_pubcov_ca2sd,whyshift,xgb,0,gbdt,cpu,72.7,20,id,0.7241,0.662853566294891,0.5440916298434664,0.7589502736110846,0.18331628721689708,0.011671281234920023,0.013148346316037174
acs_pubcov_ca2sd,whyshift,xgb,0,gbdt,cpu,72.7,20,ood,0.8194249649368864,0.7276312468450277,0.4360210718489396,0.8194142718925027,0.13716222943003947,0.12773283466769889,0.12693942486665685
acs_pubcov_ca2sd,whyshift,xgb,0,gbdt,cpu,72.7,30,id,0.7241,0.662853566294891,0.5440916298434664,0.7589502736110846,0.18331628721689708,0.011671281234920023,0.013148346316037174
acs_pubcov_ca2sd,whyshift,xgb,0,gbdt,cpu,72.7,30,ood,0.8194249649368864,0.7276312468450277,0.4360210718489396,0.8194142718925027,0.13716222943003947,0.12773283466769889,0.12693942486665685
acs_pubcov_ca2sd,whyshift,xgb,1,gbdt,cpu,60.2,0,id,0.7038,0.6573473232687763,0.593055027511551,0.7323659850541056,0.19883468065889962,0.06160698679313065,0.06108236317980607
acs_pubcov_ca2sd,whyshift,xgb,1,gbdt,cpu,60.2,0,ood,0.7938288920056101,0.7398364822960987,0.4692753630417929,0.8070813351842503,0.14978309814946134,0.14142891890166892,0.1410157671337727
acs_pubcov_ca2sd,whyshift,xgb,1,gbdt,cpu,60.2,5,id,0.7168,0.6629475741051263,0.5562469547273515,0.7507913034365129,0.18767816417748687,0.01618773281276226,0.015885876205496575
acs_pubcov_ca2sd,whyshift,xgb,1,gbdt,cpu,60.2,5,ood,0.8169705469845723,0.7386751520396144,0.4413959973137106,0.8236355496262109,0.13908925930249724,0.13646676343425504,0.13621223403743016
acs_pubcov_ca2sd,whyshift,xgb,1,gbdt,cpu,60.2,10,id,0.7168,0.6629475741051263,0.5562469547273515,0.7507913034365129,0.18767816417748687,0.01618773281276226,0.015885876205496575
acs_pubcov_ca2sd,whyshift,xgb,1,gbdt,cpu,60.2,10,ood,0.8169705469845723,0.7386751520396144,0.4413959973137106,0.8236355496262109,0.13908925930249724,0.13646676343425504,0.13621223403743016
acs_pubcov_ca2sd,whyshift,xgb,1,gbdt,cpu,60.2,20,id,0.7168,0.6629475741051263,0.5562469547273515,0.7507913034365129,0.18767816417748687,0.01618773281276226,0.015885876205496575
acs_pubcov_ca2sd,whyshift,xgb,1,gbdt,cpu,60.2,20,ood,0.8169705469845723,0.7386751520396144,0.4413959973137106,0.8236355496262109,0.13908925930249724,0.13646676343425504,0.13621223403743016
acs_pubcov_ca2sd,whyshift,xgb,1,gbdt,cpu,60.2,30,id,0.7168,0.656556598724961,0.5568432726753226,0.7497290353366394,0.187899372467283,0.011848203672468674,0.016529661976535114
acs_pubcov_ca2sd,whyshift,xgb,1,gbdt,cpu,60.2,30,ood,0.8215287517531557,0.7333627797408716,0.44638286808220784,0.8215021874474171,0.13991682641506756,0.14117995629721902,0.13958654465129722
acs_pubcov_ca2sd,whyshift,xgb,2,gbdt,cpu,57.4,0,id,0.7064,0.6615802902958574,0.578924586607142,0.7405291018378487,0.19550326179005934,0.06434781428053973,0.05998239433338605
acs_pubcov_ca2sd,whyshift,xgb,2,gbdt,cpu,57.4,0,ood,0.7840112201963534,0.6996601644191245,0.4682359630397309,0.7809825785437849,0.15048054067841524,0.12292394231414477,0.11979378577396711
acs_pubcov_ca2sd,whyshift,xgb,2,gbdt,cpu,57.4,5,id,0.7204,0.6560927805482648,0.5495953005247572,0.760332899047728,0.18539456356485493,0.027473774882406002,0.026338397425779037
acs_pubcov_ca2sd,whyshift,xgb,2,gbdt,cpu,57.4,5,ood,0.8260869565217391,0.720496502487921,0.45362728407325736,0.8140925097954377,0.14225787312668112,0.14265845899390467,0.14172603082794172
acs_pubcov_ca2sd,whyshift,xgb,2,gbdt,cpu,57.4,10,id,0.7204,0.6560927805482648,0.5495953005247572,0.760332899047728,0.18539456356485493,0.027473774882406002,0.026338397425779037
acs_pubcov_ca2sd,whyshift,xgb,2,gbdt,cpu,57.4,10,ood,0.8260869565217391,0.720496502487921,0.45362728407325736,0.8140925097954377,0.14225787312668112,0.14265845899390467,0.14172603082794172
acs_pubcov_ca2sd,whyshift,xgb,2,gbdt,cpu,57.4,20,id,0.7201,0.658272174557305,0.5489713341908432,0.7591823835928418,0.185344220928678,0.01885660758912564,0.01807130601568705
acs_pubcov_ca2sd,whyshift,xgb,2,gbdt,cpu,57.4,20,ood,0.8211781206171108,0.7161456455373669,0.4498739454173679,0.8130280822576381,0.14107210959932276,0.13902000344892626,0.13845589890765309
acs_pubcov_ca2sd,whyshift,xgb,2,gbdt,cpu,57.4,30,id,0.7201,0.658272174557305,0.5489713341908432,0.7591823835928418,0.185344220928678,0.01885660758912564,0.01807130601568705
acs_pubcov_ca2sd,whyshift,xgb,2,gbdt,cpu,57.4,30,ood,0.8211781206171108,0.7161456455373669,0.4498739454173679,0.8130280822576381,0.14107210959932276,0.13902000344892626,0.13845589890765309
acs_pubcov_ca2sd,whyshift,xgb,3,gbdt,cpu,60.7,0,id,0.7036,0.6589277170330948,0.5865585959091407,0.7354065057075646,0.19682468536501982,0.06326607894897461,0.06066213881319516
acs_pubcov_ca2sd,whyshift,xgb,3,gbdt,cpu,60.7,0,ood,0.7875175315568023,0.7050161053820821,0.4664817450886489,0.7842074108795462,0.14996128932036668,0.11363783208091664,0.11316640201576919
acs_pubcov_ca2sd,whyshift,xgb,3,gbdt,cpu,60.7,5,id,0.7219,0.6652239454838793,0.5518029682729558,0.7539749545065721,0.18603382286547285,0.012439289799332608,0.01460555906527832
acs_pubcov_ca2sd,whyshift,xgb,3,gbdt,cpu,60.7,5,ood,0.8043478260869565,0.7049154467440686,0.45026531133613007,0.8073130754068412,0.14260845062284278,0.13143737495551605,0.13124712336895417
acs_pubcov_ca2sd,whyshift,xgb,3,gbdt,cpu,60.7,10,id,0.7218,0.6646310000946252,0.5509120312299997,0.7545085816898619,0.18575974723155014,0.012757860665023324,0.012936643357112065
acs_pubcov_ca2sd,whyshift,xgb,3,gbdt,cpu,60.7,10,ood,0.8046984572230014,0.6963234056873633,0.44575139460754154,0.810205133290065,0.14082974648102475,0.12898664367169685,0.1276218805575073
acs_pubcov_ca2sd,whyshift,xgb,3,gbdt,cpu,60.7,20,id,0.7218,0.6646310000946252,0.5509120312299997,0.7545085816898619,0.18575974723155014,0.012757860665023324,0.012936643357112065
acs_pubcov_ca2sd,whyshift,xgb,3,gbdt,cpu,60.7,20,ood,0.8046984572230014,0.6963234056873633,0.44575139460754154,0.810205133290065,0.14082974648102475,0.12898664367169685,0.1276218805575073
acs_pubcov_ca2sd,whyshift,xgb,3,gbdt,cpu,60.7,30,id,0.7218,0.6646310000946252,0.5509120312299997,0.7545085816898619,0.18575974723155014,0.012757860665023324,0.012936643357112065
acs_pubcov_ca2sd,whyshift,xgb,3,gbdt,cpu,60.7,30,ood,0.8046984572230014,0.6963234056873633,0.44575139460754154,0.810205133290065,0.14082974648102475,0.12898664367169685,0.1276218805575073
acs_pubcov_ca2sd,whyshift,xgb,4,gbdt,cpu,77.9,0,id,0.7035,0.6587214117631583,0.5901872939337358,0.734439397377373,0.19820309484844542,0.0641460215125233,0.06276647690569735
acs_pubcov_ca2sd,whyshift,xgb,4,gbdt,cpu,77.9,0,ood,0.7808555399719496,0.7203342467729141,0.48478913698330256,0.7905455247470013,0.1547733782545339,0.13287103954352553,0.12995886288271077
acs_pubcov_ca2sd,whyshift,xgb,4,gbdt,cpu,77.9,5,id,0.7141,0.6653610674459305,0.5610230038888584,0.7494046423991473,0.18951630511667758,0.03096962713561952,0.029967674936530433
acs_pubcov_ca2sd,whyshift,xgb,4,gbdt,cpu,77.9,5,ood,0.794179523141655,0.7218020600466335,0.4558787059737259,0.8077878236100093,0.14521950218425336,0.13071724573126767,0.1304103527533659
acs_pubcov_ca2sd,whyshift,xgb,4,gbdt,cpu,77.9,10,id,0.7152,0.653335209060514,0.5542323657665754,0.7525838761176155,0.18741913152840153,0.013961146447807556,0.015159307262057359
acs_pubcov_ca2sd,whyshift,xgb,4,gbdt,cpu,77.9,10,ood,0.8096072931276297,0.7075986755126079,0.449580907794112,0.8208137274344365,0.14128195360090612,0.13883862595059512,0.1383412298745655
acs_pubcov_ca2sd,whyshift,xgb,4,gbdt,cpu,77.9,20,id,0.7152,0.653335209060514,0.5542323657665754,0.7525838761176155,0.18741913152840153,0.013961146447807556,0.015159307262057359
acs_pubcov_ca2sd,whyshift,xgb,4,gbdt,cpu,77.9,20,ood,0.8096072931276297,0.7075986755126079,0.449580907794112,0.8208137274344365,0.14128195360090612,0.13883862595059512,0.1383412298745655
acs_pubcov_ca2sd,whyshift,xgb,4,gbdt,cpu,77.9,30,id,0.7152,0.653335209060514,0.5542323657665754,0.7525838761176155,0.18741913152840153,0.013961146447807556,0.015159307262057359
acs_pubcov_ca2sd,whyshift,xgb,4,gbdt,cpu,77.9,30,ood,0.8096072931276297,0.7075986755126079,0.449580907794112,0.8208137274344365,0.14128195360090612,0.13883862595059512,0.1383412298745655
cc18_1053,openml_cc18,catb,0,gbdt,cpu,207.5,0,id,0.8080220453153705,0.5694989091048893,0.44112218018789245,0.7329025018501966,0.13956502265054152,0.023019729297166714,0.022546858358471936
cc18_1053,openml_cc18,catb,0,gbdt,cpu,207.5,5,id,0.8083282302510717,0.5660808511865286,0.43652913605808846,0.7376235066270678,0.13809983960942204,0.025943577328221095,0.023969153396331336
cc18_1053,openml_cc18,catb,0,gbdt,cpu,207.5,10,id,0.8083282302510717,0.5660808511865286,0.43652913605808846,0.7376235066270678,0.13809983960942204,0.025943577328221095,0.023969153396331336
cc18_1053,openml_cc18,catb,0,gbdt,cpu,207.5,20,id,0.8083282302510717,0.5660808511865286,0.43652913605808846,0.7376235066270678,0.13809983960942204,0.025943577328221095,0.023969153396331336
cc18_1053,openml_cc18,catb,0,gbdt,cpu,207.5,30,id,0.8110838946723821,0.5695932210720568,0.43904491934399403,0.732332124698442,0.13877124676812816,0.022772657605775428,0.022290385469034276
cc18_1053,openml_cc18,catb,1,gbdt,cpu,225.8,0,id,0.8086344151867728,0.5716825014657401,0.4413971008988784,0.7316794498428534,0.13965127618786038,0.023705707434547023,0.02227397587453316
cc18_1053,openml_cc18,catb,1,gbdt,cpu,225.8,5,id,0.8147581139007961,0.567661928241208,0.43917005910237206,0.7256086425804715,0.13861052741428834,0.019059283883182218,0.018521353778500716
cc18_1053,openml_cc18,catb,1,gbdt,cpu,225.8,10,id,0.8147581139007961,0.567661928241208,0.43917005910237206,0.7256086425804715,0.13861052741428834,0.019059283883182218,0.018521353778500716
cc18_1053,openml_cc18,catb,1,gbdt,cpu,225.8,20,id,0.8141457440293938,0.5714914746787386,0.4382440627337119,0.7316118696116028,0.13867462821885676,0.016972549842321764,0.020345758920391414
cc18_1053,openml_cc18,catb,1,gbdt,cpu,225.8,30,id,0.8141457440293938,0.5714914746787386,0.4382440627337119,0.7316118696116028,0.13867462821885676,0.016972549842321764,0.020345758920391414
cc18_1053,openml_cc18,catb,2,gbdt,cpu,194.9,0,id,0.8095529699938763,0.5698467220283921,0.43928427544224496,0.7346091279567103,0.13893395361554006,0.022665201510826388,0.02185551611444487
cc18_1053,openml_cc18,catb,2,gbdt,cpu,194.9,5,id,0.8098591549295775,0.5658273502301934,0.4377318131112993,0.7335212364118682,0.13841929275571152,0.019612083917445507,0.02191956541225727
cc18_1053,openml_cc18,catb,2,gbdt,cpu,194.9,10,id,0.8098591549295775,0.5658273502301934,0.4377318131112993,0.7335212364118682,0.13841929275571152,0.019612083917445507,0.02191956541225727
cc18_1053,openml_cc18,catb,2,gbdt,cpu,194.9,20,id,0.8098591549295775,0.5658273502301934,0.4377318131112993,0.7335212364118682,0.13841929275571152,0.019612083917445507,0.02191956541225727
cc18_1053,openml_cc18,catb,2,gbdt,cpu,194.9,30,id,0.8098591549295775,0.5658273502301934,0.4377318131112993,0.7335212364118682,0.13841929275571152,0.019612083917445507,0.02191956541225727
cc18_1053,openml_cc18,catb,3,gbdt,cpu,201.0,0,id,0.8113900796080833,0.5715869880722394,0.4398853251069496,0.7332749440135328,0.13898233183589268,0.021337015342488934,0.019886801204772604
cc18_1053,openml_cc18,catb,3,gbdt,cpu,201.0,5,id,0.8129210042865891,0.5611111511586555,0.44166671679208097,0.7211891958132695,0.13934020029817462,0.014492078099662097,0.01582743965339996
cc18_1053,openml_cc18,catb,3,gbdt,cpu,201.0,10,id,0.8172075933864054,0.5655726478475246,0.44160372081984955,0.7205323159655141,0.13949542314152252,0.020799582733645378,0.01914526296798214
cc18_1053,openml_cc18,catb,3,gbdt,cpu,201.0,20,id,0.8135333741579914,0.5656999990388589,0.44001226347764105,0.7271002133733167,0.13894106633211542,0.01612466700489302,0.01842621904760306
cc18_1053,openml_cc18,catb,3,gbdt,cpu,201.0,30,id,0.8120024494794856,0.5749732081927664,0.439864701017308,0.7309321626635141,0.1389105717558112,0.02384030110047959,0.024413781265170187
cc18_1053,openml_cc18,catb,4,gbdt,cpu,219.7,0,id,0.8092467850581752,0.5708595244274002,0.4412592625827454,0.7314640941726017,0.13925490247651856,0.02318463410354418,0.022258334281710684
cc18_1053,openml_cc18,catb,4,gbdt,cpu,219.7,5,id,0.8135333741579914,0.5548763492017723,0.4442279858134722,0.713428882769624,0.1402773178044723,0.015032063448404017,0.01624938453130276
cc18_1053,openml_cc18,catb,4,gbdt,cpu,219.7,10,id,0.8135333741579914,0.5548763492017723,0.4442279858134722,0.713428882769624,0.1402773178044723,0.015032063448404017,0.01624938453130276
cc18_1053,openml_cc18,catb,4,gbdt,cpu,219.7,20,id,0.8110838946723821,0.5732011043510856,0.4379565024756455,0.7359006612650538,0.13784639744081734,0.03315198596942884,0.026887643614090777
cc18_1053,openml_cc18,catb,4,gbdt,cpu,219.7,30,id,0.8110838946723821,0.5732011043510856,0.4379565024756455,0.7359006612650538,0.13784639744081734,0.03315198596942884,0.026887643614090777
cc18_1053,openml_cc18,lgbm,0,gbdt,cpu,271.7,0,id,0.8086344151867728,0.5788982680237978,0.4426563904279032,0.7317755639495208,0.1399987948078482,0.03309354635168188,0.027087064919289847
cc18_1053,openml_cc18,lgbm,0,gbdt,cpu,271.7,5,id,0.8116962645437844,0.565763674634526,0.434172496704504,0.7348824524475458,0.13742304221988594,0.021577924369006025,0.018180598372832268
cc18_1053,openml_cc18,lgbm,0,gbdt,cpu,271.7,10,id,0.8116962645437844,0.565763674634526,0.434172496704504,0.7348824524475458,0.13742304221988594,0.021577924369006025,0.018180598372832268
cc18_1053,openml_cc18,lgbm,0,gbdt,cpu,271.7,20,id,0.8116962645437844,0.565763674634526,0.434172496704504,0.7348824524475458,0.13742304221988594,0.021577924369006025,0.018180598372832268
cc18_1053,openml_cc18,lgbm,0,gbdt,cpu,271.7,30,id,0.8116962645437844,0.565763674634526,0.434172496704504,0.7348824524475458,0.13742304221988594,0.021577924369006025,0.018180598372832268
cc18_1053,openml_cc18,lgbm,1,gbdt,cpu,196.8,0,id,0.8086344151867728,0.5788982680237978,0.4426563904279032,0.7317755639495208,0.1399987948078482,0.03309354635168188,0.027087064919289847
cc18_1053,openml_cc18,lgbm,1,gbdt,cpu,196.8,5,id,0.8120024494794856,0.5286720394452293,0.43684665096616837,0.7359865632478879,0.13792156576418288,0.02286180147538927,0.024268191969281414
cc18_1053,openml_cc18,lgbm,1,gbdt,cpu,196.8,10,id,0.8120024494794856,0.5286720394452293,0.43684665096616837,0.7359865632478879,0.13792156576418288,0.02286180147538927,0.024268191969281414
cc18_1053,openml_cc18,lgbm,1,gbdt,cpu,196.8,20,id,0.8086344151867728,0.579499581903636,0.4383153898179849,0.7323261175667752,0.13857372235616006,0.03002943266168735,0.026700945966532753
cc18_1053,openml_cc18,lgbm,1,gbdt,cpu,196.8,30,id,0.8074096754439681,0.5709232000230674,0.4360543988854826,0.733616749805369,0.13791075059612112,0.02678571670540537,0.02228424223416481
cc18_1053,openml_cc18,lgbm,2,gbdt,cpu,234.5,0,id,0.8086344151867728,0.5788982680237978,0.4426563904279032,0.7317755639495208,0.1399987948078482,0.03309354635168188,0.027087064919289847
cc18_1053,openml_cc18,lgbm,2,gbdt,cpu,234.5,5,id,0.8101653398652786,0.5678211172303759,0.4344121976160737,0.7377766884845689,0.1376010001078601,0.019818146177446924,0.019305668947968813
cc18_1053,openml_cc18,lgbm,2,gbdt,cpu,234.5,10,id,0.8101653398652786,0.5678211172303759,0.4344121976160737,0.7377766884845689,0.1376010001078601,0.019818146177446924,0.019305668947968813
cc18_1053,openml_cc18,lgbm,2,gbdt,cpu,234.5,20,id,0.8101653398652786,0.5678211172303759,0.4344121976160737,0.7377766884845689,0.1376010001078601,0.019818146177446924,0.019305668947968813
cc18_1053,openml_cc18,lgbm,2,gbdt,cpu,234.5,30,id,0.8101653398652786,0.5678211172303759,0.4344121976160737,0.7377766884845689,0.1376010001078601,0.019818146177446924,0.019305668947968813
cc18_1053,openml_cc18,lgbm,3,gbdt,cpu,215.9,0,id,0.8086344151867728,0.5788982680237978,0.4426563904279032,0.7317755639495208,0.1399987948078482,0.03309354635168188,0.027087064919289847
cc18_1053,openml_cc18,lgbm,3,gbdt,cpu,215.9,5,id,0.8092467850581752,0.5522187941524177,0.436154745246787,0.731127094086099,0.13788410825234537,0.015751110529612204,0.01822102314896311
cc18_1053,openml_cc18,lgbm,3,gbdt,cpu,215.9,10,id,0.8092467850581752,0.5522187941524177,0.436154745246787,0.731127094086099,0.13788410825234537,0.015751110529612204,0.01822102314896311
cc18_1053,openml_cc18,lgbm,3,gbdt,cpu,215.9,20,id,0.8092467850581752,0.5522187941524177,0.436154745246787,0.731127094086099,0.13788410825234537,0.015751110529612204,0.01822102314896311
cc18_1053,openml_cc18,lgbm,3,gbdt,cpu,215.9,30,id,0.8092467850581752,0.5522187941524177,0.436154745246787,0.731127094086099,0.13788410825234537,0.015751110529612204,0.01822102314896311
cc18_1053,openml_cc18,lgbm,4,gbdt,cpu,203.5,0,id,0.8086344151867728,0.5788982680237978,0.4426563904279032,0.7317755639495208,0.1399987948078482,0.03309354635168188,0.027087064919289847
cc18_1053,openml_cc18,lgbm,4,gbdt,cpu,203.5,5,id,0.8064911206368647,0.5,0.44452335580147045,0.7265415501283123,0.14051440648869798,0.03083013670122005,0.031191094510382496
cc18_1053,openml_cc18,lgbm,4,gbdt,cpu,203.5,10,id,0.8116962645437844,0.5886136020683755,0.44425543082527247,0.7314217438943513,0.1396030409146715,0.038108124877864864,0.034443428061269224
cc18_1053,openml_cc18,lgbm,4,gbdt,cpu,203.5,20,id,0.8101653398652786,0.5551935257537749,0.43617976919657986,0.7324970204626933,0.13822608871777417,0.01682385258891151,0.01629366069312078
cc18_1053,openml_cc18,lgbm,4,gbdt,cpu,203.5,30,id,0.812614819350888,0.5543068731197678,0.43385907827047926,0.7367071186913103,0.13716112314281118,0.01670240418372148,0.016082473829578833
cc18_1053,openml_cc18,xgb,0,gbdt,cpu,89.7,0,id,0.8022045315370484,0.5815263881279855,0.4791978765919783,0.7082420249319993,0.14860693233581496,0.05982252160647275,0.05916628757296654
cc18_1053,openml_cc18,xgb,0,gbdt,cpu,89.7,5,id,0.812614819350888,0.5567121286391203,0.4364685114738003,0.7319518732639388,0.1382445921233134,0.012936876446866438,0.01659847861946589
cc18_1053,openml_cc18,xgb,0,gbdt,cpu,89.7,10,id,0.812614819350888,0.5567121286391203,0.4364685114738003,0.7319518732639388,0.1382445921233134,0.012936876446866438,0.01659847861946589
cc18_1053,openml_cc18,xgb,0,gbdt,cpu,89.7,20,id,0.812614819350888,0.5567121286391203,0.4364685114738003,0.7319518732639388,0.1382445921233134,0.012936876446866438,0.01659847861946589
cc18_1053,openml_cc18,xgb,0,gbdt,cpu,89.7,30,id,0.812614819350888,0.5567121286391203,0.4364685114738003,0.7319518732639388,0.1382445921233134,0.012936876446866438,0.01659847861946589
cc18_1053,openml_cc18,xgb,1,gbdt,cpu,100.2,0,id,0.8022045315370484,0.5815263881279855,0.4791978765919783,0.7082420249319993,0.14860693233581496,0.05982252160647275,0.05916628757296654
cc18_1053,openml_cc18,xgb,1,gbdt,cpu,100.2,5,id,0.8101653398652786,0.5714290005094048,0.43793591422605377,0.7341868266005402,0.13920736619471574,0.02413037292937596,0.023369747948993692
cc18_1053,openml_cc18,xgb,1,gbdt,cpu,100.2,10,id,0.8101653398652786,0.5714290005094048,0.43793591422605377,0.7341868266005402,0.13920736619471574,0.02413037292937596,0.023369747948993692
cc18_1053,openml_cc18,xgb,1,gbdt,cpu,100.2,20,id,0.8101653398652786,0.5714290005094048,0.43793591422605377,0.7341868266005402,0.13920736619471574,0.02413037292937596,0.023369747948993692
cc18_1053,openml_cc18,xgb,1,gbdt,cpu,100.2,30,id,0.8135333741579914,0.5681052545582115,0.4320510042990907,0.7409850975077612,0.1367895289676644,0.013831782289903291,0.01850241752416336
cc18_1053,openml_cc18,xgb,2,gbdt,cpu,81.5,0,id,0.8022045315370484,0.5815263881279855,0.4791978765919783,0.7082420249319993,0.14860693233581496,0.05982252160647275,0.05916628757296654
cc18_1053,openml_cc18,xgb,2,gbdt,cpu,81.5,5,id,0.8113900796080833,0.5619659659948291,0.43586141307786075,0.7334921018232846,0.13814399074155606,0.01519139093020104,0.017318259044686358
cc18_1053,openml_cc18,xgb,2,gbdt,cpu,81.5,10,id,0.8113900796080833,0.5619659659948291,0.43586141307786075,0.7334921018232846,0.13814399074155606,0.01519139093020104,0.017318259044686358
cc18_1053,openml_cc18,xgb,2,gbdt,cpu,81.5,20,id,0.8086344151867728,0.5614601655084916,0.43328188582726695,0.7402891713041724,0.13741678097102733,0.016794926549073608,0.020052460379647762
cc18_1053,openml_cc18,xgb,2,gbdt,cpu,81.5,30,id,0.8086344151867728,0.5614601655084916,0.43328188582726695,0.7402891713041724,0.13741678097102733,0.016794926549073608,0.020052460379647762
cc18_1053,openml_cc18,xgb,3,gbdt,cpu,120.3,0,id,0.8022045315370484,0.5815263881279855,0.4791978765919783,0.7082420249319993,0.14860693233581496,0.05982252160647275,0.05916628757296654
cc18_1053,openml_cc18,xgb,3,gbdt,cpu,120.3,5,id,0.8092467850581752,0.5636437578693425,0.4354391720562611,0.7335927212787021,0.13805411738891377,0.018427150295471317,0.016465866256446412
cc18_1053,openml_cc18,xgb,3,gbdt,cpu,120.3,10,id,0.8101653398652786,0.5714290005094048,0.43801167912598477,0.7351518723027979,0.138796783481382,0.02726793231925056,0.025358016424899113
cc18_1053,openml_cc18,xgb,3,gbdt,cpu,120.3,20,id,0.8101653398652786,0.5714290005094048,0.43801167912598477,0.7351518723027979,0.138796783481382,0.02726793231925056,0.025358016424899113
cc18_1053,openml_cc18,xgb,3,gbdt,cpu,120.3,30,id,0.8101653398652786,0.5714290005094048,0.43801167912598477,0.7351518723027979,0.138796783481382,0.02726793231925056,0.025358016424899113
cc18_1053,openml_cc18,xgb,4,gbdt,cpu,97.0,0,id,0.8022045315370484,0.5815263881279855,0.4791978765919783,0.7082420249319993,0.14860693233581496,0.05982252160647275,0.05916628757296654
cc18_1053,openml_cc18,xgb,4,gbdt,cpu,97.0,5,id,0.8067973055725658,0.5007911392405063,0.4475992485905277,0.7210687528233519,0.14115311471576486,0.03514312611481052,0.03113740000396128
cc18_1053,openml_cc18,xgb,4,gbdt,cpu,97.0,10,id,0.8092467850581752,0.56123850234999,0.43734486794398486,0.7319611843180224,0.13871894475460148,0.015983845556094396,0.018974591906659538
cc18_1053,openml_cc18,xgb,4,gbdt,cpu,97.0,20,id,0.8092467850581752,0.56123850234999,0.43734486794398486,0.7319611843180224,0.13871894475460148,0.015983845556094396,0.018974591906659538
cc18_1053,openml_cc18,xgb,4,gbdt,cpu,97.0,30,id,0.8092467850581752,0.56123850234999,0.43734486794398486,0.7319611843180224,0.13871894475460148,0.015983845556094396,0.018974591906659538
cc18_1067,openml_cc18,catb,0,gbdt,cpu,108.3,0,id,0.8578199052132701,0.6033282471867252,0.3244927377846256,0.8435533091741368,0.09915924469149247,0.05052164774932868,0.03800193326394176
cc18_1067,openml_cc18,catb,0,gbdt,cpu,108.3,5,id,0.8625592417061612,0.6186343696357047,0.3210677439334443,0.8440873545679954,0.09691928934707211,0.045932924542871324,0.03635778766877075
cc18_1067,openml_cc18,catb,0,gbdt,cpu,108.3,10,id,0.8625592417061612,0.601964524127408,0.32932568628845227,0.8393572382223917,0.1005077409344317,0.044575200377073784,0.03670482141459161
cc18_1067,openml_cc18,catb,0,gbdt,cpu,108.3,20,id,0.8625592417061612,0.601964524127408,0.32932568628845227,0.8393572382223917,0.1005077409344317,0.044575200377073784,0.03670482141459161
cc18_1067,openml_cc18,catb,0,gbdt,cpu,108.3,30,id,0.8625592417061612,0.601964524127408,0.32932568628845227,0.8393572382223917,0.1005077409344317,0.044575200377073784,0.03670482141459161
cc18_1067,openml_cc18,catb,1,gbdt,cpu,136.8,0,id,0.8562401263823065,0.5982262063703986,0.32507886758379745,0.8446023269120733,0.09962557322109337,0.05072680738925499,0.04088521646344164
cc18_1067,openml_cc18,catb,1,gbdt,cpu,136.8,5,id,0.8641390205371248,0.5987316421895861,0.3300256293459073,0.8382128552355522,0.10078860107769166,0.0400003540919201,0.03471164192306687
cc18_1067,openml_cc18,catb,1,gbdt,cpu,136.8,10,id,0.8657187993680885,0.5996662216288384,0.33153274612733946,0.8350658020217432,0.10107400809712448,0.0501872014741433,0.0347083025604031
cc18_1067,openml_cc18,catb,1,gbdt,cpu,136.8,20,id,0.8657187993680885,0.5996662216288384,0.33153274612733946,0.8350658020217432,0.10107400809712448,0.0501872014741433,0.0347083025604031
cc18_1067,openml_cc18,catb,1,gbdt,cpu,136.8,30,id,0.8625592417061612,0.5936296013732596,0.340226440405542,0.823526606904444,0.10415256930187837,0.05125903508134626,0.032844722469331414
cc18_1067,openml_cc18,catb,2,gbdt,cpu,93.5,0,id,0.8546603475513428,0.5972916269311462,0.32213113992768405,0.8465096318901393,0.09828735687801556,0.04698518113270747,0.04082911043675275
cc18_1067,openml_cc18,catb,2,gbdt,cpu,93.5,5,id,0.8657187993680885,0.5871638374976159,0.3412653292124677,0.8232595842075148,0.10537520056970105,0.039567230876017184,0.032679006456163937
cc18_1067,openml_cc18,catb,2,gbdt,cpu,93.5,10,id,0.8657187993680885,0.5871638374976159,0.3412653292124677,0.8232595842075148,0.10537520056970105,0.039567230876017184,0.032679006456163937
cc18_1067,openml_cc18,catb,2,gbdt,cpu,93.5,20,id,0.8657187993680885,0.5871638374976159,0.3412653292124677,0.8232595842075148,0.10537520056970105,0.039567230876017184,0.032679006456163937
cc18_1067,openml_cc18,catb,2,gbdt,cpu,93.5,30,id,0.8657187993680885,0.5871638374976159,0.3412653292124677,0.8232595842075148,0.10537520056970105,0.039567230876017184,0.032679006456163937
cc18_1067,openml_cc18,catb,3,gbdt,cpu,110.4,0,id,0.8609794628751974,0.6010299446881556,0.3239902649187347,0.8426378027846653,0.09896378185211158,0.04354879446741268,0.036413029246769486
cc18_1067,openml_cc18,catb,3,gbdt,cpu,110.4,5,id,0.8609794628751974,0.5843600991798589,0.33733152767109464,0.8276845317566279,0.10328502582089581,0.051627014304355914,0.03441409508870534
cc18_1067,openml_cc18,catb,3,gbdt,cpu,110.4,10,id,0.8609794628751974,0.5843600991798589,0.33733152767109464,0.8276845317566279,0.10328502582089581,0.051627014304355914,0.03441409508870534
cc18_1067,openml_cc18,catb,3,gbdt,cpu,110.4,20,id,0.8609794628751974,0.5926950219340072,0.3383694513161365,0.8279706275033378,0.1037856663031349,0.05668630377076513,0.034363954513948455
cc18_1067,openml_cc18,catb,3,gbdt,cpu,110.4,30,id,0.8609794628751974,0.5926950219340072,0.3383694513161365,0.8279706275033378,0.1037856663031349,0.05668630377076513,0.034363954513948455
cc18_1067,openml_cc18,catb,4,gbdt,cpu,123.7,0,id,0.8625592417061612,0.6144669082586306,0.32348190811140526,0.8466622162883846,0.09909156918781868,0.03834443759178407,0.03864717024239388
cc18_1067,openml_cc18,catb,4,gbdt,cpu,123.7,5,id,0.8593996840442338,0.5834255197406065,0.3426322353962622,0.8243848941445737,0.10621052258713876,0.045092773314000655,0.032534901937035704
cc18_1067,openml_cc18,catb,4,gbdt,cpu,123.7,10,id,0.8641390205371248,0.5945641808125119,0.34267334436982233,0.8202269692923898,0.10465716092588496,0.06585988312412062,0.0346582980269246
cc18_1067,openml_cc18,catb,4,gbdt,cpu,123.7,20,id,0.8657187993680885,0.6038336830059127,0.33816016224316087,0.8257390806790006,0.10367640570557082,0.05615835380099211,0.035513805565675564
cc18_1067,openml_cc18,catb,4,gbdt,cpu,123.7,30,id,0.8641390205371248,0.5945641808125119,0.33855392821169383,0.8267880984169368,0.10385441553916867,0.0461280505027605,0.033422054631563045
cc18_1067,openml_cc18,lgbm,0,gbdt,cpu,68.3,0,id,0.8609794628751974,0.6593744039671944,0.3686474953150771,0.8240415792485218,0.10419269279495662,0.05942840291766539,0.05529640670265907
cc18_1067,openml_cc18,lgbm,0,gbdt,cpu,68.3,5,id,0.8609794628751974,0.5968624833110814,0.33820475081655454,0.8226969292389854,0.10385488994991822,0.04175766798888126,0.03077365342963588
cc18_1067,openml_cc18,lgbm,0,gbdt,cpu,68.3,10,id,0.8609794628751974,0.5968624833110814,0.33820475081655454,0.8226969292389854,0.10385488994991822,0.04175766798888126,0.03077365342963588
cc18_1067,openml_cc18,lgbm,0,gbdt,cpu,68.3,20,id,0.8609794628751974,0.5968624833110814,0.33820475081655454,0.8226969292389854,0.10385488994991822,0.04175766798888126,0.03077365342963588
cc18_1067,openml_cc18,lgbm,0,gbdt,cpu,68.3,30,id,0.8609794628751974,0.5968624833110814,0.33820475081655454,0.8226969292389854,0.10385488994991822,0.04175766798888126,0.03077365342963588
cc18_1067,openml_cc18,lgbm,1,gbdt,cpu,41.6,0,id,0.8609794628751974,0.6593744039671944,0.3686474953150771,0.8240415792485218,0.10419269279495662,0.05942840291766539,0.05529640670265907
cc18_1067,openml_cc18,lgbm,1,gbdt,cpu,41.6,5,id,0.8530805687203792,0.533845126835781,0.3424793529151303,0.8289147434674804,0.10469791374498179,0.051457660216503644,0.042373051790078956
cc18_1067,openml_cc18,lgbm,1,gbdt,cpu,41.6,10,id,0.8530805687203792,0.533845126835781,0.3424793529151303,0.8289147434674804,0.10469791374498179,0.051457660216503644,0.042373051790078956
cc18_1067,openml_cc18,lgbm,1,gbdt,cpu,41.6,20,id,0.8451816745655608,0.5,0.35719927081016356,0.8060938394049209,0.11073505353243286,0.03440946646278069,0.027159938735810903
cc18_1067,openml_cc18,lgbm,1,gbdt,cpu,41.6,30,id,0.8609794628751974,0.5926950219340072,0.3365707137670225,0.8261968338737364,0.10335449876342331,0.04252596011005529,0.028516664678119474
cc18_1067,openml_cc18,lgbm,2,gbdt,cpu,57.8,0,id,0.8609794628751974,0.6593744039671944,0.3686474953150771,0.8240415792485218,0.10419269279495662,0.05942840291766539,0.05529640670265907
cc18_1067,openml_cc18,lgbm,2,gbdt,cpu,57.8,5,id,0.8672985781990521,0.6297730307076101,0.32635678490446524,0.8357905779134083,0.09783478861026093,0.05657968032120824,0.0380796212320301
cc18_1067,openml_cc18,lgbm,2,gbdt,cpu,57.8,10,id,0.8530805687203792,0.554682433721152,0.3424481796284388,0.8205035285142094,0.10488669621120814,0.029984630629726065,0.030032005755516147
cc18_1067,openml_cc18,lgbm,2,gbdt,cpu,57.8,20,id,0.8562401263823065,0.5815563608621018,0.3403557374788176,0.8206179668128933,0.10524501860451234,0.04135045386053304,0.030919216220700194
cc18_1067,openml_cc18,lgbm,2,gbdt,cpu,57.8,30,id,0.8578199052132701,0.5866584016784284,0.3309287295954733,0.8283902345985124,0.10106171046259278,0.03956784837041069,0.029231291121968362
cc18_1067,openml_cc18,lgbm,3,gbdt,cpu,45.6,0,id,0.8609794628751974,0.6593744039671944,0.3686474953150771,0.8240415792485218,0.10419269279495662,0.05942840291766539,0.05529640670265907
cc18_1067,openml_cc18,lgbm,3,gbdt,cpu,45.6,5,id,0.8562401263823065,0.5773888994850277,0.33743705405315505,0.8237650200267022,0.10426381417698406,0.042212542509025695,0.03492492656223884
cc18_1067,openml_cc18,lgbm,3,gbdt,cpu,45.6,10,id,0.8562401263823065,0.5773888994850277,0.33743705405315505,0.8237650200267022,0.10426381417698406,0.042212542509025695,0.03492492656223884
cc18_1067,openml_cc18,lgbm,3,gbdt,cpu,45.6,20,id,0.8562401263823065,0.5773888994850277,0.33743705405315505,0.8237650200267022,0.10426381417698406,0.042212542509025695,0.03492492656223884
cc18_1067,openml_cc18,lgbm,3,gbdt,cpu,45.6,30,id,0.8562401263823065,0.5773888994850277,0.33743705405315505,0.8237650200267022,0.10426381417698406,0.042212542509025695,0.03492492656223884
cc18_1067,openml_cc18,lgbm,4,gbdt,cpu,55.0,0,id,0.8609794628751974,0.6593744039671944,0.3686474953150771,0.8240415792485218,0.10419269279495662,0.05942840291766539,0.05529640670265907
cc18_1067,openml_cc18,lgbm,4,gbdt,cpu,55.0,5,id,0.8451816745655608,0.5,0.3659911564805867,0.8024794964714859,0.11313526860844998,0.041482918387692636,0.03785831084746675
cc18_1067,openml_cc18,lgbm,4,gbdt,cpu,55.0,10,id,0.8451816745655608,0.5,0.3659911564805867,0.8024794964714859,0.11313526860844998,0.041482918387692636,0.03785831084746675
cc18_1067,openml_cc18,lgbm,4,gbdt,cpu,55.0,20,id,0.8546603475513428,0.5722868586687011,0.34738613980303007,0.8158210947930574,0.10754420761139767,0.03238973166800066,0.029870717656582134
cc18_1067,openml_cc18,lgbm,4,gbdt,cpu,55.0,30,id,0.8609794628751974,0.5968624833110814,0.336703860473256,0.8241750905969865,0.10349103559331578,0.038370347186518175,0.02704883678221926
cc18_1067,openml_cc18,xgb,0,gbdt,cpu,53.6,0,id,0.8578199052132701,0.6575052450886897,0.38126770253050657,0.8210089643333969,0.10789678671480737,0.07059850303623914,0.0653225255759672
cc18_1067,openml_cc18,xgb,0,gbdt,cpu,53.6,5,id,0.8641390205371248,0.5945641808125119,0.3340309275656981,0.8317280183101278,0.10207451252699296,0.038868279636235785,0.03370842292172435
cc18_1067,openml_cc18,xgb,0,gbdt,cpu,53.6,10,id,0.8625592417061612,0.5769597558649628,0.3486174424992183,0.8154300972725539,0.10720002009940127,0.031914756808424066,0.03206469377023456
cc18_1067,openml_cc18,xgb,0,gbdt,cpu,53.6,20,id,0.8625592417061612,0.5769597558649628,0.3486174424992183,0.8154300972725539,0.10720002009940127,0.031914756808424066,0.03206469377023456
cc18_1067,openml_cc18,xgb,0,gbdt,cpu,53.6,30,id,0.8625592417061612,0.5769597558649628,0.3486174424992183,0.8154300972725539,0.10720002009940127,0.031914756808424066,0.03206469377023456
cc18_1067,openml_cc18,xgb,1,gbdt,cpu,58.0,0,id,0.8578199052132701,0.6575052450886897,0.38126770253050657,0.8210089643333969,0.10789678671480737,0.07059850303623914,0.0653225255759672
cc18_1067,openml_cc18,xgb,1,gbdt,cpu,58.0,5,id,0.8578199052132701,0.5533187106618348,0.3443941095375109,0.8344173183292007,0.10459377919751456,0.06013108154326253,0.048493155784521694
cc18_1067,openml_cc18,xgb,1,gbdt,cpu,58.0,10,id,0.8562401263823065,0.5940587449933245,0.3343369191957259,0.8269979019645242,0.10178416592711084,0.05099210649799396,0.037263141602399054
cc18_1067,openml_cc18,xgb,1,gbdt,cpu,58.0,20,id,0.8609794628751974,0.5676902536715621,0.3495511689314541,0.8246137707419416,0.10788338596580853,0.05037455981094126,0.036353420150816454
cc18_1067,openml_cc18,xgb,1,gbdt,cpu,58.0,30,id,0.8593996840442338,0.5750905969864581,0.34336217124136287,0.8237364104520313,0.10675676785057524,0.029324895862672375,0.03201243095599622
cc18_1067,openml_cc18,xgb,2,gbdt,cpu,49.1,0,id,0.8578199052132701,0.6575052450886897,0.38126770253050657,0.8210089643333969,0.10789678671480737,0.07059850303623914,0.0653225255759672
cc18_1067,openml_cc18,xgb,2,gbdt,cpu,49.1,5,id,0.8546603475513428,0.5764543200457753,0.33243063391036376,0.8371066183482738,0.10228725043013037,0.0380475309958437,0.03680281822030199
cc18_1067,openml_cc18,xgb,2,gbdt,cpu,49.1,10,id,0.8546603475513428,0.5764543200457753,0.33243063391036376,0.8371066183482738,0.10228725043013037,0.0380475309958437,0.03680281822030199
cc18_1067,openml_cc18,xgb,2,gbdt,cpu,49.1,20,id,0.8546603475513428,0.5764543200457753,0.33243063391036376,0.8371066183482738,0.10228725043013037,0.0380475309958437,0.03680281822030199
cc18_1067,openml_cc18,xgb,2,gbdt,cpu,49.1,30,id,0.8546603475513428,0.5764543200457753,0.33243063391036376,0.8371066183482738,0.10228725043013037,0.0380475309958437,0.03680281822030199
cc18_1067,openml_cc18,xgb,3,gbdt,cpu,59.6,0,id,0.8578199052132701,0.6575052450886897,0.38126770253050657,0.8210089643333969,0.10789678671480737,0.07059850303623914,0.0653225255759672
cc18_1067,openml_cc18,xgb,3,gbdt,cpu,59.6,5,id,0.8625592417061612,0.5852946786191112,0.33878230643917717,0.8262540530230784,0.10500234182154229,0.04041473758164176,0.03560021554891126
cc18_1067,openml_cc18,xgb,3,gbdt,cpu,59.6,10,id,0.8625592417061612,0.5852946786191112,0.33878230643917717,0.8262540530230784,0.10500234182154229,0.04041473758164176,0.03560021554891126
cc18_1067,openml_cc18,xgb,3,gbdt,cpu,59.6,20,id,0.8625592417061612,0.5852946786191112,0.33878230643917717,0.8262540530230784,0.10500234182154229,0.04041473758164176,0.03560021554891126
cc18_1067,openml_cc18,xgb,3,gbdt,cpu,59.6,30,id,0.8625592417061612,0.5852946786191112,0.33878230643917717,0.8262540530230784,0.10500234182154229,0.04041473758164176,0.03560021554891126
cc18_1067,openml_cc18,xgb,4,gbdt,cpu,56.6,0,id,0.8578199052132701,0.6575052450886897,0.38126770253050657,0.8210089643333969,0.10789678671480737,0.07059850303623914,0.0653225255759672
cc18_1067,openml_cc18,xgb,4,gbdt,cpu,56.6,5,id,0.8451816745655608,0.5,0.36321116656496427,0.8137707419416366,0.11088284049965758,0.05773629594188166,0.04571625324819866
cc18_1067,openml_cc18,xgb,4,gbdt,cpu,56.6,10,id,0.8641390205371248,0.6028991035666603,0.32667547957991894,0.8416269311462903,0.09946893827734833,0.051548591222007875,0.038721232580170524
cc18_1067,openml_cc18,xgb,4,gbdt,cpu,56.6,20,id,0.8609794628751974,0.5718577150486363,0.3442075501779502,0.8221152012206752,0.10587914144601826,0.044673711661761414,0.03263324932683769
cc18_1067,openml_cc18,xgb,4,gbdt,cpu,56.6,30,id,0.8578199052132701,0.57832347892428,0.3430006214830578,0.8220293724966623,0.10664984115700189,0.03658186367714386,0.03209992782564876
cc18_1068,openml_cc18,catb,0,gbdt,cpu,99.1,0,id,0.93993993993994,0.6658485273492286,0.17431888147989025,0.8760869565217391,0.04755557330146408,0.020297247784956673,0.021274046757348147
cc18_1068,openml_cc18,catb,0,gbdt,cpu,99.1,5,id,0.933933933933934,0.6424964936886395,0.18313009663149055,0.879312762973352,0.050512950021158715,0.03387472465407122,0.029191484408917837
cc18_1068,openml_cc18,catb,0,gbdt,cpu,99.1,10,id,0.933933933933934,0.6223702664796634,0.17371700708062793,0.8780504908835904,0.0475189479455223,0.027430062222351653,0.02354646719834698
cc18_1068,openml_cc18,catb,0,gbdt,cpu,99.1,20,id,0.933933933933934,0.6223702664796634,0.17371700708062793,0.8780504908835904,0.0475189479455223,0.027430062222351653,0.02354646719834698
cc18_1068,openml_cc18,catb,0,gbdt,cpu,99.1,30,id,0.933933933933934,0.6223702664796634,0.17371700708062793,0.8780504908835904,0.0475189479455223,0.027430062222351653,0.02354646719834698
cc18_1068,openml_cc18,catb,1,gbdt,cpu,144.2,0,id,0.93993993993994,0.6658485273492286,0.17408719991651983,0.876788218793829,0.04738504867920453,0.022635532848884102,0.021551447997795292
cc18_1068,openml_cc18,catb,1,gbdt,cpu,144.2,5,id,0.93993993993994,0.6457223001402524,0.17277541177866432,0.8808555399719495,0.04740763574740702,0.020096404907506138,0.019802782700210877
cc18_1068,openml_cc18,catb,1,gbdt,cpu,144.2,10,id,0.93993993993994,0.6457223001402524,0.17277541177866432,0.8808555399719495,0.04740763574740702,0.020096404907506138,0.019802782700210877
cc18_1068,openml_cc18,catb,1,gbdt,cpu,144.2,20,id,0.93993993993994,0.6457223001402524,0.17277541177866432,0.8808555399719495,0.04740763574740702,0.020096404907506138,0.019802782700210877
cc18_1068,openml_cc18,catb,1,gbdt,cpu,144.2,30,id,0.93993993993994,0.6457223001402524,0.17277541177866432,0.8808555399719495,0.04740763574740702,0.020096404907506138,0.019802782700210877
cc18_1068,openml_cc18,catb,2,gbdt,cpu,90.8,0,id,0.9429429429429429,0.667461430575035,0.1760842592710173,0.8738429172510519,0.047989005594815344,0.018525232149985082,0.019302642324729797
cc18_1068,openml_cc18,catb,2,gbdt,cpu,90.8,5,id,0.9429429429429429,0.6473352033660589,0.17419171848126971,0.8770687237026649,0.047923720218047056,0.014943586434110917,0.016507605645040564
cc18_1068,openml_cc18,catb,2,gbdt,cpu,90.8,10,id,0.9429429429429429,0.6473352033660589,0.17419171848126971,0.8770687237026649,0.047923720218047056,0.014943586434110917,0.016507605645040564
cc18_1068,openml_cc18,catb,2,gbdt,cpu,90.8,20,id,0.9429429429429429,0.6473352033660589,0.17419171848126971,0.8770687237026649,0.047923720218047056,0.014943586434110917,0.016507605645040564
cc18_1068,openml_cc18,catb,2,gbdt,cpu,90.8,30,id,0.93993993993994,0.6457223001402524,0.17661469630556503,0.8694950911640953,0.04784801199540789,0.020656220423351752,0.022345853070057133
cc18_1068,openml_cc18,catb,3,gbdt,cpu,104.8,0,id,0.93993993993994,0.6658485273492286,0.1751495893508611,0.8737026647966339,0.047483949783848414,0.03005398668902589,0.024529213380534633
cc18_1068,openml_cc18,catb,3,gbdt,cpu,104.8,5,id,0.9309309309309309,0.5603786816269285,0.1779132287406868,0.8728611500701262,0.04887472745471484,0.016449376728171105,0.020805887665707193
cc18_1068,openml_cc18,catb,3,gbdt,cpu,104.8,10,id,0.93993993993994,0.6457223001402524,0.17332232723486937,0.8875876577840113,0.04812806574754679,0.025829123962390715,0.025676879084394734
cc18_1068,openml_cc18,catb,3,gbdt,cpu,104.8,20,id,0.93993993993994,0.6457223001402524,0.17332232723486937,0.8875876577840113,0.04812806574754679,0.025829123962390715,0.025676879084394734
cc18_1068,openml_cc18,catb,3,gbdt,cpu,104.8,30,id,0.93993993993994,0.6457223001402524,0.17332232723486937,0.8875876577840113,0.04812806574754679,0.025829123962390715,0.025676879084394734
cc18_1068,openml_cc18,catb,4,gbdt,cpu,113.8,0,id,0.93993993993994,0.6658485273492286,0.1745326423053012,0.876788218793829,0.04770635290968801,0.026229994789377965,0.022642742916585745
cc18_1068,openml_cc18,catb,4,gbdt,cpu,113.8,5,id,0.9429429429429429,0.6473352033660589,0.17174038145915632,0.8828190743338009,0.047467417484917916,0.020371721249728025,0.019267198528404594
cc18_1068,openml_cc18,catb,4,gbdt,cpu,113.8,10,id,0.9429429429429429,0.6473352033660589,0.17174038145915632,0.8828190743338009,0.047467417484917916,0.020371721249728025,0.019267198528404594
cc18_1068,openml_cc18,catb,4,gbdt,cpu,113.8,20,id,0.93993993993994,0.6658485273492286,0.1729418908248523,0.8779102384291725,0.04747396126475647,0.020475888605348155,0.01981233743945013
cc18_1068,openml_cc18,catb,4,gbdt,cpu,113.8,30,id,0.93993993993994,0.6658485273492286,0.1729418908248523,0.8779102384291725,0.04747396126475647,0.020475888605348155,0.01981233743945013
cc18_1068,openml_cc18,lgbm,0,gbdt,cpu,30.8,0,id,0.93993993993994,0.6859747545582048,0.2854436050896292,0.8577138849929874,0.050338484603883786,0.05007134741790323,0.058444376083672596
cc18_1068,openml_cc18,lgbm,0,gbdt,cpu,30.8,5,id,0.9279279279279279,0.5185133239831697,0.18480570969755525,0.8707573632538569,0.05202301423482116,0.03346857007332969,0.028042193574745716
cc18_1068,openml_cc18,lgbm,0,gbdt,cpu,30.8,10,id,0.9279279279279279,0.5185133239831697,0.18480570969755525,0.8707573632538569,0.05202301423482116,0.03346857007332969,0.028042193574745716
cc18_1068,openml_cc18,lgbm,0,gbdt,cpu,30.8,20,id,0.9279279279279279,0.5185133239831697,0.18480570969755525,0.8707573632538569,0.05202301423482116,0.03346857007332969,0.028042193574745716
cc18_1068,openml_cc18,lgbm,0,gbdt,cpu,30.8,30,id,0.9279279279279279,0.5185133239831697,0.18480570969755525,0.8707573632538569,0.05202301423482116,0.03346857007332969,0.028042193574745716
cc18_1068,openml_cc18,lgbm,1,gbdt,cpu,19.6,0,id,0.93993993993994,0.6859747545582048,0.2854436050896292,0.8577138849929874,0.050338484603883786,0.05007134741790323,0.058444376083672596
cc18_1068,openml_cc18,lgbm,1,gbdt,cpu,19.6,5,id,0.9429429429429429,0.6473352033660589,0.17058479525951992,0.8863253856942497,0.04569442183766338,0.03375941979044844,0.02468427835955136
cc18_1068,openml_cc18,lgbm,1,gbdt,cpu,19.6,10,id,0.93993993993994,0.6658485273492286,0.17628164339761748,0.8833800841514727,0.048181160420661055,0.03243355162136595,0.027400071117143
cc18_1068,openml_cc18,lgbm,1,gbdt,cpu,19.6,20,id,0.93993993993994,0.6658485273492286,0.17628164339761748,0.8833800841514727,0.048181160420661055,0.03243355162136595,0.027400071117143
cc18_1068,openml_cc18,lgbm,1,gbdt,cpu,19.6,30,id,0.9369369369369369,0.6239831697054699,0.17641779377810576,0.8835203366058907,0.049921014485953055,0.029652666520193712,0.021630503814119868
cc18_1068,openml_cc18,lgbm,2,gbdt,cpu,23.4,0,id,0.93993993993994,0.6859747545582048,0.2854436050896292,0.8577138849929874,0.050338484603883786,0.05007134741790323,0.058444376083672596
cc18_1068,openml_cc18,lgbm,2,gbdt,cpu,23.4,5,id,0.9429429429429429,0.6272089761570827,0.17764412203764388,0.8724403927068723,0.047708416515401766,0.0345915989050449,0.026074678098471707
cc18_1068,openml_cc18,lgbm,2,gbdt,cpu,23.4,10,id,0.9429429429429429,0.6272089761570827,0.17764412203764388,0.8724403927068723,0.047708416515401766,0.0345915989050449,0.026074678098471707
cc18_1068,openml_cc18,lgbm,2,gbdt,cpu,23.4,20,id,0.9429429429429429,0.6272089761570827,0.17764412203764388,0.8724403927068723,0.047708416515401766,0.0345915989050449,0.026074678098471707
cc18_1068,openml_cc18,lgbm,2,gbdt,cpu,23.4,30,id,0.9429429429429429,0.6272089761570827,0.17764412203764388,0.8724403927068723,0.047708416515401766,0.0345915989050449,0.026074678098471707
cc18_1068,openml_cc18,lgbm,3,gbdt,cpu,23.3,0,id,0.93993993993994,0.6859747545582048,0.2854436050896292,0.8577138849929874,0.050338484603883786,0.05007134741790323,0.058444376083672596
cc18_1068,openml_cc18,lgbm,3,gbdt,cpu,23.3,5,id,0.9369369369369369,0.5636044880785414,0.1805643007860012,0.8681626928471248,0.049466955091989735,0.02984081418845676,0.023410469709180207
cc18_1068,openml_cc18,lgbm,3,gbdt,cpu,23.3,10,id,0.9429429429429429,0.667461430575035,0.18133317235574894,0.864446002805049,0.047617028030624134,0.04726930185658167,0.03392922861277335
cc18_1068,openml_cc18,lgbm,3,gbdt,cpu,23.3,20,id,0.9429429429429429,0.667461430575035,0.18133317235574894,0.864446002805049,0.047617028030624134,0.04726930185658167,0.03392922861277335
cc18_1068,openml_cc18,lgbm,3,gbdt,cpu,23.3,30,id,0.9429429429429429,0.667461430575035,0.18133317235574894,0.864446002805049,0.047617028030624134,0.04726930185658167,0.03392922861277335
cc18_1068,openml_cc18,lgbm,4,gbdt,cpu,22.5,0,id,0.93993993993994,0.6859747545582048,0.2854436050896292,0.8577138849929874,0.050338484603883786,0.05007134741790323,0.058444376083672596
cc18_1068,openml_cc18,lgbm,4,gbdt,cpu,22.5,5,id,0.9309309309309309,0.5,0.216651288009589,0.8399719495091164,0.0595259177031516,0.044351900326369015,0.030764931905682972
cc18_1068,openml_cc18,lgbm,4,gbdt,cpu,22.5,10,id,0.93993993993994,0.6457223001402524,0.18030562728296753,0.8723001402524545,0.04804119723030579,0.04040576098547506,0.03402640221594225
cc18_1068,openml_cc18,lgbm,4,gbdt,cpu,22.5,20,id,0.93993993993994,0.6457223001402524,0.18030562728296753,0.8723001402524545,0.04804119723030579,0.04040576098547506,0.03402640221594225
cc18_1068,openml_cc18,lgbm,4,gbdt,cpu,22.5,30,id,0.9459459459459459,0.6489481065918654,0.1795982467851783,0.8664796633941094,0.04810004998518477,0.033078271207072164,0.026049610074098947
cc18_1068,openml_cc18,xgb,0,gbdt,cpu,45.0,0,id,0.933933933933934,0.6626227208976156,0.24287028750446918,0.835413744740533,0.05268407815414012,0.05506614724023117,0.04460173826904384
cc18_1068,openml_cc18,xgb,0,gbdt,cpu,45.0,5,id,0.93993993993994,0.6255960729312763,0.1739302687375109,0.8665497896213185,0.046303114094225266,0.030065646836976028,0.026344297624823494
cc18_1068,openml_cc18,xgb,0,gbdt,cpu,45.0,10,id,0.93993993993994,0.6255960729312763,0.1739302687375109,0.8665497896213185,0.046303114094225266,0.030065646836976028,0.026344297624823494
cc18_1068,openml_cc18,xgb,0,gbdt,cpu,45.0,20,id,0.93993993993994,0.6255960729312763,0.1739302687375109,0.8665497896213185,0.046303114094225266,0.030065646836976028,0.026344297624823494
cc18_1068,openml_cc18,xgb,0,gbdt,cpu,45.0,30,id,0.93993993993994,0.6255960729312763,0.1739302687375109,0.8665497896213185,0.046303114094225266,0.030065646836976028,0.026344297624823494
cc18_1068,openml_cc18,xgb,1,gbdt,cpu,50.9,0,id,0.933933933933934,0.6626227208976156,0.24287028750446918,0.835413744740533,0.05268407815414012,0.05506614724023117,0.04460173826904384
cc18_1068,openml_cc18,xgb,1,gbdt,cpu,50.9,5,id,0.9429429429429429,0.6473352033660589,0.17549430116317832,0.8800140252454418,0.046777848408117204,0.03631754114373667,0.03140494124132934
cc18_1068,openml_cc18,xgb,1,gbdt,cpu,50.9,10,id,0.9429429429429429,0.6473352033660589,0.17549430116317832,0.8800140252454418,0.046777848408117204,0.03631754114373667,0.03140494124132934
cc18_1068,openml_cc18,xgb,1,gbdt,cpu,50.9,20,id,0.9429429429429429,0.6473352033660589,0.17549430116317832,0.8800140252454418,0.046777848408117204,0.03631754114373667,0.03140494124132934
cc18_1068,openml_cc18,xgb,1,gbdt,cpu,50.9,30,id,0.93993993993994,0.5853436185133241,0.17608291376312296,0.8774894810659187,0.0485037415350949,0.0172406230513398,0.01757499463522143
cc18_1068,openml_cc18,xgb,2,gbdt,cpu,37.9,0,id,0.933933933933934,0.6626227208976156,0.24287028750446918,0.835413744740533,0.05268407815414012,0.05506614724023117,0.04460173826904384
cc18_1068,openml_cc18,xgb,2,gbdt,cpu,37.9,5,id,0.93993993993994,0.6457223001402524,0.17594899216957283,0.867531556802244,0.04741418358463025,0.03861472949206649,0.027996691978628963
cc18_1068,openml_cc18,xgb,2,gbdt,cpu,37.9,10,id,0.93993993993994,0.6457223001402524,0.17594899216957283,0.867531556802244,0.04741418358463025,0.03861472949206649,0.027996691978628963
cc18_1068,openml_cc18,xgb,2,gbdt,cpu,37.9,20,id,0.93993993993994,0.6457223001402524,0.17594899216957283,0.867531556802244,0.04741418358463025,0.03861472949206649,0.027996691978628963
cc18_1068,openml_cc18,xgb,2,gbdt,cpu,37.9,30,id,0.93993993993994,0.6457223001402524,0.17594899216957283,0.867531556802244,0.04741418358463025,0.03861472949206649,0.027996691978628963
cc18_1068,openml_cc18,xgb,3,gbdt,cpu,39.3,0,id,0.933933933933934,0.6626227208976156,0.24287028750446918,0.835413744740533,0.05268407815414012,0.05506614724023117,0.04460173826904384
cc18_1068,openml_cc18,xgb,3,gbdt,cpu,39.3,5,id,0.9369369369369369,0.644109396914446,0.18275296750738304,0.86164095371669,0.048548817646177286,0.02915661769720527,0.026855542453321862
cc18_1068,openml_cc18,xgb,3,gbdt,cpu,39.3,10,id,0.9369369369369369,0.644109396914446,0.18275296750738304,0.86164095371669,0.048548817646177286,0.02915661769720527,0.026855542453321862
cc18_1068,openml_cc18,xgb,3,gbdt,cpu,39.3,20,id,0.9369369369369369,0.644109396914446,0.17437412541586075,0.8781907433380084,0.047665291309029696,0.029940525869707444,0.027848382593253947
cc18_1068,openml_cc18,xgb,3,gbdt,cpu,39.3,30,id,0.9369369369369369,0.644109396914446,0.17437412541586075,0.8781907433380084,0.047665291309029696,0.029940525869707444,0.027848382593253947
cc18_1068,openml_cc18,xgb,4,gbdt,cpu,36.2,0,id,0.933933933933934,0.6626227208976156,0.24287028750446918,0.835413744740533,0.05268407815414012,0.05506614724023117,0.04460173826904384
cc18_1068,openml_cc18,xgb,4,gbdt,cpu,36.2,5,id,0.9309309309309309,0.5,0.22287345740762288,0.8548387096774194,0.05876547112794745,0.05327889673389473,0.042757759193493235
cc18_1068,openml_cc18,xgb,4,gbdt,cpu,36.2,10,id,0.9429429429429429,0.6473352033660589,0.17942409751598115,0.8786115007012623,0.04693849955476383,0.046691760616572764,0.03182875383592788
cc18_1068,openml_cc18,xgb,4,gbdt,cpu,36.2,20,id,0.9429429429429429,0.6473352033660589,0.17942409751598115,0.8786115007012623,0.04693849955476383,0.046691760616572764,0.03182875383592788
cc18_1068,openml_cc18,xgb,4,gbdt,cpu,36.2,30,id,0.9369369369369369,0.5837307152875175,0.1803904548441806,0.8551893408134642,0.04725392958540985,0.023322646592830395,0.026866625516984675
cc18_1461,openml_cc18,catb,0,gbdt,cpu,177.2,0,id,0.9028,0.6849879421609764,0.2112104348369524,0.9256845675487979,0.0663720130565399,0.018523448666189605,0.019491028605201365
cc18_1461,openml_cc18,catb,0,gbdt,cpu,177.2,5,id,0.904,0.6886217004042956,0.2084048301689136,0.9266839186220364,0.06541108440286732,0.014516060637051433,0.015878317563312483
cc18_1461,openml_cc18,catb,0,gbdt,cpu,177.2,10,id,0.904,0.6886217004042956,0.2084048301689136,0.9266839186220364,0.06541108440286732,0.014516060637051433,0.015878317563312483
cc18_1461,openml_cc18,catb,0,gbdt,cpu,177.2,20,id,0.904,0.6886217004042956,0.2084048301689136,0.9266839186220364,0.06541108440286732,0.014516060637051433,0.015878317563312483
cc18_1461,openml_cc18,catb,0,gbdt,cpu,177.2,30,id,0.904,0.6886217004042956,0.2084048301689136,0.9266839186220364,0.06541108440286732,0.014516060637051433,0.015878317563312483
cc18_1461,openml_cc18,catb,1,gbdt,cpu,205.9,0,id,0.9035,0.7022654028216148,0.2094789638810787,0.9260454054814728,0.06575125169277062,0.01587729907593422,0.016709680956343054
cc18_1461,openml_cc18,catb,1,gbdt,cpu,205.9,5,id,0.9027,0.6714736774550724,0.21330361194951647,0.9215235497973404,0.06640560862059583,0.014793693454312803,0.015249146769866993
cc18_1461,openml_cc18,catb,1,gbdt,cpu,205.9,10,id,0.9027,0.6714736774550724,0.21330361194951647,0.9215235497973404,0.06640560862059583,0.014793693454312803,0.015249146769866993
cc18_1461,openml_cc18,catb,1,gbdt,cpu,205.9,20,id,0.9046,0.6921589079735437,0.20890304251507283,0.9251132952705554,0.0651446166408458,0.013400687611677375,0.014575468176458632
cc18_1461,openml_cc18,catb,1,gbdt,cpu,205.9,30,id,0.9046,0.6921589079735437,0.20890304251507283,0.9251132952705554,0.0651446166408458,0.013400687611677375,0.014575468176458632
cc18_1461,openml_cc18,catb,2,gbdt,cpu,189.9,0,id,0.9099,0.6960621185245499,0.20546408125932594,0.9260552611236609,0.06422166650451948,0.015975867348636704,0.01728050536026872
cc18_1461,openml_cc18,catb,2,gbdt,cpu,189.9,5,id,0.9091,0.6894080778020769,0.20450604975204423,0.9248978495463026,0.06381694392678955,0.01285117866082942,0.014298523405330395
cc18_1461,openml_cc18,catb,2,gbdt,cpu,189.9,10,id,0.9091,0.6894080778020769,0.20450604975204423,0.9248978495463026,0.06381694392678955,0.01285117866082942,0.014298523405330395
cc18_1461,openml_cc18,catb,2,gbdt,cpu,189.9,20,id,0.9091,0.6894080778020769,0.20450604975204423,0.9248978495463026,0.06381694392678955,0.01285117866082942,0.014298523405330395
cc18_1461,openml_cc18,catb,2,gbdt,cpu,189.9,30,id,0.9091,0.6894080778020769,0.20450604975204423,0.9248978495463026,0.06381694392678955,0.01285117866082942,0.014298523405330395
cc18_1461,openml_cc18,catb,3,gbdt,cpu,183.7,0,id,0.9071,0.6972190404156464,0.20237129006749882,0.9304047208799309,0.06356807787235111,0.014965213276269413,0.016366513172125775
cc18_1461,openml_cc18,catb,3,gbdt,cpu,183.7,5,id,0.905,0.6611950737669446,0.21143727783844907,0.921735522993129,0.06522892423952462,0.01687445473528884,0.016613340395868766
cc18_1461,openml_cc18,catb,3,gbdt,cpu,183.7,10,id,0.905,0.6611950737669446,0.21143727783844907,0.921735522993129,0.06522892423952462,0.01687445473528884,0.016613340395868766
cc18_1461,openml_cc18,catb,3,gbdt,cpu,183.7,20,id,0.9073,0.6863505856900416,0.2056468302133048,0.9262405284509557,0.06389539662861286,0.015578819600558031,0.01477635647322276
cc18_1461,openml_cc18,catb,3,gbdt,cpu,183.7,30,id,0.9073,0.6863505856900416,0.2056468302133048,0.9262405284509557,0.06389539662861286,0.015578819600558031,0.01477635647322276
cc18_1461,openml_cc18,catb,4,gbdt,cpu,183.0,0,id,0.9048,0.6976020568146815,0.21282014523372236,0.9217895584705013,0.06594066041060304,0.018588062517576835,0.019133555154286944
cc18_1461,openml_cc18,catb,4,gbdt,cpu,183.0,5,id,0.904,0.7059222786925371,0.22204677446179294,0.9188122464618842,0.06804799819136936,0.025817029531076997,0.026777033898701952
cc18_1461,openml_cc18,catb,4,gbdt,cpu,183.0,10,id,0.9071,0.7065279626913683,0.2165046327865986,0.9205988511478439,0.06637763854983589,0.02200640091422341,0.023186850888553164
cc18_1461,openml_cc18,catb,4,gbdt,cpu,183.0,20,id,0.9064,0.6943099907906771,0.21215553892071898,0.9198858107229101,0.06533705820687083,0.012127845201973046,0.013919709143537856
cc18_1461,openml_cc18,catb,4,gbdt,cpu,183.0,30,id,0.904,0.6826579632172763,0.21228838490101198,0.9194335495355993,0.06569394745396631,0.01382935366512304,0.01476749242182211
cc18_1461,openml_cc18,lgbm,0,gbdt,cpu,302.8,0,id,0.9041,0.6912630562250066,0.21324970560131515,0.9230189879599185,0.06645566562878562,0.01868691197185303,0.01900155006365077
cc18_1461,openml_cc18,lgbm,0,gbdt,cpu,302.8,5,id,0.903,0.6869474616386231,0.2095001048311989,0.9252431352157229,0.0658095098205127,0.01540348550038743,0.015417499337510162
cc18_1461,openml_cc18,lgbm,0,gbdt,cpu,302.8,10,id,0.903,0.6869474616386231,0.2095001048311989,0.9252431352157229,0.0658095098205127,0.01540348550038743,0.015417499337510162
cc18_1461,openml_cc18,lgbm,0,gbdt,cpu,302.8,20,id,0.903,0.6869474616386231,0.2095001048311989,0.9252431352157229,0.0658095098205127,0.01540348550038743,0.015417499337510162
cc18_1461,openml_cc18,lgbm,0,gbdt,cpu,302.8,30,id,0.903,0.6869474616386231,0.2095001048311989,0.9252431352157229,0.0658095098205127,0.01540348550038743,0.015417499337510162
cc18_1461,openml_cc18,lgbm,1,gbdt,cpu,224.9,0,id,0.9025,0.7016990231206632,0.2151457522013277,0.9205683397999849,0.06739864873894738,0.01641352030213865,0.01645328648243167
cc18_1461,openml_cc18,lgbm,1,gbdt,cpu,224.9,5,id,0.9031,0.7012988845606054,0.21600300524737312,0.921921272061746,0.06785919624898731,0.025089922466463212,0.02344655890945779
cc18_1461,openml_cc18,lgbm,1,gbdt,cpu,224.9,10,id,0.9039,0.6917624421828776,0.20792491415436629,0.9252131366069176,0.06517492079091887,0.011542195730737751,0.01362551505050034
cc18_1461,openml_cc18,lgbm,1,gbdt,cpu,224.9,20,id,0.9039,0.6917624421828776,0.20792491415436629,0.9252131366069176,0.06517492079091887,0.011542195730737751,0.01362551505050034
cc18_1461,openml_cc18,lgbm,1,gbdt,cpu,224.9,30,id,0.9039,0.6917624421828776,0.20792491415436629,0.9252131366069176,0.06517492079091887,0.011542195730737751,0.01362551505050034
cc18_1461,openml_cc18,lgbm,2,gbdt,cpu,234.2,0,id,0.9065,0.6991865793498959,0.2084615062530635,0.9219798513309082,0.06491321100642679,0.014277572126011346,0.014594178293685617
cc18_1461,openml_cc18,lgbm,2,gbdt,cpu,234.2,5,id,0.9065,0.6883308293612049,0.20475244343707072,0.9243374081426532,0.06410766091008503,0.011846981730737643,0.012781465459025969
cc18_1461,openml_cc18,lgbm,2,gbdt,cpu,234.2,10,id,0.9065,0.6883308293612049,0.20475244343707072,0.9243374081426532,0.06410766091008503,0.011846981730737643,0.012781465459025969
cc18_1461,openml_cc18,lgbm,2,gbdt,cpu,234.2,20,id,0.906,0.6884368128337879,0.20613836105285127,0.9228310217127007,0.06442351326829023,0.011802090204702702,0.013487082286810406
cc18_1461,openml_cc18,lgbm,2,gbdt,cpu,234.2,30,id,0.906,0.6884368128337879,0.20613836105285127,0.9228310217127007,0.06442351326829023,0.011802090204702702,0.013487082286810406
cc18_1461,openml_cc18,lgbm,3,gbdt,cpu,278.8,0,id,0.9047,0.7060873572820859,0.20914860001764402,0.9243989482977982,0.06566667511371876,0.017009208947019485,0.017542753613337528
cc18_1461,openml_cc18,lgbm,3,gbdt,cpu,278.8,5,id,0.9066,0.6749737138364288,0.20826252429048137,0.9265693943410287,0.0640636840410212,0.018635840953781208,0.017589630987525053
cc18_1461,openml_cc18,lgbm,3,gbdt,cpu,278.8,10,id,0.9049,0.6914322003807548,0.20522305252812653,0.9275381942160312,0.06458090613031295,0.013955289745400667,0.016135113949835914
cc18_1461,openml_cc18,lgbm,3,gbdt,cpu,278.8,20,id,0.9058,0.6976206707723526,0.20585891060312475,0.926225975557629,0.06420750184315709,0.011779682866903875,0.012507748808639281
cc18_1461,openml_cc18,lgbm,3,gbdt,cpu,278.8,30,id,0.9058,0.6976206707723526,0.20585891060312475,0.926225975557629,0.06420750184315709,0.011779682866903875,0.012507748808639281
cc18_1461,openml_cc18,lgbm,4,gbdt,cpu,268.8,0,id,0.9054,0.7048056136932231,0.216025138352346,0.9186842293607765,0.06654072257885586,0.01997813977432853,0.019967945333282024
cc18_1461,openml_cc18,lgbm,4,gbdt,cpu,268.8,5,id,0.8868,0.5059038125964083,0.2529563958784454,0.9119418800383874,0.0747397890646055,0.06321843787990214,0.05594638943185556
cc18_1461,openml_cc18,lgbm,4,gbdt,cpu,268.8,10,id,0.9068,0.6853826020904253,0.21025689244963874,0.9222427093519507,0.06547728993076077,0.01536593903878984,0.016780474037527884
cc18_1461,openml_cc18,lgbm,4,gbdt,cpu,268.8,20,id,0.9068,0.6853826020904253,0.21025689244963874,0.9222427093519507,0.06547728993076077,0.01536593903878984,0.016780474037527884
cc18_1461,openml_cc18,lgbm,4,gbdt,cpu,268.8,30,id,0.9068,0.6853826020904253,0.21025689244963874,0.9222427093519507,0.06547728993076077,0.01536593903878984,0.016780474037527884
cc18_1461,openml_cc18,xgb,0,gbdt,cpu,89.8,0,id,0.9015,0.6979134939320908,0.2372736625275923,0.9167636582483765,0.07125805239471743,0.03639378500822932,0.041138483214242565
cc18_1461,openml_cc18,xgb,0,gbdt,cpu,89.8,5,id,0.9032,0.6793066481986975,0.21000192761932712,0.925905187206299,0.06609998556476553,0.01790482057668269,0.018421198985020714
cc18_1461,openml_cc18,xgb,0,gbdt,cpu,89.8,10,id,0.9032,0.6793066481986975,0.21000192761932712,0.925905187206299,0.06609998556476553,0.01790482057668269,0.018421198985020714
cc18_1461,openml_cc18,xgb,0,gbdt,cpu,89.8,20,id,0.9032,0.6793066481986975,0.21000192761932712,0.925905187206299,0.06609998556476553,0.01790482057668269,0.018421198985020714
cc18_1461,openml_cc18,xgb,0,gbdt,cpu,89.8,30,id,0.9032,0.6793066481986975,0.21000192761932712,0.925905187206299,0.06609998556476553,0.01790482057668269,0.018421198985020714
cc18_1461,openml_cc18,xgb,1,gbdt,cpu,70.3,0,id,0.9005,0.7090758770959915,0.23505904509963357,0.9147157334481816,0.07113933917181844,0.03290766529496758,0.03739495787901133
cc18_1461,openml_cc18,xgb,1,gbdt,cpu,70.3,5,id,0.9042,0.6974821039478791,0.2093992096153609,0.9242841192544357,0.06551268549328104,0.014091981652192772,0.014199555427921857
cc18_1461,openml_cc18,xgb,1,gbdt,cpu,70.3,10,id,0.9042,0.6974821039478791,0.2093992096153609,0.9242841192544357,0.06551268549328104,0.014091981652192772,0.014199555427921857
cc18_1461,openml_cc18,xgb,1,gbdt,cpu,70.3,20,id,0.9042,0.6974821039478791,0.2093992096153609,0.9242841192544357,0.06551268549328104,0.014091981652192772,0.014199555427921857
cc18_1461,openml_cc18,xgb,1,gbdt,cpu,70.3,30,id,0.9042,0.6974821039478791,0.2093992096153609,0.9242841192544357,0.06551268549328104,0.014091981652192772,0.014199555427921857
cc18_1461,openml_cc18,xgb,2,gbdt,cpu,67.0,0,id,0.9015,0.6909414855139908,0.23834617176217143,0.9112742696147487,0.07168886734132894,0.03710970577020198,0.04092854337947287
cc18_1461,openml_cc18,xgb,2,gbdt,cpu,67.0,5,id,0.9068,0.6629113089469266,0.21025969782261883,0.9217812949479011,0.064536750945599,0.021608181694895028,0.02013913283866683
cc18_1461,openml_cc18,xgb,2,gbdt,cpu,67.0,10,id,0.9061,0.6966349697021373,0.21008879394403338,0.9209452865076535,0.06556680206933815,0.015370761031750588,0.015828992825353813
cc18_1461,openml_cc18,xgb,2,gbdt,cpu,67.0,20,id,0.9071,0.6716098599256775,0.20784919119204484,0.9223338801640172,0.06425638664920205,0.01624755292814225,0.016241604532688306
cc18_1461,openml_cc18,xgb,2,gbdt,cpu,67.0,30,id,0.905,0.6743036815796122,0.20494922614518554,0.9250985576239847,0.06413392524124559,0.017604816034808755,0.017429072806593143
cc18_1461,openml_cc18,xgb,3,gbdt,cpu,80.4,0,id,0.9011,0.6957229439834554,0.23255998399766808,0.9174927646062621,0.07123623993238745,0.03776847701305523,0.040560743817104665
cc18_1461,openml_cc18,xgb,3,gbdt,cpu,80.4,5,id,0.9059,0.6798796613384395,0.20979881524077287,0.925358800110012,0.06410940249097254,0.018083494191989305,0.018196551439664924
cc18_1461,openml_cc18,xgb,3,gbdt,cpu,80.4,10,id,0.9058,0.6809591811991564,0.20931095655625895,0.9231287658684305,0.0645859200534308,0.015015683858096596,0.01477096419636616
cc18_1461,openml_cc18,xgb,3,gbdt,cpu,80.4,20,id,0.9058,0.6809591811991564,0.20931095655625895,0.9231287658684305,0.0645859200534308,0.015015683858096596,0.01477096419636616
cc18_1461,openml_cc18,xgb,3,gbdt,cpu,80.4,30,id,0.9058,0.6809591811991564,0.20931095655625895,0.9231287658684305,0.0645859200534308,0.015015683858096596,0.01477096419636616
cc18_1461,openml_cc18,xgb,4,gbdt,cpu,81.9,0,id,0.9017,0.7080564572221218,0.24141056186370616,0.913710196567046,0.07170284623062789,0.03940718636605888,0.04352507907562961
cc18_1461,openml_cc18,xgb,4,gbdt,cpu,81.9,5,id,0.9035,0.7010634612898035,0.21813138964753417,0.9209703478783166,0.06711238346664794,0.027813187399413436,0.0293460066858681
cc18_1461,openml_cc18,xgb,4,gbdt,cpu,81.9,10,id,0.9048,0.6804398568739153,0.21402687153637562,0.9171385835041217,0.06593436876818452,0.013027281707338988,0.013466223826689876
cc18_1461,openml_cc18,xgb,4,gbdt,cpu,81.9,20,id,0.9039,0.6997637170076699,0.21196732592015796,0.9219161916029481,0.065918735713584,0.01894204511223361,0.01853504679030144
cc18_1461,openml_cc18,xgb,4,gbdt,cpu,81.9,30,id,0.9039,0.6997637170076699,0.21196732592015796,0.9219161916029481,0.065918735713584,0.01894204511223361,0.01853504679030144
cc18_1486,openml_cc18,catb,0,gbdt,cpu,352.8,0,id,0.9648,0.9558264511438053,0.09260024646948423,0.9932735466754786,0.026528569842559767,0.005178877281900839,0.00858707711598292
cc18_1486,openml_cc18,catb,0,gbdt,cpu,352.8,5,id,0.9648,0.955403274335466,0.09164535066933474,0.9932819944947724,0.026090602937892685,0.003117919181048624,0.007845352502829932
cc18_1486,openml_cc18,catb,0,gbdt,cpu,352.8,10,id,0.9648,0.955403274335466,0.09164535066933474,0.9932819944947724,0.026090602937892685,0.003117919181048624,0.007845352502829932
cc18_1486,openml_cc18,catb,0,gbdt,cpu,352.8,20,id,0.9648,0.955403274335466,0.09164535066933474,0.9932819944947724,0.026090602937892685,0.003117919181048624,0.007845352502829932
cc18_1486,openml_cc18,catb,0,gbdt,cpu,352.8,30,id,0.9661,0.9575813873716104,0.08947847581579658,0.9936069408462083,0.025491704230159777,0.005489429965932328,0.008673734380015096
cc18_1486,openml_cc18,catb,1,gbdt,cpu,405.3,0,id,0.9661,0.9579227220760191,0.09016895212008237,0.9936417617440425,0.025799494846897777,0.006410294599028355,0.009658100030011222
cc18_1486,openml_cc18,catb,1,gbdt,cpu,405.3,5,id,0.9651,0.9569053724612209,0.09296304447466286,0.993238394481176,0.026381350635794183,0.008494991390914934,0.01043923805495426
cc18_1486,openml_cc18,catb,1,gbdt,cpu,405.3,10,id,0.9651,0.9569053724612209,0.09296304447466286,0.993238394481176,0.026381350635794183,0.008494991390914934,0.01043923805495426
cc18_1486,openml_cc18,catb,1,gbdt,cpu,405.3,20,id,0.9651,0.9569053724612209,0.09296304447466286,0.993238394481176,0.026381350635794183,0.008494991390914934,0.01043923805495426
cc18_1486,openml_cc18,catb,1,gbdt,cpu,405.3,30,id,0.9651,0.9569053724612209,0.09296304447466286,0.993238394481176,0.026381350635794183,0.008494991390914934,0.01043923805495426
cc18_1486,openml_cc18,catb,2,gbdt,cpu,344.0,0,id,0.9644,0.9556246127667387,0.09439029249963972,0.9930168567456108,0.026905628395867107,0.004909055249203278,0.009017252774700404
cc18_1486,openml_cc18,catb,2,gbdt,cpu,344.0,5,id,0.9627,0.9543299126380188,0.09745172701892564,0.9925888040236368,0.027821618190309077,0.006985087604918711,0.00885746906506661
cc18_1486,openml_cc18,catb,2,gbdt,cpu,344.0,10,id,0.9661,0.9576558773845184,0.09363397885013057,0.9932519179998083,0.026265998718447783,0.006690360451149168,0.010549309179069105
cc18_1486,openml_cc18,catb,2,gbdt,cpu,344.0,20,id,0.9661,0.9576558773845184,0.09363397885013057,0.9932519179998083,0.026265998718447783,0.006690360451149168,0.010549309179069105
cc18_1486,openml_cc18,catb,2,gbdt,cpu,344.0,30,id,0.9661,0.9576558773845184,0.09363397885013057,0.9932519179998083,0.026265998718447783,0.006690360451149168,0.010549309179069105
cc18_1486,openml_cc18,catb,3,gbdt,cpu,371.5,0,id,0.9649,0.955754134386143,0.09344225696129196,0.9932769557974638,0.02689377560902823,0.005512521723122965,0.009358842277869015
cc18_1486,openml_cc18,catb,3,gbdt,cpu,371.5,5,id,0.958,0.9470310304495877,0.1103916816433173,0.9911798160221647,0.03137877466487744,0.01538105191339346,0.017149757358502122
cc18_1486,openml_cc18,catb,3,gbdt,cpu,371.5,10,id,0.9661,0.9571201209432423,0.09627305800758618,0.9938860662358068,0.02596849253127245,0.01412138289645711,0.01941776053232432
cc18_1486,openml_cc18,catb,3,gbdt,cpu,371.5,20,id,0.9644,0.954877863793784,0.09279699243058098,0.9932891183891471,0.02655291166800608,0.006016194240185257,0.009254667100643023
cc18_1486,openml_cc18,catb,3,gbdt,cpu,371.5,30,id,0.9644,0.954877863793784,0.09279699243058098,0.9932891183891471,0.02655291166800608,0.006016194240185257,0.009254667100643023
cc18_1486,openml_cc18,catb,4,gbdt,cpu,391.4,0,id,0.9648,0.9558090541313964,0.09250347715671185,0.9933401800825777,0.026488440307990385,0.005077488710086294,0.008476328105508277
cc18_1486,openml_cc18,catb,4,gbdt,cpu,391.4,5,id,0.9638,0.9539525883040691,0.09272412502651585,0.9932958641304281,0.026747225523562145,0.004416638716745766,0.0084791062429432
cc18_1486,openml_cc18,catb,4,gbdt,cpu,391.4,10,id,0.9665,0.957734763633957,0.0895681018685663,0.9937252974720545,0.02573794637254708,0.00468548442716456,0.008778931823140306
cc18_1486,openml_cc18,catb,4,gbdt,cpu,391.4,20,id,0.9654,0.9569649945646779,0.09158505770082681,0.993437586937579,0.02634399090864416,0.0030426322961169283,0.007386128324631257
cc18_1486,openml_cc18,catb,4,gbdt,cpu,391.4,30,id,0.9654,0.9569649945646779,0.09158505770082681,0.993437586937579,0.02634399090864416,0.0030426322961169283,0.007386128324631257
cc18_1486,openml_cc18,lgbm,0,gbdt,cpu,274.3,0,id,0.9652,0.9565291918324912,0.09201408593275816,0.9934863629603594,0.02630893668364412,0.005925620145740813,0.00881624706332704
cc18_1486,openml_cc18,lgbm,0,gbdt,cpu,274.3,5,id,0.9616,0.9528493806864384,0.09665664927817604,0.9928868133666504,0.02788456299206431,0.006228507167363403,0.007581802520777187
cc18_1486,openml_cc18,lgbm,0,gbdt,cpu,274.3,10,id,0.9627,0.9526660335386284,0.09677194292507205,0.9926040569964545,0.027529523379810694,0.005645188592434562,0.007526504917251509
cc18_1486,openml_cc18,lgbm,0,gbdt,cpu,274.3,20,id,0.9663,0.9567690214930205,0.09198613774299014,0.9938835578128478,0.0257988301277223,0.011488489050370553,0.014582571803740237
cc18_1486,openml_cc18,lgbm,0,gbdt,cpu,274.3,30,id,0.9663,0.9567690214930205,0.09198613774299014,0.9938835578128478,0.0257988301277223,0.011488489050370553,0.014582571803740237
cc18_1486,openml_cc18,lgbm,1,gbdt,cpu,290.5,0,id,0.9643,0.955921189802037,0.09436938481516582,0.9930941625124726,0.02687702117176674,0.005409412908014683,0.008746766150249243
cc18_1486,openml_cc18,lgbm,1,gbdt,cpu,290.5,5,id,0.9654,0.9572212212811194,0.09258830657403508,0.9931682714667092,0.02631531052371463,0.004538285094925814,0.008297279165735994
cc18_1486,openml_cc18,lgbm,1,gbdt,cpu,290.5,10,id,0.965,0.9565162512423461,0.09171234133448669,0.993450781099028,0.026147460900217016,0.006478907023650597,0.009274641288010614
cc18_1486,openml_cc18,lgbm,1,gbdt,cpu,290.5,20,id,0.965,0.9565162512423461,0.09171234133448669,0.993450781099028,0.026147460900217016,0.006478907023650597,0.009274641288010614
cc18_1486,openml_cc18,lgbm,1,gbdt,cpu,290.5,30,id,0.965,0.9565162512423461,0.09171234133448669,0.993450781099028,0.026147460900217016,0.006478907023650597,0.009274641288010614
cc18_1486,openml_cc18,lgbm,2,gbdt,cpu,302.4,0,id,0.967,0.9597587292845527,0.09464506474779757,0.9929864566668452,0.02657147952145292,0.006129315471968136,0.008763539063517472
cc18_1486,openml_cc18,lgbm,2,gbdt,cpu,302.4,5,id,0.9662,0.9596198695699331,0.09613934619165047,0.9927735090183305,0.02718926805839224,0.004923454743707,0.008409433300643074
cc18_1486,openml_cc18,lgbm,2,gbdt,cpu,302.4,10,id,0.9662,0.9596198695699331,0.09613934619165047,0.9927735090183305,0.02718926805839224,0.004923454743707,0.008409433300643074
cc18_1486,openml_cc18,lgbm,2,gbdt,cpu,302.4,20,id,0.9662,0.9596198695699331,0.09613934619165047,0.9927735090183305,0.02718926805839224,0.004923454743707,0.008409433300643074
cc18_1486,openml_cc18,lgbm,2,gbdt,cpu,302.4,30,id,0.9662,0.9596198695699331,0.09613934619165047,0.9927735090183305,0.02718926805839224,0.004923454743707,0.008409433300643074
cc18_1486,openml_cc18,lgbm,3,gbdt,cpu,358.4,0,id,0.9626,0.9535132994752283,0.09587262990778167,0.993021050945026,0.027696519120241226,0.005565831025120458,0.008029106484187016
cc18_1486,openml_cc18,lgbm,3,gbdt,cpu,358.4,5,id,0.9551,0.9447916177772167,0.12684494275437908,0.9894848754984639,0.03451613669408297,0.020744961574442188,0.020630902961714187
cc18_1486,openml_cc18,lgbm,3,gbdt,cpu,358.4,10,id,0.9646,0.9552283720307276,0.09239918269700763,0.9933809263392743,0.026634005765457817,0.005035627213437252,0.007398230210641776
cc18_1486,openml_cc18,lgbm,3,gbdt,cpu,358.4,20,id,0.9646,0.9552283720307276,0.09239918269700763,0.9933809263392743,0.026634005765457817,0.005035627213437252,0.007398230210641776
cc18_1486,openml_cc18,lgbm,3,gbdt,cpu,358.4,30,id,0.9646,0.9552283720307276,0.09239918269700763,0.9933809263392743,0.026634005765457817,0.005035627213437252,0.007398230210641776
cc18_1486,openml_cc18,lgbm,4,gbdt,cpu,388.9,0,id,0.963,0.953287603911471,0.09352238901971634,0.993361651749659,0.02706120103438808,0.005926201174104749,0.008805631601035167
cc18_1486,openml_cc18,lgbm,4,gbdt,cpu,388.9,5,id,0.9658,0.9566139965365907,0.11883636808143526,0.9938707459565983,0.02755150282249476,0.021874454707702343,0.03239987776437814
cc18_1486,openml_cc18,lgbm,4,gbdt,cpu,388.9,10,id,0.9633,0.9532872362459388,0.09641896608796614,0.992848341644617,0.027705850129217675,0.0084581846805761,0.009496604522000955
cc18_1486,openml_cc18,lgbm,4,gbdt,cpu,388.9,20,id,0.9643,0.9557746161265456,0.08988243364343877,0.9937133360867397,0.025874666446826997,0.004603747201293379,0.00852295603842737
cc18_1486,openml_cc18,lgbm,4,gbdt,cpu,388.9,30,id,0.9643,0.9557746161265456,0.08988243364343877,0.9937133360867397,0.025874666446826997,0.004603747201293379,0.00852295603842737
cc18_1486,openml_cc18,xgb,0,gbdt,cpu,150.5,0,id,0.9634,0.9531552703292351,0.09705797503375378,0.9934598652946098,0.02695558976365425,0.013878735974896687,0.018024232654023815
cc18_1486,openml_cc18,xgb,0,gbdt,cpu,150.5,5,id,0.9633,0.9539317329758268,0.09539399313786158,0.9930247289281426,0.027396598894767192,0.006517733364552254,0.007925471157682296
cc18_1486,openml_cc18,xgb,0,gbdt,cpu,150.5,10,id,0.9626,0.9527019367706266,0.09495934069213015,0.9930513984971918,0.027685605454868055,0.005936086330376571,0.008641206552286262
cc18_1486,openml_cc18,xgb,0,gbdt,cpu,150.5,20,id,0.9656,0.9565971673086682,0.08927213760448073,0.9939912183936137,0.02557650911011166,0.007107915025018147,0.009664985710343892
cc18_1486,openml_cc18,xgb,0,gbdt,cpu,150.5,30,id,0.9656,0.9565971673086682,0.08927213760448073,0.9939912183936137,0.02557650911011166,0.007107915025018147,0.009664985710343892
cc18_1486,openml_cc18,xgb,1,gbdt,cpu,111.1,0,id,0.9649,0.9557013726051085,0.09645070388797088,0.9933589076477932,0.026797621603768057,0.011189734886400399,0.014976204415809474
cc18_1486,openml_cc18,xgb,1,gbdt,cpu,111.1,5,id,0.962,0.9525062482066347,0.09731385719993334,0.9927914525310741,0.02788048601205528,0.006328459340613325,0.007913717563210153
cc18_1486,openml_cc18,xgb,1,gbdt,cpu,111.1,10,id,0.9641,0.9565266589739669,0.09303173074992448,0.9933861202983195,0.02668518310498996,0.005840467748977249,0.009158188552865099
cc18_1486,openml_cc18,xgb,1,gbdt,cpu,111.1,20,id,0.9641,0.9565266589739669,0.09303173074992448,0.9933861202983195,0.02668518310498996,0.005840467748977249,0.009158188552865099
cc18_1486,openml_cc18,xgb,1,gbdt,cpu,111.1,30,id,0.9641,0.9565266589739669,0.09303173074992448,0.9933861202983195,0.02668518310498996,0.005840467748977249,0.009158188552865099
cc18_1486,openml_cc18,xgb,2,gbdt,cpu,103.3,0,id,0.9664,0.9586023495142166,0.10107125687631162,0.9930051380055704,0.026955106057153573,0.013454204735183144,0.017482132106871627
cc18_1486,openml_cc18,xgb,2,gbdt,cpu,103.3,5,id,0.9563,0.947431742507018,0.1130856959220346,0.9906347163800135,0.03256592179572255,0.009418882363289595,0.011513763588284275
cc18_1486,openml_cc18,xgb,2,gbdt,cpu,103.3,10,id,0.9669,0.9597939835694439,0.09225927637209089,0.9935011986456863,0.026321507704901263,0.0065980534846894435,0.009050324339906726
cc18_1486,openml_cc18,xgb,2,gbdt,cpu,103.3,20,id,0.9669,0.9597939835694439,0.09225927637209089,0.9935011986456863,0.026321507704901263,0.0065980534846894435,0.009050324339906726
cc18_1486,openml_cc18,xgb,2,gbdt,cpu,103.3,30,id,0.9669,0.9597939835694439,0.09225927637209089,0.9935011986456863,0.026321507704901263,0.0065980534846894435,0.009050324339906726
cc18_1486,openml_cc18,xgb,3,gbdt,cpu,131.0,0,id,0.9642,0.954422060861903,0.09966862670461038,0.9931331135337228,0.027773701420912237,0.012953970060497526,0.01673510406961398
cc18_1486,openml_cc18,xgb,3,gbdt,cpu,131.0,5,id,0.9631,0.9535472125080877,0.11562006515921641,0.9928293429978856,0.0290178661694175,0.019943200120958494,0.028760959131416377
cc18_1486,openml_cc18,xgb,3,gbdt,cpu,131.0,10,id,0.9601,0.949447830598246,0.1056329323041199,0.9918008193172951,0.029726409709186215,0.009276705639902497,0.010576491826520215
cc18_1486,openml_cc18,xgb,3,gbdt,cpu,131.0,20,id,0.9596,0.9503615698198236,0.10737376396998652,0.9915078872200145,0.030652992750189997,0.010049639207404098,0.011075737363449021
cc18_1486,openml_cc18,xgb,3,gbdt,cpu,131.0,30,id,0.9635,0.9534058714224755,0.09465574708386996,0.9931212451982896,0.02735729343008238,0.005737119998782862,0.007800392744126765
cc18_1486,openml_cc18,xgb,4,gbdt,cpu,133.1,0,id,0.9642,0.9544428090136883,0.09906911083455745,0.9932720394039405,0.02763465030596363,0.013531815016246396,0.017207370898684942
cc18_1486,openml_cc18,xgb,4,gbdt,cpu,133.1,5,id,0.9653,0.9556331874518205,0.0920852788728723,0.9936858837270011,0.0262135811601359,0.009340816403925426,0.011800790019981085
cc18_1486,openml_cc18,xgb,4,gbdt,cpu,133.1,10,id,0.9653,0.9556331874518205,0.0920852788728723,0.9936858837270011,0.0262135811601359,0.009340816403925426,0.011800790019981085
cc18_1486,openml_cc18,xgb,4,gbdt,cpu,133.1,20,id,0.9649,0.9567202518754006,0.09277076958497996,0.9933593967343947,0.02666394308027682,0.0051837115786969555,0.008203698042760154
cc18_1486,openml_cc18,xgb,4,gbdt,cpu,133.1,30,id,0.9649,0.9567202518754006,0.09277076958497996,0.9933593967343947,0.02666394308027682,0.0051837115786969555,0.008203698042760154
cc18_1489,openml_cc18,catb,0,gbdt,cpu,134.6,0,id,0.8847102342786684,0.8569998680100313,0.2731104514803291,0.9439060964700017,0.08442572208130113,0.016549795759245273,0.016693861027121556
cc18_1489,openml_cc18,catb,0,gbdt,cpu,134.6,5,id,0.8951911220715166,0.8681016909381554,0.25710441252122934,0.9504231011776438,0.07880183145322799,0.01516422426806812,0.02004389839689914
cc18_1489,openml_cc18,catb,0,gbdt,cpu,134.6,10,id,0.8951911220715166,0.8681016909381554,0.25710441252122934,0.9504231011776438,0.07880183145322799,0.01516422426806812,0.02004389839689914
cc18_1489,openml_cc18,catb,0,gbdt,cpu,134.6,20,id,0.8951911220715166,0.8681016909381554,0.25710441252122934,0.9504231011776438,0.07880183145322799,0.01516422426806812,0.02004389839689914
cc18_1489,openml_cc18,catb,0,gbdt,cpu,134.6,30,id,0.8902589395807645,0.861540689574259,0.25963576981016023,0.9494936718142755,0.07982442572525256,0.014241616517795304,0.018959652150442055
cc18_1489,openml_cc18,catb,1,gbdt,cpu,132.2,0,id,0.8822441430332922,0.8521840673442151,0.2747738182501264,0.9431508205376391,0.08533730973763853,0.014688353565304475,0.018158952794944713
cc18_1489,openml_cc18,catb,1,gbdt,cpu,132.2,5,id,0.8834771886559802,0.8555131476674439,0.26474608939854816,0.9474661592385646,0.08216693332421987,0.019600860958193356,0.02023852357039499
cc18_1489,openml_cc18,catb,1,gbdt,cpu,132.2,10,id,0.8834771886559802,0.8555131476674439,0.26474608939854816,0.9474661592385646,0.08216693332421987,0.019600860958193356,0.02023852357039499
cc18_1489,openml_cc18,catb,1,gbdt,cpu,132.2,20,id,0.8970406905055487,0.8700247114552627,0.2444712977550562,0.9559630134776423,0.07431888862543835,0.021261319262831358,0.022751990537983272
cc18_1489,openml_cc18,catb,1,gbdt,cpu,132.2,30,id,0.8970406905055487,0.8700247114552627,0.2444712977550562,0.9559630134776423,0.07431888862543835,0.021261319262831358,0.022751990537983272
cc18_1489,openml_cc18,catb,2,gbdt,cpu,123.1,0,id,0.8810110974106042,0.8519255869887221,0.27329633410735144,0.9436219513983604,0.08469306382875982,0.018646526585335145,0.01729535682629494
cc18_1489,openml_cc18,catb,2,gbdt,cpu,123.1,5,id,0.8908754623921085,0.861976989748779,0.2588583415721675,0.9497723173038849,0.07928360182515741,0.0190536316810898,0.01948969552431612
cc18_1489,openml_cc18,catb,2,gbdt,cpu,123.1,10,id,0.8927250308261405,0.8675847302271694,0.2570082542384911,0.9515010192558699,0.07819635796052825,0.025372861148809385,0.024112700489345905
cc18_1489,openml_cc18,catb,2,gbdt,cpu,123.1,20,id,0.8927250308261405,0.8675847302271694,0.2570082542384911,0.9515010192558699,0.07819635796052825,0.025372861148809385,0.024112700489345905
cc18_1489,openml_cc18,catb,2,gbdt,cpu,123.1,30,id,0.8927250308261405,0.8675847302271694,0.2570082542384911,0.9515010192558699,0.07819635796052825,0.025372861148809385,0.024112700489345905
cc18_1489,openml_cc18,catb,3,gbdt,cpu,126.0,0,id,0.8816276202219482,0.8542042471438838,0.2713334528515679,0.9445898778359512,0.08419846461252353,0.017835996427836287,0.018655491239365385
cc18_1489,openml_cc18,catb,3,gbdt,cpu,126.0,5,id,0.8871763255240444,0.8550603487468286,0.2778417910078696,0.9437814392772816,0.08508271013318636,0.03623017500041209,0.03342252391035585
cc18_1489,openml_cc18,catb,3,gbdt,cpu,126.0,10,id,0.8871763255240444,0.8550603487468286,0.2778417910078696,0.9437814392772816,0.08508271013318636,0.03623017500041209,0.03342252391035585
cc18_1489,openml_cc18,catb,3,gbdt,cpu,126.0,20,id,0.8877928483353884,0.861023728863273,0.2690431706499085,0.9483900890199012,0.0819103064354192,0.030997016239541594,0.030668192372210804
cc18_1489,openml_cc18,catb,3,gbdt,cpu,126.0,30,id,0.8988902589395807,0.8737900919530115,0.24902158771813607,0.9539098361857832,0.07549742385292793,0.017145695949326266,0.020252099459960052
cc18_1489,openml_cc18,catb,4,gbdt,cpu,135.2,0,id,0.8797780517879161,0.8510529866396821,0.2720148415125279,0.9445715458958452,0.0843116452342211,0.017769747671283462,0.018689946179429977
cc18_1489,openml_cc18,catb,4,gbdt,cpu,135.2,5,id,0.8951911220715166,0.870558170912344,0.2689068723654682,0.951977649698623,0.07886036491462602,0.03791638572163138,0.03800284004805249
cc18_1489,openml_cc18,catb,4,gbdt,cpu,135.2,10,id,0.8982737361282368,0.8727396717849443,0.24618030508188316,0.9558970184932611,0.07422663729202866,0.025730804611292592,0.02460667249243204
cc18_1489,openml_cc18,catb,4,gbdt,cpu,135.2,20,id,0.8976572133168927,0.8723033716104243,0.25017209911976024,0.9532700514760879,0.07647430404556323,0.023624590704165963,0.023220303780083277
cc18_1489,openml_cc18,catb,4,gbdt,cpu,135.2,30,id,0.8976572133168927,0.8723033716104243,0.25017209911976024,0.9532700514760879,0.07647430404556323,0.023624590704165963,0.023220303780083277
cc18_1489,openml_cc18,lgbm,0,gbdt,cpu,105.9,0,id,0.8853267570900123,0.8592785281651927,0.27985188929897986,0.9421700617419743,0.08507576736461069,0.019744506620567575,0.020483635284399043
cc18_1489,openml_cc18,lgbm,0,gbdt,cpu,105.9,5,id,0.8853267570900123,0.8592785281651927,0.31035994330516636,0.9405055215803599,0.08689031475186558,0.041969750379038134,0.040839640691168
cc18_1489,openml_cc18,lgbm,0,gbdt,cpu,105.9,10,id,0.8736128236744759,0.8417770249461041,0.2767609824595924,0.9423460483669909,0.0859485060458273,0.02468445102014051,0.0220605237707511
cc18_1489,openml_cc18,lgbm,0,gbdt,cpu,105.9,20,id,0.8736128236744759,0.8417770249461041,0.2767609824595924,0.9423460483669909,0.0859485060458273,0.02468445102014051,0.0220605237707511
cc18_1489,openml_cc18,lgbm,0,gbdt,cpu,105.9,30,id,0.8736128236744759,0.8417770249461041,0.2767609824595924,0.9423460483669909,0.0859485060458273,0.02468445102014051,0.0220605237707511
cc18_1489,openml_cc18,lgbm,1,gbdt,cpu,80.1,0,id,0.8853267570900123,0.8592785281651927,0.27985188929897986,0.9421700617419743,0.08507576736461069,0.019744506620567575,0.020483635284399043
cc18_1489,openml_cc18,lgbm,1,gbdt,cpu,80.1,5,id,0.8853267570900123,0.8592785281651927,0.26902521891146985,0.9463112470118937,0.08244650309150119,0.02519601507739628,0.02153548075419808
cc18_1489,openml_cc18,lgbm,1,gbdt,cpu,80.1,10,id,0.8853267570900123,0.8592785281651927,0.26902521891146985,0.9463112470118937,0.08244650309150119,0.02519601507739628,0.02153548075419808
cc18_1489,openml_cc18,lgbm,1,gbdt,cpu,80.1,20,id,0.8853267570900123,0.8592785281651927,0.26902521891146985,0.9463112470118937,0.08244650309150119,0.02519601507739628,0.02153548075419808
cc18_1489,openml_cc18,lgbm,1,gbdt,cpu,80.1,30,id,0.8853267570900123,0.8592785281651927,0.26902521891146985,0.9463112470118937,0.08244650309150119,0.02519601507739628,0.02153548075419808
cc18_1489,openml_cc18,lgbm,2,gbdt,cpu,105.7,0,id,0.8853267570900123,0.8592785281651927,0.27985188929897986,0.9421700617419743,0.08507576736461069,0.019744506620567575,0.020483635284399043
cc18_1489,openml_cc18,lgbm,2,gbdt,cpu,105.7,5,id,0.8816276202219482,0.8505195271826008,0.2746851095297503,0.9455202237963247,0.08355862274791068,0.03721884928016227,0.02796158581601816
cc18_1489,openml_cc18,lgbm,2,gbdt,cpu,105.7,10,id,0.8816276202219482,0.8505195271826008,0.2746851095297503,0.9455202237963247,0.08355862274791068,0.03721884928016227,0.02796158581601816
cc18_1489,openml_cc18,lgbm,2,gbdt,cpu,105.7,20,id,0.8822441430332922,0.8564829072990452,0.2677776946666065,0.9466623036649214,0.08192821064130658,0.02017246144697763,0.020905328161023414
cc18_1489,openml_cc18,lgbm,2,gbdt,cpu,105.7,30,id,0.8822441430332922,0.8564829072990452,0.2677776946666065,0.9466623036649214,0.08192821064130658,0.02017246144697763,0.020905328161023414
cc18_1489,openml_cc18,lgbm,3,gbdt,cpu,84.4,0,id,0.8853267570900123,0.8592785281651927,0.27985188929897986,0.9421700617419743,0.08507576736461069,0.019744506620567575,0.020483635284399043
cc18_1489,openml_cc18,lgbm,3,gbdt,cpu,84.4,5,id,0.8723797780517879,0.8402903046035168,0.30731353814633783,0.9306933506386847,0.09499619511596946,0.036709427035536604,0.03396259169667257
cc18_1489,openml_cc18,lgbm,3,gbdt,cpu,84.4,10,id,0.8840937114673243,0.8590200478096999,0.27641126433705604,0.942237889920366,0.08462168434443414,0.020274059381822442,0.019652815075858598
cc18_1489,openml_cc18,lgbm,3,gbdt,cpu,84.4,20,id,0.8859432799013564,0.8609430683268071,0.2807493463775806,0.9443387302565005,0.0838216095570286,0.027443919731239295,0.02801912652862937
cc18_1489,openml_cc18,lgbm,3,gbdt,cpu,84.4,30,id,0.8859432799013564,0.8609430683268071,0.2807493463775806,0.9443387302565005,0.0838216095570286,0.027443919731239295,0.02801912652862937
cc18_1489,openml_cc18,lgbm,4,gbdt,cpu,92.0,0,id,0.8853267570900123,0.8592785281651927,0.27985188929897986,0.9421700617419743,0.08507576736461069,0.019744506620567575,0.020483635284399043
cc18_1489,openml_cc18,lgbm,4,gbdt,cpu,92.0,5,id,0.8884093711467325,0.860845909044246,0.3912120635393938,0.9440105885286052,0.08867066369637353,0.06875563527058556,0.08229345612405257
cc18_1489,openml_cc18,lgbm,4,gbdt,cpu,92.0,10,id,0.8877928483353884,0.8616378488568203,0.27466488577596126,0.9441169137812192,0.08393331523228426,0.025105694598463672,0.02328223287235349
cc18_1489,openml_cc18,lgbm,4,gbdt,cpu,92.0,20,id,0.8877928483353884,0.8616378488568203,0.27466488577596126,0.9441169137812192,0.08393331523228426,0.025105694598463672,0.02328223287235349
cc18_1489,openml_cc18,lgbm,4,gbdt,cpu,92.0,30,id,0.8877928483353884,0.8616378488568203,0.27466488577596126,0.9441169137812192,0.08393331523228426,0.025105694598463672,0.02328223287235349
cc18_1489,openml_cc18,xgb,0,gbdt,cpu,68.1,0,id,0.8865598027127004,0.8613793685013272,0.2903433895251056,0.9441627436314839,0.08603860618338673,0.04190431648128093,0.04104597484466769
cc18_1489,openml_cc18,xgb,0,gbdt,cpu,68.1,5,id,0.8828606658446363,0.8526203675187353,0.2692631295639277,0.9456164664818808,0.08260410106991115,0.02028555261102102,0.022775091703447853
cc18_1489,openml_cc18,xgb,0,gbdt,cpu,68.1,10,id,0.8828606658446363,0.8526203675187353,0.2692631295639277,0.9456164664818808,0.08260410106991115,0.02028555261102102,0.022775091703447853
cc18_1489,openml_cc18,xgb,0,gbdt,cpu,68.1,20,id,0.8890258939580764,0.8637386891929547,0.26758954106155847,0.947610981565401,0.08146389998007038,0.030109788157946155,0.024400995532797634
cc18_1489,openml_cc18,xgb,0,gbdt,cpu,68.1,30,id,0.8890258939580764,0.8637386891929547,0.26758954106155847,0.947610981565401,0.08146389998007038,0.030109788157946155,0.024400995532797634
cc18_1489,openml_cc18,xgb,1,gbdt,cpu,64.1,0,id,0.8865598027127004,0.8613793685013272,0.2903433895251056,0.9441627436314839,0.08603860618338673,0.04190431648128093,0.04104597484466769
cc18_1489,openml_cc18,xgb,1,gbdt,cpu,64.1,5,id,0.8847102342786684,0.8619128279584085,0.2795068087800785,0.9411306407379706,0.08595093760685871,0.015605221910151845,0.01940692457753296
cc18_1489,openml_cc18,xgb,1,gbdt,cpu,64.1,10,id,0.8847102342786684,0.8619128279584085,0.2795068087800785,0.9411306407379706,0.08595093760685871,0.015605221910151845,0.01940692457753296
cc18_1489,openml_cc18,xgb,1,gbdt,cpu,64.1,20,id,0.8927250308261405,0.8706553301949052,0.2570463529287734,0.9494551747400533,0.07813385893975236,0.01735289468121073,0.01575192630399505
cc18_1489,openml_cc18,xgb,1,gbdt,cpu,64.1,30,id,0.8927250308261405,0.8706553301949052,0.2570463529287734,0.9494551747400533,0.07813385893975236,0.01735289468121073,0.01575192630399505
cc18_1489,openml_cc18,xgb,2,gbdt,cpu,49.8,0,id,0.8865598027127004,0.8613793685013272,0.2903433895251056,0.9441627436314839,0.08603860618338673,0.04190431648128093,0.04104597484466769
cc18_1489,openml_cc18,xgb,2,gbdt,cpu,49.8,5,id,0.8791615289765722,0.8493884464780677,0.29949974177596733,0.9360728584627569,0.09206713793492653,0.043182301604902114,0.03932427607338328
cc18_1489,openml_cc18,xgb,2,gbdt,cpu,49.8,10,id,0.87422934648582,0.8465121650754543,0.2925195665818952,0.9356301421091997,0.09086661755916037,0.01879608349612789,0.01687506141010728
cc18_1489,openml_cc18,xgb,2,gbdt,cpu,49.8,20,id,0.8933415536374846,0.8692492703887837,0.28105904202549703,0.9454569786029595,0.0826923822103929,0.03334385387222805,0.03307460011678473
cc18_1489,openml_cc18,xgb,2,gbdt,cpu,49.8,30,id,0.8834771886559802,0.8573555076480854,0.26842645711830876,0.9462195873113644,0.08264032760649405,0.024191805360202573,0.022403409172419276
cc18_1489,openml_cc18,xgb,3,gbdt,cpu,62.3,0,id,0.8865598027127004,0.8613793685013272,0.2903433895251056,0.9441627436314839,0.08603860618338673,0.04190431648128093,0.04104597484466769
cc18_1489,openml_cc18,xgb,3,gbdt,cpu,62.3,5,id,0.8797780517879161,0.8510529866396821,0.2936802820652065,0.9387529881062372,0.08959419242397344,0.04392551489716393,0.03790571743975807
cc18_1489,openml_cc18,xgb,3,gbdt,cpu,62.3,10,id,0.8847102342786684,0.856385748016484,0.27495713885883577,0.9437246102629533,0.08401771997093,0.02436569712955032,0.021481759933918092
cc18_1489,openml_cc18,xgb,3,gbdt,cpu,62.3,20,id,0.8847102342786684,0.856385748016484,0.27495713885883577,0.9437246102629533,0.08401771997093,0.02436569712955032,0.021481759933918092
cc18_1489,openml_cc18,xgb,3,gbdt,cpu,62.3,30,id,0.8816276202219482,0.859117207092261,0.27909225745740424,0.9423258832328744,0.08562888941498518,0.021090069923517737,0.022331761672346902
cc18_1489,openml_cc18,xgb,4,gbdt,cpu,67.7,0,id,0.8865598027127004,0.8613793685013272,0.2903433895251056,0.9441627436314839,0.08603860618338673,0.04190431648128093,0.04104597484466769
cc18_1489,openml_cc18,xgb,4,gbdt,cpu,67.7,5,id,0.8865598027127004,0.8601511285142329,0.277456987951338,0.9428831742120933,0.08451130477680996,0.030049332727605776,0.024399951191315647
cc18_1489,openml_cc18,xgb,4,gbdt,cpu,67.7,10,id,0.8865598027127004,0.8601511285142329,0.277456987951338,0.9428831742120933,0.08451130477680996,0.030049332727605776,0.024399951191315647
cc18_1489,openml_cc18,xgb,4,gbdt,cpu,67.7,20,id,0.8717632552404438,0.8404681244225438,0.2821844881081914,0.9399372314370775,0.08804694517578789,0.020178039147117795,0.017944512133030718
cc18_1489,openml_cc18,xgb,4,gbdt,cpu,67.7,30,id,0.8859432799013564,0.8597148283397128,0.2783658570280702,0.945361652514409,0.08343934229210336,0.03198869139445272,0.030261267447320345
cc18_151,openml_cc18,catb,0,gbdt,cpu,173.8,0,id,0.8686,0.8634561561815417,0.311745561474794,0.9419489944096372,0.09595663093306842,0.03779519425074136,0.037448954705916235
cc18_151,openml_cc18,catb,0,gbdt,cpu,173.8,5,id,0.8879,0.8847977154937128,0.26925261127143735,0.9547438465707176,0.08188179814725617,0.010095089834620957,0.010870231987301327
cc18_151,openml_cc18,catb,0,gbdt,cpu,173.8,10,id,0.8879,0.8847977154937128,0.26925261127143735,0.9547438465707176,0.08188179814725617,0.010095089834620957,0.010870231987301327
cc18_151,openml_cc18,catb,0,gbdt,cpu,173.8,20,id,0.8879,0.8847977154937128,0.26925261127143735,0.9547438465707176,0.08188179814725617,0.010095089834620957,0.010870231987301327
cc18_151,openml_cc18,catb,0,gbdt,cpu,173.8,30,id,0.8879,0.8847977154937128,0.26925261127143735,0.9547438465707176,0.08188179814725617,0.010095089834620957,0.010870231987301327
cc18_151,openml_cc18,catb,1,gbdt,cpu,183.6,0,id,0.8639,0.8579361172305433,0.3125586411206802,0.9408693422601832,0.09708079520919125,0.032889405056849196,0.03240373363229471
cc18_151,openml_cc18,catb,1,gbdt,cpu,183.6,5,id,0.8561,0.8494826857674999,0.3291148119647145,0.9346820425091997,0.10257115715290115,0.04057304453982491,0.03906794328304315
cc18_151,openml_cc18,catb,1,gbdt,cpu,183.6,10,id,0.8629,0.8571697865514709,0.31329690110723385,0.9393630183911157,0.09762921195209812,0.025101826529996502,0.02359712274713759
cc18_151,openml_cc18,catb,1,gbdt,cpu,183.6,20,id,0.8889,0.8850021947907565,0.2710232569095743,0.9541410163317046,0.0823825055390271,0.008521640617658182,0.010685089532188241
cc18_151,openml_cc18,catb,1,gbdt,cpu,183.6,30,id,0.8889,0.8850021947907565,0.2710232569095743,0.9541410163317046,0.0823825055390271,0.008521640617658182,0.010685089532188241
cc18_151,openml_cc18,catb,2,gbdt,cpu,178.1,0,id,0.8601,0.8541198514967707,0.31540967877260667,0.9399335786359293,0.09805529152191017,0.03160877057656153,0.03084027840190932
cc18_151,openml_cc18,catb,2,gbdt,cpu,178.1,5,id,0.8569,0.8499720023968386,0.32550405145448696,0.9361750747192297,0.10134491815427525,0.03512228348391095,0.03433965599107289
cc18_151,openml_cc18,catb,2,gbdt,cpu,178.1,10,id,0.8722,0.8674722321149949,0.2946857656773688,0.9465879012487141,0.09104058082005727,0.021340121873903575,0.020860659811574322
cc18_151,openml_cc18,catb,2,gbdt,cpu,178.1,20,id,0.8828,0.8792457834603664,0.2765904474858761,0.952955807133911,0.0841509930239447,0.015217846552536204,0.016945605964899753
cc18_151,openml_cc18,catb,2,gbdt,cpu,178.1,30,id,0.8828,0.8792457834603664,0.2765904474858761,0.952955807133911,0.0841509930239447,0.015217846552536204,0.016945605964899753
cc18_151,openml_cc18,catb,3,gbdt,cpu,180.2,0,id,0.8679,0.8634058446350383,0.30930015464310556,0.94270548057528,0.09556943371587204,0.03273651228075052,0.032099759132521534
cc18_151,openml_cc18,catb,3,gbdt,cpu,180.2,5,id,0.8366,0.8275996654586004,0.3742673114642681,0.9156038144279178,0.11761507443690418,0.048710876346138965,0.047379875669680764
cc18_151,openml_cc18,catb,3,gbdt,cpu,180.2,10,id,0.8954,0.8934625034848063,0.2696903916263385,0.9582703881664179,0.07866841027774794,0.027479525832806505,0.028818177109076262
cc18_151,openml_cc18,catb,3,gbdt,cpu,180.2,20,id,0.8828,0.8798127224126339,0.2693306537716477,0.9547593843782285,0.08259796017367792,0.010188493877105926,0.012099498222722195
cc18_151,openml_cc18,catb,3,gbdt,cpu,180.2,30,id,0.8828,0.8798127224126339,0.2693306537716477,0.9547593843782285,0.08259796017367792,0.010188493877105926,0.012099498222722195
cc18_151,openml_cc18,catb,4,gbdt,cpu,204.6,0,id,0.8619,0.8553421123816872,0.31581931319964596,0.9399823910336728,0.09828881913500577,0.03625882687422248,0.034372047071096166
cc18_151,openml_cc18,catb,4,gbdt,cpu,204.6,5,id,0.8832,0.8788889878626834,0.2765164573435344,0.9524097380825909,0.08471547981098665,0.00967458705511165,0.012665925453611851
cc18_151,openml_cc18,catb,4,gbdt,cpu,204.6,10,id,0.8832,0.8788889878626834,0.2765164573435344,0.9524097380825909,0.08471547981098665,0.00967458705511165,0.012665925453611851
cc18_151,openml_cc18,catb,4,gbdt,cpu,204.6,20,id,0.8858,0.8814260282594927,0.2682964800270458,0.9551266915512985,0.08254836099514423,0.006085526047130212,0.01016671639157601
cc18_151,openml_cc18,catb,4,gbdt,cpu,204.6,30,id,0.8858,0.8814260282594927,0.2682964800270458,0.9551266915512985,0.08254836099514423,0.006085526047130212,0.01016671639157601
cc18_151,openml_cc18,lgbm,0,gbdt,cpu,266.3,0,id,0.869,0.8645854016234398,0.3055392346765381,0.9438960335683895,0.09412841291362598,0.030630518621990708,0.03059928615827782
cc18_151,openml_cc18,lgbm,0,gbdt,cpu,266.3,5,id,0.8878,0.8856809777597789,0.2708987547506452,0.9548289536368813,0.0826086710115066,0.017562896432868715,0.01788308210255173
cc18_151,openml_cc18,lgbm,0,gbdt,cpu,266.3,10,id,0.8832,0.8798758403401268,0.2780634679356538,0.9531275495259233,0.08514874295012712,0.02414334175019343,0.023877394097013352
cc18_151,openml_cc18,lgbm,0,gbdt,cpu,266.3,20,id,0.8832,0.8798758403401268,0.2780634679356538,0.9531275495259233,0.08514874295012712,0.02414334175019343,0.023877394097013352
cc18_151,openml_cc18,lgbm,0,gbdt,cpu,266.3,30,id,0.8798,0.8761442354256401,0.2801203483626918,0.9521242445212019,0.08625451096755624,0.024084935796365878,0.022309642979417788
cc18_151,openml_cc18,lgbm,1,gbdt,cpu,169.8,0,id,0.8662,0.8612186626955313,0.30576604961517323,0.9431888463605447,0.09471920023772724,0.02734206542299762,0.02727389051118347
cc18_151,openml_cc18,lgbm,1,gbdt,cpu,169.8,5,id,0.8827,0.8787730914550846,0.2743153814282829,0.9537004992636169,0.08436759175707263,0.01822261247256515,0.01735194814722559
cc18_151,openml_cc18,lgbm,1,gbdt,cpu,169.8,10,id,0.8827,0.8787730914550846,0.2743153814282829,0.9537004992636169,0.08436759175707263,0.01822261247256515,0.01735194814722559
cc18_151,openml_cc18,lgbm,1,gbdt,cpu,169.8,20,id,0.8827,0.8787730914550846,0.2743153814282829,0.9537004992636169,0.08436759175707263,0.01822261247256515,0.01735194814722559
cc18_151,openml_cc18,lgbm,1,gbdt,cpu,169.8,30,id,0.8827,0.8787730914550846,0.2743153814282829,0.9537004992636169,0.08436759175707263,0.01822261247256515,0.01735194814722559
cc18_151,openml_cc18,lgbm,2,gbdt,cpu,200.5,0,id,0.8692,0.8644354541870433,0.30737103771052426,0.94303670595573,0.09478040730734555,0.030305927525084656,0.03039994942136307
cc18_151,openml_cc18,lgbm,2,gbdt,cpu,200.5,5,id,0.8684,0.8636175880317393,0.3099391107985446,0.9427563618843455,0.09539923367462272,0.03319555933965134,0.0324633794630054
cc18_151,openml_cc18,lgbm,2,gbdt,cpu,200.5,10,id,0.8834,0.8804031458567372,0.27389244733520607,0.9542776424141135,0.08386505416918572,0.018769835206682083,0.019648601293855535
cc18_151,openml_cc18,lgbm,2,gbdt,cpu,200.5,20,id,0.8885,0.8855112720562657,0.2658562580420825,0.9560627784246418,0.08116418546052641,0.010086603785402106,0.011621111827530827
cc18_151,openml_cc18,lgbm,2,gbdt,cpu,200.5,30,id,0.8885,0.8855112720562657,0.2658562580420825,0.9560627784246418,0.08116418546052641,0.010086603785402106,0.011621111827530827
cc18_151,openml_cc18,lgbm,3,gbdt,cpu,207.0,0,id,0.8747,0.8721982157792026,0.3010610587135388,0.9453992972990701,0.09255271974190186,0.029431067594569593,0.02938533424598722
cc18_151,openml_cc18,lgbm,3,gbdt,cpu,207.0,5,id,0.8517,0.8462581380475246,0.3450110704291512,0.9293418020958034,0.1067028766131632,0.041881503681335586,0.04070593216452284
cc18_151,openml_cc18,lgbm,3,gbdt,cpu,207.0,10,id,0.8712,0.8676355794617819,0.30505870457766693,0.9450721969858475,0.09319254204589278,0.034880907907157144,0.0340584606837231
cc18_151,openml_cc18,lgbm,3,gbdt,cpu,207.0,20,id,0.8814,0.8784737368602306,0.283069738333916,0.9508467464208988,0.08685144482185786,0.020562502069912537,0.02039959098693807
cc18_151,openml_cc18,lgbm,3,gbdt,cpu,207.0,30,id,0.8814,0.8784737368602306,0.283069738333916,0.9508467464208988,0.08685144482185786,0.020562502069912537,0.02039959098693807
cc18_151,openml_cc18,lgbm,4,gbdt,cpu,213.6,0,id,0.866,0.8606057261725502,0.30668062209525526,0.9430752584362242,0.09505727811576392,0.028038905381881408,0.025947427017705003
cc18_151,openml_cc18,lgbm,4,gbdt,cpu,213.6,5,id,0.8909,0.8871869307869704,0.2608881278830008,0.9580263417298771,0.07901919579810565,0.013378675515975505,0.014567761473575684
cc18_151,openml_cc18,lgbm,4,gbdt,cpu,213.6,10,id,0.8909,0.8871869307869704,0.2608881278830008,0.9580263417298771,0.07901919579810565,0.013378675515975505,0.014567761473575684
cc18_151,openml_cc18,lgbm,4,gbdt,cpu,213.6,20,id,0.8909,0.8871869307869704,0.2608881278830008,0.9580263417298771,0.07901919579810565,0.013378675515975505,0.014567761473575684
cc18_151,openml_cc18,lgbm,4,gbdt,cpu,213.6,30,id,0.8909,0.8871869307869704,0.2608881278830008,0.9580263417298771,0.07901919579810565,0.013378675515975505,0.014567761473575684
cc18_151,openml_cc18,xgb,0,gbdt,cpu,84.8,0,id,0.8784,0.8754617406467416,0.28113708349892724,0.9505248214471773,0.08710914343740683,0.008724199039489034,0.0123590913011594
cc18_151,openml_cc18,xgb,0,gbdt,cpu,84.8,5,id,0.8871,0.8841350435348445,0.26778059465107173,0.9553213705071825,0.08218574795282936,0.012085279381275162,0.013242882965248354
cc18_151,openml_cc18,xgb,0,gbdt,cpu,84.8,10,id,0.8877,0.8845929342950514,0.26700656055814487,0.9555143358306811,0.08143958817264203,0.009521779294684533,0.011824838066083828
cc18_151,openml_cc18,xgb,0,gbdt,cpu,84.8,20,id,0.8877,0.8845929342950514,0.26700656055814487,0.9555143358306811,0.08143958817264203,0.009521779294684533,0.011824838066083828
cc18_151,openml_cc18,xgb,0,gbdt,cpu,84.8,30,id,0.8877,0.8845929342950514,0.26700656055814487,0.9555143358306811,0.08143958817264203,0.009521779294684533,0.011824838066083828
cc18_151,openml_cc18,xgb,1,gbdt,cpu,92.5,0,id,0.8763,0.8727925943247223,0.2860556112881037,0.9487443745666827,0.08874504506376016,0.011827768254652612,0.013695629201598367
cc18_151,openml_cc18,xgb,1,gbdt,cpu,92.5,5,id,0.8853,0.8810831600063997,0.2727330417921415,0.9533715678190344,0.08422563986844595,0.010055559204891328,0.012358738550147663
cc18_151,openml_cc18,xgb,1,gbdt,cpu,92.5,10,id,0.8853,0.8810831600063997,0.2727330417921415,0.9533715678190344,0.08422563986844595,0.010055559204891328,0.012358738550147663
cc18_151,openml_cc18,xgb,1,gbdt,cpu,92.5,20,id,0.8853,0.8810831600063997,0.2727330417921415,0.9533715678190344,0.08422563986844595,0.010055559204891328,0.012358738550147663
cc18_151,openml_cc18,xgb,1,gbdt,cpu,92.5,30,id,0.8853,0.8810831600063997,0.2727330417921415,0.9533715678190344,0.08422563986844595,0.010055559204891328,0.012358738550147663
cc18_151,openml_cc18,xgb,2,gbdt,cpu,67.8,0,id,0.8767,0.8726620222501305,0.2849286366931721,0.9492042755261856,0.08848110423849657,0.009458294748514909,0.011611419984941017
cc18_151,openml_cc18,xgb,2,gbdt,cpu,67.8,5,id,0.8898,0.8869762952536078,0.29628696869386545,0.9579896915331921,0.08373056369730643,0.04894870296381413,0.053517217784318914
cc18_151,openml_cc18,xgb,2,gbdt,cpu,67.8,10,id,0.8657,0.8606910789081765,0.3050513581512219,0.9431480584327745,0.09495226113626522,0.02509790974054485,0.025298481800547022
cc18_151,openml_cc18,xgb,2,gbdt,cpu,67.8,20,id,0.8817,0.8776528051030268,0.2766099853986116,0.9527327136933981,0.08532976913689304,0.017438891074247648,0.017151565157756017
cc18_151,openml_cc18,xgb,2,gbdt,cpu,67.8,30,id,0.8817,0.8776528051030268,0.2766099853986116,0.9527327136933981,0.08532976913689304,0.017438891074247648,0.017151565157756017
cc18_151,openml_cc18,xgb,3,gbdt,cpu,97.4,0,id,0.8814,0.8794650617425671,0.2775997580938808,0.9518524615031404,0.0853423411405718,0.00949049022123218,0.011704867722983209
cc18_151,openml_cc18,xgb,3,gbdt,cpu,97.4,5,id,0.8539,0.8476176224601912,0.3462144144458928,0.9319614949408813,0.10639356256567344,0.053857213032245645,0.052396405426156235
cc18_151,openml_cc18,xgb,3,gbdt,cpu,97.4,10,id,0.8876,0.8852121222060053,0.2632824481484874,0.9582494998278096,0.07975361411204422,0.022631118977814908,0.02337343467064418
cc18_151,openml_cc18,xgb,3,gbdt,cpu,97.4,20,id,0.8876,0.8852121222060053,0.2632824481484874,0.9582494998278096,0.07975361411204422,0.022631118977814908,0.02337343467064418
cc18_151,openml_cc18,xgb,3,gbdt,cpu,97.4,30,id,0.8876,0.8852121222060053,0.2632824481484874,0.9582494998278096,0.07975361411204422,0.022631118977814908,0.02337343467064418
cc18_151,openml_cc18,xgb,4,gbdt,cpu,100.5,0,id,0.8808,0.8764328367104866,0.2807445115430193,0.9507415816237975,0.08631932908269581,0.009797100944630814,0.012081516966391575
cc18_151,openml_cc18,xgb,4,gbdt,cpu,100.5,5,id,0.8757,0.8701458266062083,0.29249932708546655,0.9479178060478956,0.09037510194080944,0.026052909370511763,0.026242491533348886
cc18_151,openml_cc18,xgb,4,gbdt,cpu,100.5,10,id,0.8878,0.8836894534179471,0.2696504594267242,0.9545408995014995,0.08264874036359562,0.009628177475184204,0.01120496677529821
cc18_151,openml_cc18,xgb,4,gbdt,cpu,100.5,20,id,0.8878,0.8836894534179471,0.2696504594267242,0.9545408995014995,0.08264874036359562,0.009628177475184204,0.01120496677529821
cc18_151,openml_cc18,xgb,4,gbdt,cpu,100.5,30,id,0.8878,0.8836894534179471,0.2696504594267242,0.9545408995014995,0.08264874036359562,0.009628177475184204,0.01120496677529821
cc18_1590,openml_cc18,catb,0,gbdt,cpu,170.1,0,id,0.8719,0.791703315774903,0.2902552460145449,0.9200838991160246,0.0917126727578856,0.012757938027982009,0.013422944086598583
cc18_1590,openml_cc18,catb,0,gbdt,cpu,170.1,5,id,0.8689,0.7855299157252789,0.29320810216143,0.918444880293573,0.09282898326636585,0.007997257680689237,0.010378843457071704
cc18_1590,openml_cc18,catb,0,gbdt,cpu,170.1,10,id,0.8689,0.7855299157252789,0.29320810216143,0.918444880293573,0.09282898326636585,0.007997257680689237,0.010378843457071704
cc18_1590,openml_cc18,catb,0,gbdt,cpu,170.1,20,id,0.8689,0.7855299157252789,0.29320810216143,0.918444880293573,0.09282898326636585,0.007997257680689237,0.010378843457071704
cc18_1590,openml_cc18,catb,0,gbdt,cpu,170.1,30,id,0.8689,0.7855299157252789,0.29320810216143,0.918444880293573,0.09282898326636585,0.007997257680689237,0.010378843457071704
cc18_1590,openml_cc18,catb,1,gbdt,cpu,174.7,0,id,0.87,0.7860558451378649,0.2893382706032044,0.9209233294693153,0.09160390346069507,0.011505277089597976,0.012245412292777862
cc18_1590,openml_cc18,catb,1,gbdt,cpu,174.7,5,id,0.8698,0.7826544577713641,0.28977565818064344,0.9210219013597665,0.09157392571877222,0.008013833059713801,0.01166309445900797
cc18_1590,openml_cc18,catb,1,gbdt,cpu,174.7,10,id,0.8698,0.7826544577713641,0.28977565818064344,0.9210219013597665,0.09157392571877222,0.008013833059713801,0.01166309445900797
cc18_1590,openml_cc18,catb,1,gbdt,cpu,174.7,20,id,0.8698,0.7826544577713641,0.28977565818064344,0.9210219013597665,0.09157392571877222,0.008013833059713801,0.01166309445900797
cc18_1590,openml_cc18,catb,1,gbdt,cpu,174.7,30,id,0.8698,0.7826544577713641,0.28977565818064344,0.9210219013597665,0.09157392571877222,0.008013833059713801,0.01166309445900797
cc18_1590,openml_cc18,catb,2,gbdt,cpu,160.4,0,id,0.8715,0.7900187694779413,0.28932906863433805,0.9216254435918382,0.09098344453495263,0.011250483094878118,0.012386970884505659
cc18_1590,openml_cc18,catb,2,gbdt,cpu,160.4,5,id,0.8701,0.777536430319136,0.29188645075161657,0.9209551599497872,0.09188547666310076,0.01624019760172282,0.016538218909543854
cc18_1590,openml_cc18,catb,2,gbdt,cpu,160.4,10,id,0.8722,0.7853407173697102,0.28862017544394064,0.9224559337464199,0.09069364021481877,0.012219473394047982,0.013093975812580302
cc18_1590,openml_cc18,catb,2,gbdt,cpu,160.4,20,id,0.8722,0.7853407173697102,0.28862017544394064,0.9224559337464199,0.09069364021481877,0.012219473394047982,0.013093975812580302
cc18_1590,openml_cc18,catb,2,gbdt,cpu,160.4,30,id,0.8722,0.7853407173697102,0.28862017544394064,0.9224559337464199,0.09069364021481877,0.012219473394047982,0.013093975812580302
cc18_1590,openml_cc18,catb,3,gbdt,cpu,170.4,0,id,0.8664,0.7768156792942641,0.2887506274830951,0.9220657166510986,0.09163569909327522,0.010548665599442848,0.011618990301332318
cc18_1590,openml_cc18,catb,3,gbdt,cpu,170.4,5,id,0.8635,0.7629185528850996,0.2966985010048352,0.9189435136137958,0.09394416022542085,0.017247369178131047,0.0182761352655678
cc18_1590,openml_cc18,catb,3,gbdt,cpu,170.4,10,id,0.8635,0.7629185528850996,0.2966985010048352,0.9189435136137958,0.09394416022542085,0.017247369178131047,0.0182761352655678
cc18_1590,openml_cc18,catb,3,gbdt,cpu,170.4,20,id,0.8635,0.7629185528850996,0.2966985010048352,0.9189435136137958,0.09394416022542085,0.017247369178131047,0.0182761352655678
cc18_1590,openml_cc18,catb,3,gbdt,cpu,170.4,30,id,0.8635,0.7629185528850996,0.2966985010048352,0.9189435136137958,0.09394416022542085,0.017247369178131047,0.0182761352655678
cc18_1590,openml_cc18,catb,4,gbdt,cpu,175.2,0,id,0.8682,0.7802518395097382,0.2904304590701263,0.9198813792460206,0.0917856444576183,0.010091169895714066,0.011662473111620554
cc18_1590,openml_cc18,catb,4,gbdt,cpu,175.2,5,id,0.8699,0.7897409540980989,0.2905180029072086,0.9204122532590693,0.09176602241322084,0.015077002531084464,0.014614337973427979
cc18_1590,openml_cc18,catb,4,gbdt,cpu,175.2,10,id,0.8668,0.7800549357171408,0.29367396738457224,0.9185322685461239,0.09289429737140813,0.010721165768097752,0.013572023493542753
cc18_1590,openml_cc18,catb,4,gbdt,cpu,175.2,20,id,0.8693,0.7762094961539541,0.2900100761248955,0.9206748375860675,0.09149579588509686,0.011801611561576936,0.013077842790018843
cc18_1590,openml_cc18,catb,4,gbdt,cpu,175.2,30,id,0.8693,0.7762094961539541,0.2900100761248955,0.9206748375860675,0.09149579588509686,0.011801611561576936,0.013077842790018843
cc18_1590,openml_cc18,lgbm,0,gbdt,cpu,331.4,0,id,0.8696,0.795417110488196,0.28994274360807193,0.9203461045671142,0.09160108047247999,0.012777812625910205,0.014458257922415304
cc18_1590,openml_cc18,lgbm,0,gbdt,cpu,331.4,5,id,0.8689,0.793942805517682,0.2942877723637984,0.9181445067433254,0.09273013596339419,0.016115331059067605,0.016560961423053383
cc18_1590,openml_cc18,lgbm,0,gbdt,cpu,331.4,10,id,0.8715,0.7986935462881275,0.2877186444999538,0.9226530927428469,0.09078827802982656,0.01877420052690241,0.019443499907755745
cc18_1590,openml_cc18,lgbm,0,gbdt,cpu,331.4,20,id,0.8715,0.7986935462881275,0.2877186444999538,0.9226530927428469,0.09078827802982656,0.01877420052690241,0.019443499907755745
cc18_1590,openml_cc18,lgbm,0,gbdt,cpu,331.4,30,id,0.8733,0.8010341179722367,0.28756401749473726,0.9226858753287372,0.09077841439269493,0.01951803826241563,0.01917830812778629
cc18_1590,openml_cc18,lgbm,1,gbdt,cpu,201.9,0,id,0.8685,0.7881960599282046,0.28823348962370504,0.9217040188416884,0.09155712044125427,0.010535656917567249,0.01241618699719711
cc18_1590,openml_cc18,lgbm,1,gbdt,cpu,201.9,5,id,0.8618,0.7839280065959928,0.29985313490122756,0.9168322400615438,0.09524632798604694,0.02775348902741886,0.02725294129061814
cc18_1590,openml_cc18,lgbm,1,gbdt,cpu,201.9,10,id,0.8702,0.7901680453588411,0.2873577860722244,0.9220521419014649,0.09127687473815937,0.009089301428678375,0.01273555917814003
cc18_1590,openml_cc18,lgbm,1,gbdt,cpu,201.9,20,id,0.8702,0.7901680453588411,0.2873577860722244,0.9220521419014649,0.09127687473815937,0.009089301428678375,0.01273555917814003
cc18_1590,openml_cc18,lgbm,1,gbdt,cpu,201.9,30,id,0.8702,0.7901680453588411,0.2873577860722244,0.9220521419014649,0.09127687473815937,0.009089301428678375,0.01273555917814003
cc18_1590,openml_cc18,lgbm,2,gbdt,cpu,185.0,0,id,0.8736,0.798822200996665,0.28590234824268984,0.9239501796967964,0.08990629072496573,0.012568911696667288,0.014260709200532625
cc18_1590,openml_cc18,lgbm,2,gbdt,cpu,185.0,5,id,0.8741,0.7968673030384217,0.28316940298488924,0.9254544368399608,0.08919156652495686,0.009483085000859868,0.010798322613821838
cc18_1590,openml_cc18,lgbm,2,gbdt,cpu,185.0,10,id,0.8741,0.7968673030384217,0.28316940298488924,0.9254544368399608,0.08919156652495686,0.009483085000859868,0.010798322613821838
cc18_1590,openml_cc18,lgbm,2,gbdt,cpu,185.0,20,id,0.8741,0.7968673030384217,0.28316940298488924,0.9254544368399608,0.08919156652495686,0.009483085000859868,0.010798322613821838
cc18_1590,openml_cc18,lgbm,2,gbdt,cpu,185.0,30,id,0.8741,0.7968673030384217,0.28316940298488924,0.9254544368399608,0.08919156652495686,0.009483085000859868,0.010798322613821838
cc18_1590,openml_cc18,lgbm,3,gbdt,cpu,215.9,0,id,0.8685,0.7853336409649452,0.2895870356250337,0.9216894877977548,0.09170122942615237,0.012215085187128499,0.014273600651095689
cc18_1590,openml_cc18,lgbm,3,gbdt,cpu,215.9,5,id,0.8648,0.765629145045233,0.30388975943690877,0.9165113971807164,0.09542099853688209,0.02027251060259383,0.021028393049778375
cc18_1590,openml_cc18,lgbm,3,gbdt,cpu,215.9,10,id,0.8665,0.7798788848639322,0.29304582843367644,0.9199474853968239,0.09263304702792477,0.012386823188953126,0.013643034919387353
cc18_1590,openml_cc18,lgbm,3,gbdt,cpu,215.9,20,id,0.8676,0.7851698962500321,0.290055817281515,0.9213644668812189,0.09201783911654234,0.013764053500627692,0.014631926888552173
cc18_1590,openml_cc18,lgbm,3,gbdt,cpu,215.9,30,id,0.8676,0.7851698962500321,0.290055817281515,0.9213644668812189,0.09201783911654234,0.013764053500627692,0.014631926888552173
cc18_1590,openml_cc18,lgbm,4,gbdt,cpu,275.9,0,id,0.8685,0.7875228648465488,0.2887546396097216,0.9208527786394002,0.09120211909241338,0.012101126019488782,0.01287918200060635
cc18_1590,openml_cc18,lgbm,4,gbdt,cpu,275.9,5,id,0.8614,0.7782436082476671,0.3305486835957739,0.9148276989834924,0.09837540236026046,0.0477160043705389,0.05177250707451185
cc18_1590,openml_cc18,lgbm,4,gbdt,cpu,275.9,10,id,0.8673,0.7834148409563637,0.29100150267071506,0.9198860648065947,0.09195315465653205,0.01573691230394317,0.01484688343120452
cc18_1590,openml_cc18,lgbm,4,gbdt,cpu,275.9,20,id,0.8673,0.7834148409563637,0.29100150267071506,0.9198860648065947,0.09195315465653205,0.01573691230394317,0.01484688343120452
cc18_1590,openml_cc18,lgbm,4,gbdt,cpu,275.9,30,id,0.8673,0.7834148409563637,0.29100150267071506,0.9198860648065947,0.09195315465653205,0.01573691230394317,0.01484688343120452
cc18_1590,openml_cc18,xgb,0,gbdt,cpu,65.3,0,id,0.8668,0.7945966344463836,0.30382701134815127,0.916205611494928,0.09495837389531364,0.026343594631925215,0.02826716103425155
cc18_1590,openml_cc18,xgb,0,gbdt,cpu,65.3,5,id,0.8736,0.7971694184153844,0.2888319350561533,0.9210891396899401,0.09097344181045484,0.013526262414455419,0.013611628610714896
cc18_1590,openml_cc18,xgb,0,gbdt,cpu,65.3,10,id,0.8743,0.7941471788416827,0.28692817546295557,0.9223167881527988,0.09047605617529127,0.012813971523195501,0.013679416365681856
cc18_1590,openml_cc18,xgb,0,gbdt,cpu,65.3,20,id,0.8743,0.7941471788416827,0.28692817546295557,0.9223167881527988,0.09047605617529127,0.012813971523195501,0.013679416365681856
cc18_1590,openml_cc18,xgb,0,gbdt,cpu,65.3,30,id,0.8743,0.7941471788416827,0.28692817546295557,0.9223167881527988,0.09047605617529127,0.012813971523195501,0.013679416365681856
cc18_1590,openml_cc18,xgb,1,gbdt,cpu,62.5,0,id,0.8629,0.7860736976024687,0.30249494217134004,0.9165795126868594,0.09516486346805939,0.026571135159768163,0.026623039719179908
cc18_1590,openml_cc18,xgb,1,gbdt,cpu,62.5,5,id,0.8684,0.7842918463960802,0.2914913409541934,0.9198908162979202,0.0922140536505314,0.010843850705958898,0.011605183836863082
cc18_1590,openml_cc18,xgb,1,gbdt,cpu,62.5,10,id,0.8706,0.7868772775582911,0.2858033542069058,0.9228892636811212,0.09052319941029219,0.009663245276734235,0.010381941230604258
cc18_1590,openml_cc18,xgb,1,gbdt,cpu,62.5,20,id,0.8706,0.7868772775582911,0.2858033542069058,0.9228892636811212,0.09052319941029219,0.009663245276734235,0.010381941230604258
cc18_1590,openml_cc18,xgb,1,gbdt,cpu,62.5,30,id,0.8706,0.7868772775582911,0.2858033542069058,0.9228892636811212,0.09052319941029219,0.009663245276734235,0.010381941230604258
cc18_1590,openml_cc18,xgb,2,gbdt,cpu,50.2,0,id,0.8679,0.7912193446305666,0.29817530568426864,0.9197248529259782,0.0931802191931933,0.02277023121761158,0.023908720497504043
cc18_1590,openml_cc18,xgb,2,gbdt,cpu,50.2,5,id,0.8683,0.7774944107373526,0.2930827993028411,0.9199554943510542,0.09266143559084605,0.013895715608075265,0.01478554563747831
cc18_1590,openml_cc18,xgb,2,gbdt,cpu,50.2,10,id,0.8683,0.7774944107373526,0.2930827993028411,0.9199554943510542,0.09266143559084605,0.013895715608075265,0.01478554563747831
cc18_1590,openml_cc18,xgb,2,gbdt,cpu,50.2,20,id,0.872,0.7896339556839329,0.2864878606910562,0.9231208415150836,0.0901916676576332,0.011050168844684958,0.0126440528639614
cc18_1590,openml_cc18,xgb,2,gbdt,cpu,50.2,30,id,0.8744,0.7932107765855041,0.2826181272722532,0.9255796727475475,0.08897604577155444,0.01078742448836565,0.011479750945223409
cc18_1590,openml_cc18,xgb,3,gbdt,cpu,76.5,0,id,0.8658,0.7827013829598857,0.30175797868119575,0.9168461001549348,0.09430896688571602,0.023227901686728,0.02381190461340752
cc18_1590,openml_cc18,xgb,3,gbdt,cpu,76.5,5,id,0.8626,0.7554753270450973,0.30404001354908416,0.9165232734724347,0.09539733359792177,0.024850814230553804,0.02372291392208328
cc18_1590,openml_cc18,xgb,3,gbdt,cpu,76.5,10,id,0.8685,0.771631088258895,0.2907701056442015,0.922995989598453,0.09134329954452979,0.018212837230414156,0.01902916541329326
cc18_1590,openml_cc18,xgb,3,gbdt,cpu,76.5,20,id,0.8685,0.771631088258895,0.2907701056442015,0.922995989598453,0.09134329954452979,0.018212837230414156,0.01902916541329326
cc18_1590,openml_cc18,xgb,3,gbdt,cpu,76.5,30,id,0.8685,0.771631088258895,0.2907701056442015,0.922995989598453,0.09134329954452979,0.018212837230414156,0.01902916541329326
cc18_1590,openml_cc18,xgb,4,gbdt,cpu,78.5,0,id,0.8616,0.7805404149168624,0.3035936454607582,0.9149994661217157,0.09522688737643616,0.02230639202678577,0.023351193018601828
cc18_1590,openml_cc18,xgb,4,gbdt,cpu,78.5,5,id,0.8721,0.789885379612266,0.2862745834330932,0.9222934231432184,0.09028541850403365,0.014459487261995677,0.014287143734644358
cc18_1590,openml_cc18,xgb,4,gbdt,cpu,78.5,10,id,0.8699,0.7815118418723632,0.2906462624497377,0.9205444687536226,0.09154722293402219,0.013700553074479095,0.0153094643857117
cc18_1590,openml_cc18,xgb,4,gbdt,cpu,78.5,20,id,0.8699,0.7815118418723632,0.2906462624497377,0.9205444687536226,0.09154722293402219,0.013700553074479095,0.0153094643857117
cc18_1590,openml_cc18,xgb,4,gbdt,cpu,78.5,30,id,0.8695,0.7789394139929251,0.2913464841912133,0.9206248674606505,0.09160668671767967,0.014399198959022759,0.014654952870359138
cc18_31,openml_cc18,catb,0,gbdt,cpu,80.3,0,id,0.78,0.6936507936507936,0.47700343984837046,0.8033333333333333,0.15554894507223763,0.04130696107206329,0.029917799854924872
cc18_31,openml_cc18,catb,0,gbdt,cpu,80.3,5,id,0.77,0.676984126984127,0.5118855488127088,0.7865608465608467,0.16290917098797436,0.10218087874392971,0.06005539602487717
cc18_31,openml_cc18,catb,0,gbdt,cpu,80.3,10,id,0.7633333333333333,0.6563492063492063,0.49344977915906935,0.7923280423280423,0.16213514625279216,0.04966853402900565,0.0397131669667356
cc18_31,openml_cc18,catb,0,gbdt,cpu,80.3,20,id,0.7633333333333333,0.6563492063492063,0.49344977915906935,0.7923280423280423,0.16213514625279216,0.04966853402900565,0.0397131669667356
cc18_31,openml_cc18,catb,0,gbdt,cpu,80.3,30,id,0.8033333333333333,0.7198412698412698,0.464861441515695,0.8124338624338625,0.1502073031831064,0.04531409506231152,0.035675987529694246
cc18_31,openml_cc18,catb,1,gbdt,cpu,97.9,0,id,0.7833333333333333,0.6992063492063492,0.4710587170420813,0.8082010582010583,0.15350297036969376,0.0498916752602299,0.031023508120028888
cc18_31,openml_cc18,catb,1,gbdt,cpu,97.9,5,id,0.7666666666666667,0.6682539682539682,0.4948256182222103,0.7868253968253969,0.16209032010667732,0.060824028615256064,0.03316375793730282
cc18_31,openml_cc18,catb,1,gbdt,cpu,97.9,10,id,0.7766666666666666,0.6753968253968254,0.48424429637122224,0.7992592592592594,0.15836498352636585,0.03509309188107899,0.03274070882454376
cc18_31,openml_cc18,catb,1,gbdt,cpu,97.9,20,id,0.7766666666666666,0.6753968253968254,0.48424429637122224,0.7992592592592594,0.15836498352636585,0.03509309188107899,0.03274070882454376
cc18_31,openml_cc18,catb,1,gbdt,cpu,97.9,30,id,0.7766666666666666,0.6753968253968254,0.48424429637122224,0.7992592592592594,0.15836498352636585,0.03509309188107899,0.03274070882454376
cc18_31,openml_cc18,catb,2,gbdt,cpu,68.3,0,id,0.79,0.7071428571428571,0.47126348557286313,0.8103703703703704,0.1539281238905767,0.042301457682719125,0.03308770332885383
cc18_31,openml_cc18,catb,2,gbdt,cpu,68.3,5,id,0.77,0.6642857142857144,0.4923642494474915,0.7960317460317461,0.16185699208094662,0.055205754168457355,0.044817102876532205
cc18_31,openml_cc18,catb,2,gbdt,cpu,68.3,10,id,0.77,0.6642857142857144,0.4923642494474915,0.7960317460317461,0.16185699208094662,0.055205754168457355,0.044817102876532205
cc18_31,openml_cc18,catb,2,gbdt,cpu,68.3,20,id,0.77,0.6642857142857144,0.4923642494474915,0.7960317460317461,0.16185699208094662,0.055205754168457355,0.044817102876532205
cc18_31,openml_cc18,catb,2,gbdt,cpu,68.3,30,id,0.77,0.6642857142857144,0.4923642494474915,0.7960317460317461,0.16185699208094662,0.055205754168457355,0.044817102876532205
cc18_31,openml_cc18,catb,3,gbdt,cpu,81.7,0,id,0.79,0.7039682539682539,0.47046781652001246,0.8094179894179895,0.152672357270016,0.04219189203409723,0.029868256443382722
cc18_31,openml_cc18,catb,3,gbdt,cpu,81.7,5,id,0.7633333333333333,0.6563492063492063,0.4859214110794214,0.8008465608465608,0.1596751375358668,0.05725353827719175,0.03402491796269684
cc18_31,openml_cc18,catb,3,gbdt,cpu,81.7,10,id,0.7633333333333333,0.6563492063492063,0.4859214110794214,0.8008465608465608,0.1596751375358668,0.05725353827719175,0.03402491796269684
cc18_31,openml_cc18,catb,3,gbdt,cpu,81.7,20,id,0.7666666666666667,0.665079365079365,0.49281065952494685,0.7911640211640212,0.16187440516314772,0.05297425845310484,0.03197926822416074
cc18_31,openml_cc18,catb,3,gbdt,cpu,81.7,30,id,0.7533333333333333,0.6555555555555556,0.503455314806423,0.7832804232804232,0.16578508985580215,0.06178748232569809,0.03199594911300889
cc18_31,openml_cc18,catb,4,gbdt,cpu,85.1,0,id,0.7833333333333333,0.6992063492063492,0.4710191907385562,0.8094708994708995,0.15332161136983607,0.05121870373224698,0.029427731732933907
cc18_31,openml_cc18,catb,4,gbdt,cpu,85.1,5,id,0.7533333333333333,0.646031746031746,0.4928054896917854,0.7938624338624338,0.16206070097732161,0.06381033164930484,0.05005426829108962
cc18_31,openml_cc18,catb,4,gbdt,cpu,85.1,10,id,0.7533333333333333,0.646031746031746,0.4928054896917854,0.7938624338624338,0.16206070097732161,0.06381033164930484,0.05005426829108962
cc18_31,openml_cc18,catb,4,gbdt,cpu,85.1,20,id,0.7633333333333333,0.6690476190476191,0.49015208279986905,0.7944973544973544,0.16053728014854912,0.04142969192501197,0.036077862967520996
cc18_31,openml_cc18,catb,4,gbdt,cpu,85.1,30,id,0.7633333333333333,0.6690476190476191,0.49015208279986905,0.7944973544973544,0.16053728014854912,0.04142969192501197,0.036077862967520996
cc18_31,openml_cc18,lgbm,0,gbdt,cpu,32.3,0,id,0.77,0.6896825396825397,0.5539848739080934,0.788994708994709,0.17021712218096874,0.10124781722492188,0.08358367798726997
cc18_31,openml_cc18,lgbm,0,gbdt,cpu,32.3,5,id,0.77,0.6833333333333333,0.49531603910196265,0.7828571428571428,0.16294674723688052,0.056305342110867816,0.025306491885509378
cc18_31,openml_cc18,lgbm,0,gbdt,cpu,32.3,10,id,0.7733333333333333,0.6761904761904762,0.4870935372175711,0.7961375661375661,0.1597546876581038,0.06179744178131695,0.03479842875485145
cc18_31,openml_cc18,lgbm,0,gbdt,cpu,32.3,20,id,0.7733333333333333,0.6761904761904762,0.4870935372175711,0.7961375661375661,0.1597546876581038,0.06179744178131695,0.03479842875485145
cc18_31,openml_cc18,lgbm,0,gbdt,cpu,32.3,30,id,0.7733333333333333,0.6761904761904762,0.4870935372175711,0.7961375661375661,0.1597546876581038,0.06179744178131695,0.03479842875485145
cc18_31,openml_cc18,lgbm,1,gbdt,cpu,23.5,0,id,0.77,0.6896825396825397,0.5539848739080934,0.788994708994709,0.17021712218096874,0.10124781722492188,0.08358367798726997
cc18_31,openml_cc18,lgbm,1,gbdt,cpu,23.5,5,id,0.7333333333333333,0.5777777777777777,0.5221630343950279,0.785079365079365,0.17311409333788558,0.07710395358793685,0.06939257103476744
cc18_31,openml_cc18,lgbm,1,gbdt,cpu,23.5,10,id,0.7333333333333333,0.5777777777777777,0.5221630343950279,0.785079365079365,0.17311409333788558,0.07710395358793685,0.06939257103476744
cc18_31,openml_cc18,lgbm,1,gbdt,cpu,23.5,20,id,0.7666666666666667,0.6714285714285715,0.49717599337878937,0.7835449735449735,0.16339068264588133,0.03927173406436988,0.03075802514448965
cc18_31,openml_cc18,lgbm,1,gbdt,cpu,23.5,30,id,0.77,0.6706349206349206,0.4954234442724666,0.7836507936507937,0.16328988158154914,0.06743769931521318,0.03637570585685431
cc18_31,openml_cc18,lgbm,2,gbdt,cpu,20.6,0,id,0.77,0.6896825396825397,0.5539848739080934,0.788994708994709,0.17021712218096874,0.10124781722492188,0.08358367798726997
cc18_31,openml_cc18,lgbm,2,gbdt,cpu,20.6,5,id,0.7766666666666666,0.6880952380952381,0.4990530016699535,0.7812169312169313,0.16374381825705633,0.05442397798902522,0.03278830802415415
cc18_31,openml_cc18,lgbm,2,gbdt,cpu,20.6,10,id,0.7766666666666666,0.6880952380952381,0.4990530016699535,0.7812169312169313,0.16374381825705633,0.05442397798902522,0.03278830802415415
cc18_31,openml_cc18,lgbm,2,gbdt,cpu,20.6,20,id,0.7733333333333333,0.6825396825396826,0.49711635958139994,0.7818518518518519,0.1630569917191885,0.04354248963547598,0.028002565728116033
cc18_31,openml_cc18,lgbm,2,gbdt,cpu,20.6,30,id,0.7733333333333333,0.6825396825396826,0.49711635958139994,0.7818518518518519,0.1630569917191885,0.04354248963547598,0.028002565728116033
cc18_31,openml_cc18,lgbm,3,gbdt,cpu,22.7,0,id,0.77,0.6896825396825397,0.5539848739080934,0.788994708994709,0.17021712218096874,0.10124781722492188,0.08358367798726997
cc18_31,openml_cc18,lgbm,3,gbdt,cpu,22.7,5,id,0.7666666666666667,0.6682539682539682,0.5024944297572693,0.7787301587301587,0.1652157909575582,0.04546207646108083,0.03173228123820357
cc18_31,openml_cc18,lgbm,3,gbdt,cpu,22.7,10,id,0.7633333333333333,0.6658730158730158,0.4926609850258099,0.7863492063492064,0.16235201886808662,0.05213495638787414,0.03357796672831628
cc18_31,openml_cc18,lgbm,3,gbdt,cpu,22.7,20,id,0.7633333333333333,0.6658730158730158,0.4926609850258099,0.7863492063492064,0.16235201886808662,0.05213495638787414,0.03357796672831628
cc18_31,openml_cc18,lgbm,3,gbdt,cpu,22.7,30,id,0.7633333333333333,0.6658730158730158,0.4926609850258099,0.7863492063492064,0.16235201886808662,0.05213495638787414,0.03357796672831628
cc18_31,openml_cc18,lgbm,4,gbdt,cpu,21.1,0,id,0.77,0.6896825396825397,0.5539848739080934,0.788994708994709,0.17021712218096874,0.10124781722492188,0.08358367798726997
cc18_31,openml_cc18,lgbm,4,gbdt,cpu,21.1,5,id,0.7,0.5,0.5439995472375853,0.7687830687830688,0.18197310372634698,0.09702394164515418,0.07591998206756329
cc18_31,openml_cc18,lgbm,4,gbdt,cpu,21.1,10,id,0.77,0.6738095238095239,0.4913295233000894,0.7898941798941798,0.1610956385431347,0.05714378291065629,0.031166943143862817
cc18_31,openml_cc18,lgbm,4,gbdt,cpu,21.1,20,id,0.77,0.6738095238095239,0.4913295233000894,0.7898941798941798,0.1610956385431347,0.05714378291065629,0.031166943143862817
cc18_31,openml_cc18,lgbm,4,gbdt,cpu,21.1,30,id,0.77,0.6738095238095239,0.4913295233000894,0.7898941798941798,0.1610956385431347,0.05714378291065629,0.031166943143862817
cc18_31,openml_cc18,xgb,0,gbdt,cpu,38.8,0,id,0.76,0.6825396825396826,0.6488884347011594,0.7791534391534393,0.18580884741860815,0.14311952428271374,0.12686519478095762
cc18_31,openml_cc18,xgb,0,gbdt,cpu,38.8,5,id,0.7633333333333333,0.6658730158730158,0.4865601859571885,0.7987830687830687,0.1587418961713532,0.049804583365718524,0.038917627955058105
cc18_31,openml_cc18,xgb,0,gbdt,cpu,38.8,10,id,0.7633333333333333,0.6658730158730158,0.4865601859571885,0.7987830687830687,0.1587418961713532,0.049804583365718524,0.038917627955058105
cc18_31,openml_cc18,xgb,0,gbdt,cpu,38.8,20,id,0.7633333333333333,0.6658730158730158,0.4865601859571885,0.7987830687830687,0.1587418961713532,0.049804583365718524,0.038917627955058105
cc18_31,openml_cc18,xgb,0,gbdt,cpu,38.8,30,id,0.7633333333333333,0.6658730158730158,0.4865601859571885,0.7987830687830687,0.1587418961713532,0.049804583365718524,0.038917627955058105
cc18_31,openml_cc18,xgb,1,gbdt,cpu,33.3,0,id,0.76,0.6825396825396826,0.6488884347011594,0.7791534391534393,0.18580884741860815,0.14311952428271374,0.12686519478095762
cc18_31,openml_cc18,xgb,1,gbdt,cpu,33.3,5,id,0.7533333333333333,0.6015873015873016,0.5177597243491906,0.794973544973545,0.17084809283981273,0.08539893006285032,0.07464215177883228
cc18_31,openml_cc18,xgb,1,gbdt,cpu,33.3,10,id,0.7766666666666666,0.6849206349206349,0.48269659371446894,0.7956613756613756,0.15788243731502216,0.04228526376187801,0.036069699108336205
cc18_31,openml_cc18,xgb,1,gbdt,cpu,33.3,20,id,0.7333333333333333,0.5904761904761905,0.5115252638569765,0.7860317460317461,0.16873031620401535,0.06926357552409172,0.060811888356159464
cc18_31,openml_cc18,xgb,1,gbdt,cpu,33.3,30,id,0.7766666666666666,0.6817460317460318,0.47739206455632777,0.8052910052910053,0.15527684164886774,0.0600255729506413,0.031532034237309874
cc18_31,openml_cc18,xgb,2,gbdt,cpu,33.8,0,id,0.76,0.6825396825396826,0.6488884347011594,0.7791534391534393,0.18580884741860815,0.14311952428271374,0.12686519478095762
cc18_31,openml_cc18,xgb,2,gbdt,cpu,33.8,5,id,0.7633333333333333,0.6690476190476191,0.48509044193578443,0.8004761904761906,0.15826304010265393,0.058982561528682705,0.040559980433824604
cc18_31,openml_cc18,xgb,2,gbdt,cpu,33.8,10,id,0.7633333333333333,0.6690476190476191,0.48509044193578443,0.8004761904761906,0.15826304010265393,0.058982561528682705,0.040559980433824604
cc18_31,openml_cc18,xgb,2,gbdt,cpu,33.8,20,id,0.77,0.6706349206349206,0.48543467137971247,0.7998941798941799,0.15820589970394328,0.06766868992398184,0.04343098723706645
cc18_31,openml_cc18,xgb,2,gbdt,cpu,33.8,30,id,0.77,0.6706349206349206,0.48543467137971247,0.7998941798941799,0.15820589970394328,0.06766868992398184,0.04343098723706645
cc18_31,openml_cc18,xgb,3,gbdt,cpu,32.5,0,id,0.76,0.6825396825396826,0.6488884347011594,0.7791534391534393,0.18580884741860815,0.14311952428271374,0.12686519478095762
cc18_31,openml_cc18,xgb,3,gbdt,cpu,32.5,5,id,0.7833333333333333,0.6896825396825397,0.4792139905693832,0.8123280423280422,0.1560221131431246,0.050691793287793795,0.048811003425144
cc18_31,openml_cc18,xgb,3,gbdt,cpu,32.5,10,id,0.7833333333333333,0.6896825396825397,0.4792139905693832,0.8123280423280422,0.1560221131431246,0.050691793287793795,0.048811003425144
cc18_31,openml_cc18,xgb,3,gbdt,cpu,32.5,20,id,0.7833333333333333,0.6896825396825397,0.4792139905693832,0.8123280423280422,0.1560221131431246,0.050691793287793795,0.048811003425144
cc18_31,openml_cc18,xgb,3,gbdt,cpu,32.5,30,id,0.7833333333333333,0.6896825396825397,0.4792139905693832,0.8123280423280422,0.1560221131431246,0.050691793287793795,0.048811003425144
cc18_31,openml_cc18,xgb,4,gbdt,cpu,35.6,0,id,0.76,0.6825396825396826,0.6488884347011594,0.7791534391534393,0.18580884741860815,0.14311952428271374,0.12686519478095762
cc18_31,openml_cc18,xgb,4,gbdt,cpu,35.6,5,id,0.71,0.5166666666666667,0.5395153285903524,0.7846560846560845,0.17985070206712128,0.10849313775698344,0.07912532758472174
cc18_31,openml_cc18,xgb,4,gbdt,cpu,35.6,10,id,0.78,0.6936507936507936,0.474545986070021,0.8082010582010583,0.1542434842718915,0.05518259188781182,0.037784860103161864
cc18_31,openml_cc18,xgb,4,gbdt,cpu,35.6,20,id,0.75,0.6214285714285714,0.5063360903645451,0.7879365079365079,0.16683077778043062,0.0746208766102791,0.05553248928004811
cc18_31,openml_cc18,xgb,4,gbdt,cpu,35.6,30,id,0.78,0.6904761904761905,0.490399864360818,0.7869841269841269,0.16086799444732022,0.056405807013312964,0.033096031779125325
cc18_44,openml_cc18,catb,0,gbdt,cpu,238.6,0,id,0.9551049963794352,0.9539540726684939,0.13137818394888717,0.9879713085951226,0.034823129081269395,0.021080321312359363,0.020490864095043804
cc18_44,openml_cc18,catb,0,gbdt,cpu,238.6,5,id,0.9572773352643013,0.9573549177735611,0.12286094816569672,0.9892495080469464,0.032667269618915085,0.01584914910448857,0.01523063224561356
cc18_44,openml_cc18,catb,0,gbdt,cpu,238.6,10,id,0.9572773352643013,0.9573549177735611,0.12286094816569672,0.9892495080469464,0.032667269618915085,0.01584914910448857,0.01523063224561356
cc18_44,openml_cc18,catb,0,gbdt,cpu,238.6,20,id,0.9572773352643013,0.9573549177735611,0.12286094816569672,0.9892495080469464,0.032667269618915085,0.01584914910448857,0.01523063224561356
cc18_44,openml_cc18,catb,0,gbdt,cpu,238.6,30,id,0.9572773352643013,0.9573549177735611,0.12286094816569672,0.9892495080469464,0.032667269618915085,0.01584914910448857,0.01523063224561356
cc18_44,openml_cc18,catb,1,gbdt,cpu,303.1,0,id,0.9572773352643013,0.9560679334457798,0.13018991751793615,0.9883161149764563,0.034551288238828956,0.02067397595280533,0.01946574386774048
cc18_44,openml_cc18,catb,1,gbdt,cpu,303.1,5,id,0.9551049963794352,0.9552410569962753,0.13089091138884987,0.987231182795699,0.034356570497422856,0.0134483143384987,0.016489208323725826
cc18_44,openml_cc18,catb,1,gbdt,cpu,303.1,10,id,0.9551049963794352,0.9552410569962753,0.13089091138884987,0.987231182795699,0.034356570497422856,0.0134483143384987,0.016489208323725826
cc18_44,openml_cc18,catb,1,gbdt,cpu,303.1,20,id,0.9565532223026793,0.9557923079626116,0.12278093244832018,0.9892912362077447,0.03300751199340875,0.013402801312901294,0.015029398733963677
cc18_44,openml_cc18,catb,1,gbdt,cpu,303.1,30,id,0.9565532223026793,0.9557923079626116,0.12278093244832018,0.9892912362077447,0.03300751199340875,0.013402801312901294,0.015029398733963677
cc18_44,openml_cc18,catb,2,gbdt,cpu,238.1,0,id,0.9572773352643013,0.956389679527725,0.12874949170818026,0.9885752688172041,0.034088041991922856,0.022012396903170778,0.021546876244619803
cc18_44,openml_cc18,catb,2,gbdt,cpu,238.1,5,id,0.9536567704561911,0.9521158373743763,0.12745691819045857,0.989060633213859,0.03413798128356784,0.023785035759925254,0.022497796282246883
cc18_44,openml_cc18,catb,2,gbdt,cpu,238.1,10,id,0.9551049963794352,0.9545975648323846,0.1230574585589743,0.9887861058401854,0.03248641287502424,0.013519094098648732,0.016248897385200002
cc18_44,openml_cc18,catb,2,gbdt,cpu,238.1,20,id,0.9551049963794352,0.9545975648323846,0.1230574585589743,0.9887861058401854,0.03248641287502424,0.013519094098648732,0.016248897385200002
cc18_44,openml_cc18,catb,2,gbdt,cpu,238.1,30,id,0.9551049963794352,0.9545975648323846,0.1230574585589743,0.9887861058401854,0.03248641287502424,0.013519094098648732,0.016248897385200002
cc18_44,openml_cc18,catb,3,gbdt,cpu,259.0,0,id,0.9565532223026793,0.9557923079626116,0.13153409427774634,0.9879976632229952,0.03483439902576943,0.02124261860888019,0.020399492280507067
cc18_44,openml_cc18,catb,3,gbdt,cpu,259.0,5,id,0.9536567704561911,0.9511505991285403,0.13845668217529186,0.9873607597160728,0.03652348982949189,0.029788190944199645,0.028586785353058485
cc18_44,openml_cc18,catb,3,gbdt,cpu,259.0,10,id,0.9536567704561911,0.9511505991285403,0.13845668217529186,0.9873607597160728,0.03652348982949189,0.029788190944199645,0.028586785353058485
cc18_44,openml_cc18,catb,3,gbdt,cpu,259.0,20,id,0.9572773352643013,0.9567114256096705,0.12653844040320794,0.988318311195446,0.033108798417354535,0.016448639969825825,0.017863746058290303
cc18_44,openml_cc18,catb,3,gbdt,cpu,259.0,30,id,0.9558291093410572,0.9548731903155527,0.12456156391614731,0.9887729285262493,0.033251089964508054,0.013855392846581209,0.016022875334775318
cc18_44,openml_cc18,catb,4,gbdt,cpu,314.5,0,id,0.9587255611875453,0.957584422657952,0.12939276940721017,0.9884698503057137,0.03430170439109718,0.023016953508156298,0.02078018724620943
cc18_44,openml_cc18,catb,4,gbdt,cpu,314.5,5,id,0.9580014482259233,0.9576305432567292,0.12327153960534074,0.9891924063532224,0.03273925460432465,0.022703294575969778,0.01990121321224387
cc18_44,openml_cc18,catb,4,gbdt,cpu,314.5,10,id,0.9623461259956553,0.9618582648113009,0.1212981249334044,0.9892495080469463,0.03205677688840844,0.015146112568717488,0.015038906273644334
cc18_44,openml_cc18,catb,4,gbdt,cpu,314.5,20,id,0.9529326574945691,0.9518402118912082,0.12217012843129568,0.9895745484573758,0.03321886061016212,0.017683284529756815,0.016901997490547393
cc18_44,openml_cc18,catb,4,gbdt,cpu,314.5,30,id,0.9529326574945691,0.9518402118912082,0.12217012843129568,0.9895745484573758,0.03321886061016212,0.017683284529756815,0.016901997490547393
cc18_44,openml_cc18,lgbm,0,gbdt,cpu,154.1,0,id,0.9558291093410572,0.9558384285613888,0.13426169286513198,0.9883732166701804,0.035252894247870814,0.020363554947102177,0.023919521808724826
cc18_44,openml_cc18,lgbm,0,gbdt,cpu,154.1,5,id,0.9558291093410572,0.9548731903155527,0.13294362245081184,0.9878109846088972,0.03542693647394707,0.020278477190383608,0.020591624422391794
cc18_44,openml_cc18,lgbm,0,gbdt,cpu,154.1,10,id,0.9572773352643013,0.956389679527725,0.12676106010254193,0.988726807927472,0.033940295887791946,0.016601806248984826,0.016242406045040285
cc18_44,openml_cc18,lgbm,0,gbdt,cpu,154.1,20,id,0.9572773352643013,0.956389679527725,0.12676106010254193,0.988726807927472,0.033940295887791946,0.016601806248984826,0.016242406045040285
cc18_44,openml_cc18,lgbm,0,gbdt,cpu,154.1,30,id,0.9572773352643013,0.956389679527725,0.12676106010254193,0.988726807927472,0.033940295887791946,0.016601806248984826,0.016242406045040285
cc18_44,openml_cc18,lgbm,1,gbdt,cpu,126.1,0,id,0.9558291093410572,0.9558384285613888,0.13426169286513198,0.9883732166701804,0.035252894247870814,0.020363554947102177,0.023919521808724826
cc18_44,openml_cc18,lgbm,1,gbdt,cpu,126.1,5,id,0.9551049963794352,0.9555628030782206,0.1260467215892819,0.988794890716143,0.034328628616182195,0.01680359306634489,0.01601695013161806
cc18_44,openml_cc18,lgbm,1,gbdt,cpu,126.1,10,id,0.9551049963794352,0.9555628030782206,0.1260467215892819,0.988794890716143,0.034328628616182195,0.01680359306634489,0.01601695013161806
cc18_44,openml_cc18,lgbm,1,gbdt,cpu,126.1,20,id,0.9551049963794352,0.9555628030782206,0.1260467215892819,0.988794890716143,0.034328628616182195,0.01680359306634489,0.01601695013161806
cc18_44,openml_cc18,lgbm,1,gbdt,cpu,126.1,30,id,0.9551049963794352,0.9555628030782206,0.1260467215892819,0.988794890716143,0.034328628616182195,0.01680359306634489,0.01601695013161806
cc18_44,openml_cc18,lgbm,2,gbdt,cpu,136.1,0,id,0.9558291093410572,0.9558384285613888,0.13426169286513198,0.9883732166701804,0.035252894247870814,0.020363554947102177,0.023919521808724826
cc18_44,openml_cc18,lgbm,2,gbdt,cpu,136.1,5,id,0.9558291093410572,0.9555166824794434,0.1262902213205056,0.9884918124956075,0.03319444213615344,0.01609827383985424,0.018533520684996002
cc18_44,openml_cc18,lgbm,2,gbdt,cpu,136.1,10,id,0.9558291093410572,0.9555166824794434,0.1262902213205056,0.9884918124956075,0.03319444213615344,0.01609827383985424,0.018533520684996002
cc18_44,openml_cc18,lgbm,2,gbdt,cpu,136.1,20,id,0.9558291093410572,0.9555166824794434,0.1262902213205056,0.9884918124956075,0.03319444213615344,0.01609827383985424,0.018533520684996002
cc18_44,openml_cc18,lgbm,2,gbdt,cpu,136.1,30,id,0.9594496741491673,0.9578600481411202,0.12164626176950401,0.9894888959167897,0.032604917921472173,0.0172362955868317,0.01632975209815994
cc18_44,openml_cc18,lgbm,3,gbdt,cpu,124.2,0,id,0.9558291093410572,0.9558384285613888,0.13426169286513198,0.9883732166701804,0.035252894247870814,0.020363554947102177,0.023919521808724826
cc18_44,openml_cc18,lgbm,3,gbdt,cpu,124.2,5,id,0.9514844315713251,0.9487149922693092,0.15962556463617725,0.9852370159533347,0.04148034023041434,0.044651860967271445,0.03913089148510154
cc18_44,openml_cc18,lgbm,3,gbdt,cpu,124.2,10,id,0.9522085445329471,0.9518863324899852,0.1312253244901104,0.9883885902031062,0.03545712529585139,0.017149636671124714,0.017540566641374274
cc18_44,openml_cc18,lgbm,3,gbdt,cpu,124.2,20,id,0.9587255611875453,0.958549660903788,0.12553255921021225,0.9889705882352942,0.033010662140760386,0.014698141900754495,0.01814476966641156
cc18_44,openml_cc18,lgbm,3,gbdt,cpu,124.2,30,id,0.9587255611875453,0.958549660903788,0.12553255921021225,0.9889705882352942,0.033010662140760386,0.014698141900754495,0.01814476966641156
cc18_44,openml_cc18,lgbm,4,gbdt,cpu,154.7,0,id,0.9558291093410572,0.9558384285613888,0.13426169286513198,0.9883732166701804,0.035252894247870814,0.020363554947102177,0.023919521808724826
cc18_44,openml_cc18,lgbm,4,gbdt,cpu,154.7,5,id,0.9522085445329471,0.9518863324899852,0.16921356414679098,0.9876133248998524,0.03670854265215018,0.028437479991027657,0.035643985782714174
cc18_44,openml_cc18,lgbm,4,gbdt,cpu,154.7,10,id,0.9543808834178131,0.954000193267271,0.12336752624728525,0.9893307681495537,0.033269523295614674,0.012492222026158838,0.015253895604205654
cc18_44,openml_cc18,lgbm,4,gbdt,cpu,154.7,20,id,0.9543808834178131,0.954000193267271,0.12336752624728525,0.9893307681495537,0.033269523295614674,0.012492222026158838,0.015253895604205654
cc18_44,openml_cc18,lgbm,4,gbdt,cpu,154.7,30,id,0.9543808834178131,0.954000193267271,0.12336752624728525,0.9893307681495537,0.033269523295614674,0.012492222026158838,0.015253895604205654
cc18_44,openml_cc18,xgb,0,gbdt,cpu,122.0,0,id,0.9500362056480811,0.9491289795488087,0.13457316021125873,0.988013036755921,0.03517691080794299,0.01833214666957411,0.020190682479033398
cc18_44,openml_cc18,xgb,0,gbdt,cpu,122.0,5,id,0.9580014482259233,0.9569870510928385,0.12864353193130196,0.9890935764986999,0.035271668222012435,0.020363241409819537,0.018550837151303057
cc18_44,openml_cc18,xgb,0,gbdt,cpu,122.0,10,id,0.9572773352643013,0.9554244412818891,0.12939809357200838,0.9880964930775178,0.03471594604879839,0.02059882842368467,0.018561702530879822
cc18_44,openml_cc18,xgb,0,gbdt,cpu,122.0,20,id,0.9572773352643013,0.9554244412818891,0.12939809357200838,0.9880964930775178,0.03471594604879839,0.02059882842368467,0.018561702530879822
cc18_44,openml_cc18,xgb,0,gbdt,cpu,122.0,30,id,0.9551049963794352,0.9529888344226579,0.13207632436676023,0.9878505165507063,0.03603000019126628,0.01835003871791694,0.0174266551060682
cc18_44,openml_cc18,xgb,1,gbdt,cpu,85.6,0,id,0.9500362056480811,0.9491289795488087,0.13457316021125873,0.988013036755921,0.03517691080794299,0.01833214666957411,0.020190682479033398
cc18_44,openml_cc18,xgb,1,gbdt,cpu,85.6,5,id,0.9551049963794352,0.9529888344226579,0.13267811775379634,0.9881316325813478,0.03622825294414388,0.023237889176699937,0.01979945615161204
cc18_44,openml_cc18,xgb,1,gbdt,cpu,85.6,10,id,0.9572773352643013,0.956389679527725,0.1282167550252217,0.9883556469182656,0.03435271572170033,0.016246022792785246,0.01756437754917992
cc18_44,openml_cc18,xgb,1,gbdt,cpu,85.6,20,id,0.9572773352643013,0.956389679527725,0.1282167550252217,0.9883556469182656,0.03435271572170033,0.016246022792785246,0.01756437754917992
cc18_44,openml_cc18,xgb,1,gbdt,cpu,85.6,30,id,0.9572773352643013,0.956389679527725,0.1282167550252217,0.9883556469182656,0.03435271572170033,0.016246022792785246,0.01756437754917992
cc18_44,openml_cc18,xgb,2,gbdt,cpu,71.7,0,id,0.9500362056480811,0.9491289795488087,0.13457316021125873,0.988013036755921,0.03517691080794299,0.01833214666957411,0.020190682479033398
cc18_44,openml_cc18,xgb,2,gbdt,cpu,71.7,5,id,0.9558291093410572,0.9535862059877714,0.14133563286385345,0.9865800038653454,0.038308670597405205,0.02425067941540179,0.023321372153846665
cc18_44,openml_cc18,xgb,2,gbdt,cpu,71.7,10,id,0.9507603186097031,0.9510133354417035,0.13837548942366085,0.9867831541218638,0.037119969971998894,0.01273463402890276,0.0177730465541115
cc18_44,openml_cc18,xgb,2,gbdt,cpu,71.7,20,id,0.9536567704561911,0.9505071069646497,0.13039685177218685,0.9878329467987912,0.03539337796528861,0.015862405950245326,0.01773081655558591
cc18_44,openml_cc18,xgb,2,gbdt,cpu,71.7,30,id,0.9580014482259233,0.9560218128470026,0.12692799710093206,0.988335880947361,0.03388917970491317,0.014333245705254766,0.01716277086034705
cc18_44,openml_cc18,xgb,3,gbdt,cpu,100.1,0,id,0.9500362056480811,0.9491289795488087,0.13457316021125873,0.988013036755921,0.03517691080794299,0.01833214666957411,0.020190682479033398
cc18_44,openml_cc18,xgb,3,gbdt,cpu,100.1,5,id,0.944967414916727,0.9414081716916157,0.16946284605949316,0.9846703914540728,0.04415557854679744,0.0451528564160238,0.0431340049098379
cc18_44,openml_cc18,xgb,3,gbdt,cpu,100.1,10,id,0.9565532223026793,0.953218339307049,0.13843251262866493,0.9868688066624499,0.036823478397080715,0.02265221041685898,0.02074614099987593
cc18_44,openml_cc18,xgb,3,gbdt,cpu,100.1,20,id,0.9565532223026793,0.9535400853889944,0.13730809286860696,0.9875013177313935,0.037293478543332335,0.019696174314883533,0.020381140491212042
cc18_44,openml_cc18,xgb,3,gbdt,cpu,100.1,30,id,0.9565532223026793,0.9535400853889944,0.13730809286860696,0.9875013177313935,0.037293478543332335,0.019696174314883533,0.020381140491212042
cc18_44,openml_cc18,xgb,4,gbdt,cpu,94.2,0,id,0.9500362056480811,0.9491289795488087,0.13457316021125873,0.988013036755921,0.03517691080794299,0.01833214666957411,0.020190682479033398
cc18_44,openml_cc18,xgb,4,gbdt,cpu,94.2,5,id,0.9536567704561911,0.9521158373743763,0.1291525340159163,0.9883205074144352,0.03362144224531284,0.019266455201263487,0.01948028949453262
cc18_44,openml_cc18,xgb,4,gbdt,cpu,94.2,10,id,0.9558291093410572,0.9535862059877714,0.1288784458629963,0.9878175732658656,0.034761738335964854,0.01513524083751083,0.01615508701094019
cc18_44,openml_cc18,xgb,4,gbdt,cpu,94.2,20,id,0.9558291093410572,0.9535862059877714,0.1288784458629963,0.9878175732658656,0.034761738335964854,0.01513524083751083,0.01615508701094019
cc18_44,openml_cc18,xgb,4,gbdt,cpu,94.2,30,id,0.9558291093410572,0.9535862059877714,0.1288784458629963,0.9878175732658656,0.034761738335964854,0.01513524083751083,0.01615508701094019
ts_brfss_diabetes,tableshift,catb,0,gbdt,cpu,213.7,0,id,0.1296,0.4278911086279249,2.80230111262507,0.192556252901891,0.7338278322272122,0.7569759280208039,0.7474231476915034
ts_brfss_diabetes,tableshift,catb,0,gbdt,cpu,213.7,0,ood,0.1709,0.4420814469622344,2.6391533873899813,0.19125556625164947,0.699767358524163,0.7088486368031264,0.6967655036360217
ts_brfss_diabetes,tableshift,catb,0,gbdt,cpu,213.7,5,id,0.1257,0.4305045552830371,2.5946779929272488,0.18443209932791568,0.7240676357021619,0.7529618512283311,0.7423702699767443
ts_brfss_diabetes,tableshift,catb,0,gbdt,cpu,213.7,5,ood,0.1699,0.4450687214234276,2.4482486274139807,0.1871870847813352,0.6895119017830686,0.7018513164669369,0.6905584969671572
ts_brfss_diabetes,tableshift,catb,0,gbdt,cpu,213.7,10,id,0.1257,0.4305045552830371,2.5946779929272488,0.18443209932791568,0.7240676357021619,0.7529618512283311,0.7423702699767443
ts_brfss_diabetes,tableshift,catb,0,gbdt,cpu,213.7,10,ood,0.1699,0.4450687214234276,2.4482486274139807,0.1871870847813352,0.6895119017830686,0.7018513164669369,0.6905584969671572
ts_brfss_diabetes,tableshift,catb,0,gbdt,cpu,213.7,20,id,0.125,0.4391693856326405,2.4973690703279665,0.18242240401626542,0.7204783637088487,0.7513719305536194,0.7426892212401495
ts_brfss_diabetes,tableshift,catb,0,gbdt,cpu,213.7,20,ood,0.1701,0.45439846369137255,2.348630045475089,0.18492395824276298,0.6840942556944265,0.6985139819366615,0.6895524659511922
ts_brfss_diabetes,tableshift,catb,0,gbdt,cpu,213.7,30,id,0.1276,0.43807477632669695,2.5861864917947233,0.18321998785211038,0.7231782090301208,0.7512792572066358,0.7428210576745121
ts_brfss_diabetes,tableshift,catb,0,gbdt,cpu,213.7,30,ood,0.169,0.44744283232935544,2.4312712104667185,0.18385444107975166,0.6876400701140506,0.6991430051823542,0.6896418953990843
ts_brfss_diabetes,tableshift,catb,1,gbdt,cpu,285.8,0,id,0.1289,0.4424970341472318,2.761032758331755,0.1940653357402369,0.7309524911680317,0.7555112573406306,0.7481122335856533
ts_brfss_diabetes,tableshift,catb,1,gbdt,cpu,285.8,0,ood,0.1725,0.4501214648960916,2.6155392666684345,0.20657134867974314,0.69859431853907,0.7077403032875031,0.6987678631856612
ts_brfss_diabetes,tableshift,catb,1,gbdt,cpu,285.8,5,id,0.1279,0.46607199892773016,2.616020388188907,0.18820278590535508,0.726752304538024,0.753498209791996,0.7502936354202219
ts_brfss_diabetes,tableshift,catb,1,gbdt,cpu,285.8,5,ood,0.17,0.4651790537843177,2.4569742265666523,0.20125576722454644,0.6917143755499893,0.7062988174087379,0.6996918373365794
ts_brfss_diabetes,tableshift,catb,1,gbdt,cpu,285.8,10,id,0.1263,0.46416130531743177,2.5170756332402364,0.1849808075104518,0.7203885046382774,0.7496330068688388,0.7460764419913951
ts_brfss_diabetes,tableshift,catb,1,gbdt,cpu,285.8,10,ood,0.1699,0.4662535094441489,2.3644695049653164,0.19909383894991736,0.6850169159741285,0.7027824312605545,0.6948728448876318
ts_brfss_diabetes,tableshift,catb,1,gbdt,cpu,285.8,20,id,0.1263,0.46416130531743177,2.5170756332402364,0.1849808075104518,0.7203885046382774,0.7496330068688388,0.7460764419913951
ts_brfss_diabetes,tableshift,catb,1,gbdt,cpu,285.8,20,ood,0.1699,0.4662535094441489,2.3644695049653164,0.19909383894991736,0.6850169159741285,0.7027824312605545,0.6948728448876318
ts_brfss_diabetes,tableshift,catb,1,gbdt,cpu,285.8,30,id,0.1263,0.46416130531743177,2.5170756332402364,0.1849808075104518,0.7203885046382774,0.7496330068688388,0.7460764419913951
ts_brfss_diabetes,tableshift,catb,1,gbdt,cpu,285.8,30,ood,0.1699,0.4662535094441489,2.3644695049653164,0.19909383894991736,0.6850169159741285,0.7027824312605545,0.6948728448876318
ts_brfss_diabetes,tableshift,catb,2,gbdt,cpu,205.3,0,id,0.1281,0.44175148009154375,2.757854553357542,0.1923786634787772,0.7356741914604472,0.7598370392444233,0.7521100963898233
ts_brfss_diabetes,tableshift,catb,2,gbdt,cpu,205.3,0,ood,0.1703,0.434804013581956,2.6023771053357634,0.19769805901826903,0.6982866781927122,0.7068728176676236,0.6957965261246964
ts_brfss_diabetes,tableshift,catb,2,gbdt,cpu,205.3,5,id,0.1231,0.446610417423286,2.503005751230908,0.18450279660919242,0.7235887426808935,0.7542875183632196,0.7476209736354527
ts_brfss_diabetes,tableshift,catb,2,gbdt,cpu,205.3,5,ood,0.1674,0.4458299953855316,2.332825505068802,0.18857254268383294,0.6832411211464586,0.7003228360151028,0.6894271491116774
ts_brfss_diabetes,tableshift,catb,2,gbdt,cpu,205.3,10,id,0.1231,0.446610417423286,2.503005751230908,0.18450279660919242,0.7235887426808935,0.7542875183632196,0.7476209736354527
ts_brfss_diabetes,tableshift,catb,2,gbdt,cpu,205.3,10,ood,0.1674,0.4458299953855316,2.332825505068802,0.18857254268383294,0.6832411211464586,0.7003228360151028,0.6894271491116774
ts_brfss_diabetes,tableshift,catb,2,gbdt,cpu,205.3,20,id,0.124,0.44208907643440615,2.557037582695378,0.18472221621730683,0.7255325922584785,0.7548674603690544,0.747677581445155
ts_brfss_diabetes,tableshift,catb,2,gbdt,cpu,205.3,20,ood,0.1666,0.4394127558208782,2.3794767265791577,0.18718128883332158,0.6852935333809341,0.6997425874346165,0.6891600497905584
ts_brfss_diabetes,tableshift,catb,2,gbdt,cpu,205.3,30,id,0.124,0.44208907643440615,2.557037582695378,0.18472221621730683,0.7255325922584785,0.7548674603690544,0.747677581445155
ts_brfss_diabetes,tableshift,catb,2,gbdt,cpu,205.3,30,ood,0.1666,0.4394127558208782,2.3794767265791577,0.18718128883332158,0.6852935333809341,0.6997425874346165,0.6891600497905584
ts_brfss_diabetes,tableshift,catb,3,gbdt,cpu,232.6,0,id,0.1262,0.4277151811736792,2.7589858254558046,0.19200064592851152,0.7386405384313753,0.7634595933810406,0.7531986074436098
ts_brfss_diabetes,tableshift,catb,3,gbdt,cpu,232.6,0,ood,0.1726,0.42734595968636996,2.616316214603251,0.18782591795086873,0.7012970934609019,0.7075667639110416,0.6934726053407172
ts_brfss_diabetes,tableshift,catb,3,gbdt,cpu,232.6,5,id,0.1263,0.44497451933222687,2.5511544998030664,0.18926703511683748,0.7270864643156295,0.7568484703089251,0.7486516520139497
ts_brfss_diabetes,tableshift,catb,3,gbdt,cpu,232.6,5,ood,0.171,0.4382115110195021,2.4056930636013742,0.18479388834048532,0.6884881265970931,0.6990077374704575,0.6882747665397364
ts_brfss_diabetes,tableshift,catb,3,gbdt,cpu,232.6,10,id,0.1248,0.45469945074688156,2.5073875231798133,0.1887876684689926,0.7256881337191394,0.7561891494081161,0.7504298349612915
ts_brfss_diabetes,tableshift,catb,3,gbdt,cpu,232.6,10,ood,0.1723,0.4558848250194783,2.3947678897751814,0.1829367949249085,0.6904522970506293,0.7012445221378261,0.6938983123401751
ts_brfss_diabetes,tableshift,catb,3,gbdt,cpu,232.6,20,id,0.1256,0.4568126208442414,2.4483243010819096,0.18859775764420034,0.7212721227736368,0.7533428079607543,0.7479932209073138
ts_brfss_diabetes,tableshift,catb,3,gbdt,cpu,232.6,20,ood,0.1727,0.457443768743042,2.3238050848335066,0.18341951509757892,0.6845792813974783,0.6984212321305898,0.6901800521234831
ts_brfss_diabetes,tableshift,catb,3,gbdt,cpu,232.6,30,id,0.1259,0.4513610840191868,2.506193497815461,0.18831863952911382,0.724363064429644,0.7545602283231017,0.7479029328220382
ts_brfss_diabetes,tableshift,catb,3,gbdt,cpu,232.6,30,ood,0.1714,0.44963660448963516,2.3689072802431594,0.18293802243965146,0.6869865260938385,0.6995406297024664,0.6892386367218762
ts_brfss_diabetes,tableshift,catb,4,gbdt,cpu,242.0,0,id,0.125,0.43012916828977227,2.86677497558774,0.1846136681313717,0.7402129281681422,0.7620514768103225,0.754518150637717
ts_brfss_diabetes,tableshift,catb,4,gbdt,cpu,242.0,0,ood,0.1643,0.4405631862578946,2.7454476387177995,0.19121246421444504,0.710531621896879,0.7195198580682169,0.7083356739661401
ts_brfss_diabetes,tableshift,catb,4,gbdt,cpu,242.0,5,id,0.123,0.4599490281189179,2.4553381358284083,0.17815948190105402,0.7223802651007926,0.7541736237831141,0.7496942360651216
ts_brfss_diabetes,tableshift,catb,4,gbdt,cpu,242.0,5,ood,0.1652,0.46368722032707155,2.3262465734746747,0.18499121245007974,0.6888105306511083,0.7097575191054393,0.6999891846021745
ts_brfss_diabetes,tableshift,catb,4,gbdt,cpu,242.0,10,id,0.123,0.4599490281189179,2.4553381358284083,0.17815948190105402,0.7223802651007926,0.7541736237831141,0.7496942360651216
ts_brfss_diabetes,tableshift,catb,4,gbdt,cpu,242.0,10,ood,0.1652,0.46368722032707155,2.3262465734746747,0.18499121245007974,0.6888105306511083,0.7097575191054393,0.6999891846021745
ts_brfss_diabetes,tableshift,catb,4,gbdt,cpu,242.0,20,id,0.1234,0.45643493628878584,2.594844545809341,0.17592491558941556,0.72862923041425,0.7559284729811222,0.751117881145664
ts_brfss_diabetes,tableshift,catb,4,gbdt,cpu,242.0,20,ood,0.1633,0.4520658728424424,2.4615621513722625,0.1826068280266445,0.6957492033283709,0.7128321470223424,0.7015471060481506
ts_brfss_diabetes,tableshift,catb,4,gbdt,cpu,242.0,30,id,0.1223,0.4544447451205899,2.5155722497607016,0.17670009627698674,0.7251791088619246,0.7548842858164624,0.7499451231413021
ts_brfss_diabetes,tableshift,catb,4,gbdt,cpu,242.0,30,ood,0.1639,0.4554539631044462,2.3845890322348398,0.1829689593262379,0.6917145916566693,0.7113404566338835,0.6999213340602755
ts_brfss_diabetes,tableshift,lgbm,0,gbdt,cpu,283.8,0,id,0.1311,0.42583967085697755,2.8639567775236583,0.19850255620988655,0.7351123718239292,0.7567323154165932,0.7469192864979332
ts_brfss_diabetes,tableshift,lgbm,0,gbdt,cpu,283.8,0,ood,0.1727,0.43373966961728067,2.718589713112171,0.19480672015359213,0.7003103852598441,0.7042942942378512,0.6931734833091865
ts_brfss_diabetes,tableshift,lgbm,0,gbdt,cpu,283.8,5,id,0.129,0.4518341619057878,2.478440268648022,0.1953619957864257,0.718545886588144,0.7488163962548771,0.7430274842478495
ts_brfss_diabetes,tableshift,lgbm,0,gbdt,cpu,283.8,5,ood,0.1712,0.4555145673121052,2.3548079575266807,0.19280879402913095,0.6832201140625372,0.6971098655778446,0.6894719672153048
ts_brfss_diabetes,tableshift,lgbm,0,gbdt,cpu,283.8,10,id,0.129,0.4518341619057878,2.478440268648022,0.1953619957864257,0.718545886588144,0.7488163962548771,0.7430274842478495
ts_brfss_diabetes,tableshift,lgbm,0,gbdt,cpu,283.8,10,ood,0.1712,0.4555145673121052,2.3548079575266807,0.19280879402913095,0.6832201140625372,0.6971098655778446,0.6894719672153048
ts_brfss_diabetes,tableshift,lgbm,0,gbdt,cpu,283.8,20,id,0.129,0.4518341619057878,2.478440268648022,0.1953619957864257,0.718545886588144,0.7488163962548771,0.7430274842478495
ts_brfss_diabetes,tableshift,lgbm,0,gbdt,cpu,283.8,20,ood,0.1712,0.4555145673121052,2.3548079575266807,0.19280879402913095,0.6832201140625372,0.6971098655778446,0.6894719672153048
ts_brfss_diabetes,tableshift,lgbm,0,gbdt,cpu,283.8,30,id,0.129,0.4518341619057878,2.478440268648022,0.1953619957864257,0.718545886588144,0.7488163962548771,0.7430274842478495
ts_brfss_diabetes,tableshift,lgbm,0,gbdt,cpu,283.8,30,ood,0.1712,0.4555145673121052,2.3548079575266807,0.19280879402913095,0.6832201140625372,0.6971098655778446,0.6894719672153048
ts_brfss_diabetes,tableshift,lgbm,1,gbdt,cpu,191.7,0,id,0.1295,0.4405257401798904,2.8473393849640156,0.20059279625732196,0.732662608016525,0.754967479669236,0.7484267932976653
ts_brfss_diabetes,tableshift,lgbm,1,gbdt,cpu,191.7,0,ood,0.174,0.44853238705407444,2.6722085718133664,0.21740994755698556,0.6942162250739845,0.703200512585187,0.6935816528145754
ts_brfss_diabetes,tableshift,lgbm,1,gbdt,cpu,191.7,5,id,0.1284,0.4977855916591094,2.1279816819254718,0.19188194052324486,0.7011571582322789,0.7468708086198135,0.7460095378617897
ts_brfss_diabetes,tableshift,lgbm,1,gbdt,cpu,191.7,5,ood,0.1734,0.4981083997714306,2.01903041793192,0.20322654812838115,0.6655373987649659,0.6971715656376707,0.694944397109333
ts_brfss_diabetes,tableshift,lgbm,1,gbdt,cpu,191.7,10,id,0.1287,0.4460211231456291,2.7015785021855523,0.19388772322319753,0.7272039751615921,0.7525855827545255,0.7457187851929568
ts_brfss_diabetes,tableshift,lgbm,1,gbdt,cpu,191.7,10,ood,0.1713,0.4441742478827783,2.54053544593132,0.20739211293649348,0.6893785498190554,0.6997169385810988,0.690060189415327
ts_brfss_diabetes,tableshift,lgbm,1,gbdt,cpu,191.7,20,id,0.1307,0.4527926783361566,2.6973623411943257,0.20099168919574056,0.7282739645326298,0.7533002685334598,0.7478724355290871
ts_brfss_diabetes,tableshift,lgbm,1,gbdt,cpu,191.7,20,ood,0.1703,0.44651994493340785,2.5150201335848563,0.21400194168418094,0.6897451184854028,0.7012087931319645,0.6932743742203777
ts_brfss_diabetes,tableshift,lgbm,1,gbdt,cpu,191.7,30,id,0.1275,0.46054952403766636,2.4501678806289,0.18963678641297219,0.7183574885386612,0.7491919062465812,0.7447071073415594
ts_brfss_diabetes,tableshift,lgbm,1,gbdt,cpu,191.7,30,ood,0.169,0.45799091026730765,2.3079939300944914,0.20263347616947075,0.6811795737879481,0.6977766626877843,0.690671895105401
ts_brfss_diabetes,tableshift,lgbm,2,gbdt,cpu,215.3,0,id,0.1282,0.4283769722544086,2.8576176645726994,0.19723372764009708,0.7375733865373817,0.7581945768013808,0.7511537325596517
ts_brfss_diabetes,tableshift,lgbm,2,gbdt,cpu,215.3,0,ood,0.1693,0.4291786637259207,2.6792037357486493,0.2059411141315582,0.6989342396461098,0.707258719602738,0.6948226638441205
ts_brfss_diabetes,tableshift,lgbm,2,gbdt,cpu,215.3,5,id,0.1268,0.44369310943165635,2.5037644108638744,0.19646305679977405,0.7271782422226238,0.7560498933376794,0.7502522322576951
ts_brfss_diabetes,tableshift,lgbm,2,gbdt,cpu,215.3,5,ood,0.1683,0.4413536537539762,2.3391682805818292,0.19746621829228914,0.6863994659077874,0.6999058687244941,0.690983102147382
ts_brfss_diabetes,tableshift,lgbm,2,gbdt,cpu,215.3,10,id,0.1249,0.4338739918948054,2.648967433372484,0.19209123820394422,0.7293214725486515,0.7564635167741844,0.7485273277740062
ts_brfss_diabetes,tableshift,lgbm,2,gbdt,cpu,215.3,10,ood,0.1685,0.43440010793163436,2.468466137302007,0.19311508461907173,0.6893152614716576,0.7006314128537066,0.6897449253756724
ts_brfss_diabetes,tableshift,lgbm,2,gbdt,cpu,215.3,20,id,0.124,0.4461186148533744,2.429730230951694,0.19579353875908662,0.7203938123170097,0.7527416827884321,0.7470989134133846
ts_brfss_diabetes,tableshift,lgbm,2,gbdt,cpu,215.3,20,ood,0.1688,0.44964335633863717,2.273974848859812,0.19522301960534566,0.6810463216286095,0.6973788905314265,0.6893578534697331
ts_brfss_diabetes,tableshift,lgbm,2,gbdt,cpu,215.3,30,id,0.1223,0.4525322247779142,2.3546045646705855,0.19278570666805017,0.7164642804338588,0.7505834924302939,0.746182206452651
ts_brfss_diabetes,tableshift,lgbm,2,gbdt,cpu,215.3,30,ood,0.1683,0.455274432381278,2.2126155926275843,0.1902008746261219,0.6780843834233755,0.6965685585422752,0.6886998486053393
ts_brfss_diabetes,tableshift,lgbm,3,gbdt,cpu,241.2,0,id,0.1285,0.4260579396448962,2.864345299433951,0.2035647981794227,0.7399299102140845,0.7631967155859622,0.7530963506514061
ts_brfss_diabetes,tableshift,lgbm,3,gbdt,cpu,241.2,0,ood,0.1744,0.4284415165944649,2.6988159751744143,0.19839686574568963,0.6995200018840864,0.7048199684078167,0.6905141278435698
ts_brfss_diabetes,tableshift,lgbm,3,gbdt,cpu,241.2,5,id,0.126,0.44380992305893496,2.4799232252434336,0.19027701136149755,0.724719190907084,0.7538971276037723,0.7472183216226712
ts_brfss_diabetes,tableshift,lgbm,3,gbdt,cpu,241.2,5,ood,0.173,0.4435945041437147,2.3662563641688985,0.18270690869165682,0.6888682969786462,0.700131376304693,0.6884619560484273
ts_brfss_diabetes,tableshift,lgbm,3,gbdt,cpu,241.2,10,id,0.126,0.44380992305893496,2.4799232252434336,0.19027701136149755,0.724719190907084,0.7538971276037723,0.7472183216226712
ts_brfss_diabetes,tableshift,lgbm,3,gbdt,cpu,241.2,10,ood,0.173,0.4435945041437147,2.3662563641688985,0.18270690869165682,0.6888682969786462,0.700131376304693,0.6884619560484273
ts_brfss_diabetes,tableshift,lgbm,3,gbdt,cpu,241.2,20,id,0.126,0.44380992305893496,2.4799232252434336,0.19027701136149755,0.724719190907084,0.7538971276037723,0.7472183216226712
ts_brfss_diabetes,tableshift,lgbm,3,gbdt,cpu,241.2,20,ood,0.173,0.4435945041437147,2.3662563641688985,0.18270690869165682,0.6888682969786462,0.700131376304693,0.6884619560484273
ts_brfss_diabetes,tableshift,lgbm,3,gbdt,cpu,241.2,30,id,0.128,0.4416496985666946,2.5563960439102122,0.19224313647485583,0.7269800537238237,0.7543760465830858,0.7474359369398748
ts_brfss_diabetes,tableshift,lgbm,3,gbdt,cpu,241.2,30,ood,0.1706,0.4388450450173983,2.4346137530932155,0.18436528110940054,0.6913111958339461,0.7018438268925469,0.6897776019265758
ts_brfss_diabetes,tableshift,lgbm,4,gbdt,cpu,223.3,0,id,0.1284,0.43513615355433755,2.9295525717720206,0.1920043908416471,0.7412456038534717,0.7615331294230641,0.7543660803448566
ts_brfss_diabetes,tableshift,lgbm,4,gbdt,cpu,223.3,0,ood,0.1655,0.4336042439187525,2.7866446429024916,0.19889990956611808,0.7097580714709497,0.7172042206804751,0.7057861248163381
ts_brfss_diabetes,tableshift,lgbm,4,gbdt,cpu,223.3,5,id,0.1258,0.5,2.1044461518442996,0.18523331256485603,0.7020619859445218,0.7498013235484515,0.7498524975383448
ts_brfss_diabetes,tableshift,lgbm,4,gbdt,cpu,223.3,5,ood,0.1706,0.5,2.010964054468079,0.18826396346912175,0.6687219016761834,0.701867696183504,0.7004127865578897
ts_brfss_diabetes,tableshift,lgbm,4,gbdt,cpu,223.3,10,id,0.1274,0.4383070744853619,2.9289384043091244,0.18770229715362746,0.7435144284114452,0.7629731101099353,0.7571855239937141
ts_brfss_diabetes,tableshift,lgbm,4,gbdt,cpu,223.3,10,ood,0.1626,0.43371838171126686,2.7728950594843256,0.19397615361151765,0.709804747667682,0.7197651065571291,0.7069683551190036
ts_brfss_diabetes,tableshift,lgbm,4,gbdt,cpu,223.3,20,id,0.1233,0.4652245305178407,2.410208103552035,0.18004905870786608,0.7217249842347554,0.7525977521158411,0.7499308965134956
ts_brfss_diabetes,tableshift,lgbm,4,gbdt,cpu,223.3,20,ood,0.1648,0.46158369261413285,2.3014525681717095,0.18605025568278993,0.689216585115757,0.7079240632217424,0.7000631718485039
ts_brfss_diabetes,tableshift,lgbm,4,gbdt,cpu,223.3,30,id,0.1252,0.4445345260477078,2.580779760564208,0.18131044363431623,0.7302693041502409,0.75562598926337,0.7505158140050978
ts_brfss_diabetes,tableshift,lgbm,4,gbdt,cpu,223.3,30,ood,0.1625,0.4392452657905219,2.456754647654301,0.18649118799702946,0.6981984119188156,0.7128770387271917,0.7012045357702955
ts_brfss_diabetes,tableshift,xgb,0,gbdt,cpu,86.0,0,id,0.1402,0.4275138902312901,3.255247109014437,0.21582027795122916,0.7484345533527649,0.765459003944695,0.7507225903338138
ts_brfss_diabetes,tableshift,xgb,0,gbdt,cpu,86.0,0,ood,0.1775,0.43260706878768895,3.1012411258098482,0.21344894660306563,0.7149494680210768,0.7172312005296348,0.7013172771739076
ts_brfss_diabetes,tableshift,xgb,0,gbdt,cpu,86.0,5,id,0.1285,0.46061408029774353,2.30077323414051,0.19224851748429655,0.7078824489211704,0.7430018327265978,0.738877706437747
ts_brfss_diabetes,tableshift,xgb,0,gbdt,cpu,86.0,5,ood,0.172,0.46767864765219813,2.1994835253913,0.18839221107628829,0.673249517299587,0.6911137374728917,0.6853038724038452
ts_brfss_diabetes,tableshift,xgb,0,gbdt,cpu,86.0,10,id,0.1294,0.4323098398344909,2.675726607607043,0.1879596663377308,0.7291215156611229,0.753267598065734,0.7444073359145603
ts_brfss_diabetes,tableshift,xgb,0,gbdt,cpu,86.0,10,ood,0.1721,0.4398892203778781,2.540394479554346,0.18648911796375886,0.6948648168340558,0.7015072904273869,0.6919962401019256
ts_brfss_diabetes,tableshift,xgb,0,gbdt,cpu,86.0,20,id,0.1294,0.43813903601167176,2.546234909811634,0.18974932490021532,0.7224655464617714,0.7496585498988628,0.7421862968987941
ts_brfss_diabetes,tableshift,xgb,0,gbdt,cpu,86.0,20,ood,0.1712,0.4445093034919922,2.4254251313202015,0.1865850231213397,0.6873290509106992,0.6970162959769368,0.6879215284960503
ts_brfss_diabetes,tableshift,xgb,0,gbdt,cpu,86.0,30,id,0.1294,0.43813903601167176,2.546234909811634,0.18974932490021532,0.7224655464617714,0.7496585498988628,0.7421862968987941
ts_brfss_diabetes,tableshift,xgb,0,gbdt,cpu,86.0,30,ood,0.1712,0.4445093034919922,2.4254251313202015,0.1865850231213397,0.6873290509106992,0.6970162959769368,0.6879215284960503
ts_brfss_diabetes,tableshift,xgb,1,gbdt,cpu,79.4,0,id,0.1374,0.43513551665725575,3.2255054092432403,0.2212760991478877,0.7440805483853427,0.7620461850613356,0.7501535646875502
ts_brfss_diabetes,tableshift,xgb,1,gbdt,cpu,79.4,0,ood,0.1715,0.4331724846074507,3.055345251423411,0.23495582832070352,0.7109082527334385,0.7174888262029737,0.7020290140474195
ts_brfss_diabetes,tableshift,xgb,1,gbdt,cpu,79.4,5,id,0.1282,0.4450725493215612,2.686106107693661,0.19317326283729447,0.7292561025723622,0.7544371625676751,0.7473172363916205
ts_brfss_diabetes,tableshift,xgb,1,gbdt,cpu,79.4,5,ood,0.1701,0.4461718980091646,2.5215691812252605,0.20305565708857773,0.6929103455973065,0.7041553623646498,0.6939896229006178
ts_brfss_diabetes,tableshift,xgb,1,gbdt,cpu,79.4,10,id,0.1261,0.4458521550912855,2.5680668006840692,0.1869488486645107,0.7228805318642598,0.7508731476858259,0.7445055741779808
ts_brfss_diabetes,tableshift,xgb,1,gbdt,cpu,79.4,10,ood,0.1684,0.4471859327229472,2.4018276418885383,0.20016940835990615,0.6847408685153549,0.6984131027087569,0.6894308423072454
ts_brfss_diabetes,tableshift,xgb,1,gbdt,cpu,79.4,20,id,0.1261,0.4458521550912855,2.5680668006840692,0.1869488486645107,0.7228805318642598,0.7508731476858259,0.7445055741779808
ts_brfss_diabetes,tableshift,xgb,1,gbdt,cpu,79.4,20,ood,0.1684,0.4471859327229472,2.4018276418885383,0.20016940835990615,0.6847408685153549,0.6984131027087569,0.6894308423072454
ts_brfss_diabetes,tableshift,xgb,1,gbdt,cpu,79.4,30,id,0.1261,0.4458521550912855,2.5680668006840692,0.1869488486645107,0.7228805318642598,0.7508731476858259,0.7445055741779808
ts_brfss_diabetes,tableshift,xgb,1,gbdt,cpu,79.4,30,ood,0.1684,0.4471859327229472,2.4018276418885383,0.20016940835990615,0.6847408685153549,0.6984131027087569,0.6894308423072454
ts_brfss_diabetes,tableshift,xgb,2,gbdt,cpu,79.5,0,id,0.1341,0.42705577077172285,3.2116497567348152,0.2179153768108423,0.7488745834063774,0.7672650038845837,0.7534856879795486
ts_brfss_diabetes,tableshift,xgb,2,gbdt,cpu,79.5,0,ood,0.1749,0.4307395383967348,3.025880702297709,0.2237106233889863,0.7106760670513574,0.7167827857933938,0.6984073677966833
ts_brfss_diabetes,tableshift,xgb,2,gbdt,cpu,79.5,5,id,0.1233,0.4322858118741677,2.581594804914622,0.1873798866800408,0.7276827609450912,0.7555662622362376,0.7478016297312002
ts_brfss_diabetes,tableshift,xgb,2,gbdt,cpu,79.5,5,ood,0.1668,0.4326874194842298,2.4250669485738077,0.1887380434430415,0.6882780485966983,0.7015075937867165,0.6888037413690158
ts_brfss_diabetes,tableshift,xgb,2,gbdt,cpu,79.5,10,id,0.1224,0.438150332336037,2.485413101918824,0.18606670175939216,0.7230764461110887,0.7529683384805916,0.7465481878619485
ts_brfss_diabetes,tableshift,xgb,2,gbdt,cpu,79.5,10,ood,0.1685,0.44261564941659937,2.3274492382752143,0.18643119330376945,0.6837649741873726,0.6988106650203466,0.6882102256402521
ts_brfss_diabetes,tableshift,xgb,2,gbdt,cpu,79.5,20,id,0.1224,0.438150332336037,2.485413101918824,0.18606670175939216,0.7230764461110887,0.7529683384805916,0.7465481878619485
ts_brfss_diabetes,tableshift,xgb,2,gbdt,cpu,79.5,20,ood,0.1685,0.44261564941659937,2.3274492382752143,0.18643119330376945,0.6837649741873726,0.6988106650203466,0.6882102256402521
ts_brfss_diabetes,tableshift,xgb,2,gbdt,cpu,79.5,30,id,0.1224,0.438150332336037,2.485413101918824,0.18606670175939216,0.7230764461110887,0.7529683384805916,0.7465481878619485
ts_brfss_diabetes,tableshift,xgb,2,gbdt,cpu,79.5,30,ood,0.1685,0.44261564941659937,2.3274492382752143,0.18643119330376945,0.6837649741873726,0.6988106650203466,0.6882102256402521
ts_brfss_diabetes,tableshift,xgb,3,gbdt,cpu,82.1,0,id,0.1365,0.4283336612882067,3.2319154763475466,0.22102015175755296,0.7526589671540735,0.7685577241368591,0.7560561370901241
ts_brfss_diabetes,tableshift,xgb,3,gbdt,cpu,82.1,0,ood,0.179,0.4226906100236808,3.0827946868543097,0.21569305993852195,0.7148767031991422,0.7182319985188543,0.6975752944145651
ts_brfss_diabetes,tableshift,xgb,3,gbdt,cpu,82.1,5,id,0.1262,0.46443471986950247,2.3116503073979975,0.19040676742010731,0.7142392323923246,0.7492494651138782,0.7450620152692539
ts_brfss_diabetes,tableshift,xgb,3,gbdt,cpu,82.1,5,ood,0.1738,0.462717478957499,2.202269290577493,0.18393108186670895,0.6770012701715153,0.6940177358597517,0.686451757667939
ts_brfss_diabetes,tableshift,xgb,3,gbdt,cpu,82.1,10,id,0.1268,0.43699131347352693,2.6253197475083185,0.18797290558036606,0.7313188298931735,0.7571907769545912,0.7489560853885462
ts_brfss_diabetes,tableshift,xgb,3,gbdt,cpu,82.1,10,ood,0.1708,0.4326085881705086,2.487329783382251,0.181463947721511,0.6945246077055032,0.7029777561873198,0.6899792138063545
ts_brfss_diabetes,tableshift,xgb,3,gbdt,cpu,82.1,20,id,0.1257,0.43966806689138704,2.5643841834428076,0.18834363717639407,0.727600657263906,0.7550495505273342,0.7481571403587906
ts_brfss_diabetes,tableshift,xgb,3,gbdt,cpu,82.1,20,ood,0.1715,0.43807733683856986,2.421888466561333,0.1841596382923224,0.6884589380272264,0.698192293305695,0.6866063117459822
ts_brfss_diabetes,tableshift,xgb,3,gbdt,cpu,82.1,30,id,0.1257,0.43966806689138704,2.5643841834428076,0.18834363717639407,0.727600657263906,0.7550495505273342,0.7481571403587906
ts_brfss_diabetes,tableshift,xgb,3,gbdt,cpu,82.1,30,ood,0.1715,0.43807733683856986,2.421888466561333,0.1841596382923224,0.6884589380272264,0.698192293305695,0.6866063117459822
ts_brfss_diabetes,tableshift,xgb,4,gbdt,cpu,87.6,0,id,0.1362,0.4290492802140426,3.283043266714047,0.2087299712405692,0.7518352912773264,0.7662636718600988,0.755650046952632
ts_brfss_diabetes,tableshift,xgb,4,gbdt,cpu,87.6,0,ood,0.1708,0.4340057403888911,3.169119889214527,0.21209897350900708,0.7247271304702911,0.7274867708459496,0.7118676513627109
ts_brfss_diabetes,tableshift,xgb,4,gbdt,cpu,87.6,5,id,0.1283,0.43031530258507533,3.1062769781102735,0.19187922530306156,0.7504301706202435,0.7685695746332406,0.7590887509498672
ts_brfss_diabetes,tableshift,xgb,4,gbdt,cpu,87.6,5,ood,0.165,0.43749319767026035,3.025664820839821,0.19871029241607727,0.7235797267177261,0.7296738622888923,0.7163640202657294
ts_brfss_diabetes,tableshift,xgb,4,gbdt,cpu,87.6,10,id,0.1236,0.4425986202602134,2.6197360676745083,0.17759521401170236,0.7313594114063751,0.7561154846668243,0.7504589328138201
ts_brfss_diabetes,tableshift,xgb,4,gbdt,cpu,87.6,10,ood,0.1625,0.43901246709792613,2.4831364321067833,0.18500379234300082,0.6973944959718054,0.7121891342490911,0.6996323322218582
ts_brfss_diabetes,tableshift,xgb,4,gbdt,cpu,87.6,20,id,0.1236,0.4425986202602134,2.6197360676745083,0.17759521401170236,0.7313594114063751,0.7561154846668243,0.7504589328138201
ts_brfss_diabetes,tableshift,xgb,4,gbdt,cpu,87.6,20,ood,0.1625,0.43901246709792613,2.4831364321067833,0.18500379234300082,0.6973944959718054,0.7121891342490911,0.6996323322218582
ts_brfss_diabetes,tableshift,xgb,4,gbdt,cpu,87.6,30,id,0.1236,0.4425986202602134,2.6197360676745083,0.17759521401170236,0.7313594114063751,0.7561154846668243,0.7504589328138201
ts_brfss_diabetes,tableshift,xgb,4,gbdt,cpu,87.6,30,ood,0.1625,0.43901246709792613,2.4831364321067833,0.18500379234300082,0.6973944959718054,0.7121891342490911,0.6996323322218582
ts_college_scorecard,tableshift,catb,0,gbdt,cpu,342.9,0,id,0.9432,0.8258066575523634,0.13824153153210264,0.9699881821172727,0.04158374804696064,0.010421002320831995,0.011890996666346245
ts_college_scorecard,tableshift,catb,0,gbdt,cpu,342.9,0,ood,0.8454142011834319,0.7832362558757409,0.3887904526756718,0.8874182505620274,0.1165653428810282,0.057848908094511646,0.050142541251566725
ts_college_scorecard,tableshift,catb,0,gbdt,cpu,342.9,5,id,0.9437,0.8230419875807038,0.13472414568234406,0.9719227346972386,0.04093546204454862,0.012054414717494976,0.012716679221528623
ts_college_scorecard,tableshift,catb,0,gbdt,cpu,342.9,5,ood,0.8468934911242604,0.7862712037604742,0.38437397808768775,0.883752299202943,0.11685678988913037,0.04781026688478079,0.039871712912082385
ts_college_scorecard,tableshift,catb,0,gbdt,cpu,342.9,10,id,0.9437,0.8230419875807038,0.13472414568234406,0.9719227346972386,0.04093546204454862,0.012054414717494976,0.012716679221528623
ts_college_scorecard,tableshift,catb,0,gbdt,cpu,342.9,10,ood,0.8468934911242604,0.7862712037604742,0.38437397808768775,0.883752299202943,0.11685678988913037,0.04781026688478079,0.039871712912082385
ts_college_scorecard,tableshift,catb,0,gbdt,cpu,342.9,20,id,0.9437,0.8230419875807038,0.13472414568234406,0.9719227346972386,0.04093546204454862,0.012054414717494976,0.012716679221528623
ts_college_scorecard,tableshift,catb,0,gbdt,cpu,342.9,20,ood,0.8468934911242604,0.7862712037604742,0.38437397808768775,0.883752299202943,0.11685678988913037,0.04781026688478079,0.039871712912082385
ts_college_scorecard,tableshift,catb,0,gbdt,cpu,342.9,30,id,0.9437,0.8230419875807038,0.13472414568234406,0.9719227346972386,0.04093546204454862,0.012054414717494976,0.012716679221528623
ts_college_scorecard,tableshift,catb,0,gbdt,cpu,342.9,30,ood,0.8468934911242604,0.7862712037604742,0.38437397808768775,0.883752299202943,0.11685678988913037,0.04781026688478079,0.039871712912082385
ts_college_scorecard,tableshift,catb,1,gbdt,cpu,333.8,0,id,0.9385,0.8137209008667731,0.14425247819426887,0.9688721126354052,0.044373811957937735,0.014346559599080794,0.016985321050237177
ts_college_scorecard,tableshift,catb,1,gbdt,cpu,333.8,0,ood,0.8394970414201184,0.7652105048027795,0.39340647712297017,0.8931279378704273,0.11963570115262255,0.07250050670195761,0.071313008203765
ts_college_scorecard,tableshift,catb,1,gbdt,cpu,333.8,5,id,0.939,0.8136708426910553,0.1431392661186105,0.9689945071299076,0.0440775773281241,0.0137023942841769,0.015270252603181017
ts_college_scorecard,tableshift,catb,1,gbdt,cpu,333.8,5,ood,0.8409763313609467,0.7656294706723892,0.4031162420178458,0.8864525853259759,0.12118140258091309,0.07722964273323703,0.07580399793500989
ts_college_scorecard,tableshift,catb,1,gbdt,cpu,333.8,10,id,0.939,0.8136708426910553,0.1431392661186105,0.9689945071299076,0.0440775773281241,0.0137023942841769,0.015270252603181017
ts_college_scorecard,tableshift,catb,1,gbdt,cpu,333.8,10,ood,0.8409763313609467,0.7656294706723892,0.4031162420178458,0.8864525853259759,0.12118140258091309,0.07722964273323703,0.07580399793500989
ts_college_scorecard,tableshift,catb,1,gbdt,cpu,333.8,20,id,0.9393,0.8111512478465965,0.1427357977069749,0.9690995842014594,0.04357632073673133,0.013879659840156782,0.013752044624618005
ts_college_scorecard,tableshift,catb,1,gbdt,cpu,333.8,20,ood,0.8350591715976331,0.752835683629675,0.39030791056588193,0.8845135908440629,0.12090680075599362,0.06576830876993617,0.06535222936252
ts_college_scorecard,tableshift,catb,1,gbdt,cpu,333.8,30,id,0.9393,0.8111512478465965,0.1427357977069749,0.9690995842014594,0.04357632073673133,0.013879659840156782,0.013752044624618005
ts_college_scorecard,tableshift,catb,1,gbdt,cpu,333.8,30,ood,0.8350591715976331,0.752835683629675,0.39030791056588193,0.8845135908440629,0.12090680075599362,0.06576830876993617,0.06535222936252
ts_college_scorecard,tableshift,catb,2,gbdt,cpu,316.6,0,id,0.9425,0.8184673528052975,0.13590776800246204,0.9723101818581068,0.04137579765779904,0.011555192821514931,0.013400984771396104
ts_college_scorecard,tableshift,catb,2,gbdt,cpu,316.6,0,ood,0.8328402366863905,0.7538422235847129,0.3875966082175123,0.8897455548743104,0.1196869224650737,0.06123607241515046,0.060775659873973306
ts_college_scorecard,tableshift,catb,2,gbdt,cpu,316.6,5,id,0.9424,0.8157635074631122,0.1369264684536636,0.9722495815010638,0.041847618833903026,0.013232082366644832,0.014032745327923427
ts_college_scorecard,tableshift,catb,2,gbdt,cpu,316.6,5,ood,0.8380177514792899,0.7615215614142653,0.3871103627010933,0.8829450235029634,0.119618558278732,0.0552421950904832,0.05061861310464453
ts_college_scorecard,tableshift,catb,2,gbdt,cpu,316.6,10,id,0.9424,0.8157635074631122,0.1369264684536636,0.9722495815010638,0.041847618833903026,0.013232082366644832,0.014032745327923427
ts_college_scorecard,tableshift,catb,2,gbdt,cpu,316.6,10,ood,0.8380177514792899,0.7615215614142653,0.3871103627010933,0.8829450235029634,0.119618558278732,0.0552421950904832,0.05061861310464453
ts_college_scorecard,tableshift,catb,2,gbdt,cpu,316.6,20,id,0.9424,0.8157635074631122,0.1369264684536636,0.9722495815010638,0.041847618833903026,0.013232082366644832,0.014032745327923427
ts_college_scorecard,tableshift,catb,2,gbdt,cpu,316.6,20,ood,0.8380177514792899,0.7615215614142653,0.3871103627010933,0.8829450235029634,0.119618558278732,0.0552421950904832,0.05061861310464453
ts_college_scorecard,tableshift,catb,2,gbdt,cpu,316.6,30,id,0.9424,0.8157635074631122,0.1369264684536636,0.9722495815010638,0.041847618833903026,0.013232082366644832,0.014032745327923427
ts_college_scorecard,tableshift,catb,2,gbdt,cpu,316.6,30,ood,0.8380177514792899,0.7615215614142653,0.3871103627010933,0.8829450235029634,0.119618558278732,0.0552421950904832,0.05061861310464453
ts_college_scorecard,tableshift,catb,3,gbdt,cpu,310.9,0,id,0.9434,0.8205659075224292,0.13673044734613046,0.9698882169191093,0.04124523629464855,0.009387855367587251,0.010579603320358356
ts_college_scorecard,tableshift,catb,3,gbdt,cpu,310.9,0,ood,0.8498520710059172,0.7851471489883508,0.38805626519234204,0.886314633149397,0.11867908129011831,0.05800164721732824,0.05238243220528301
ts_college_scorecard,tableshift,catb,3,gbdt,cpu,310.9,5,id,0.9405,0.8005675420435145,0.14530483701689276,0.9663389451890597,0.04340794032202248,0.01267548169439947,0.0133195020874641
ts_college_scorecard,tableshift,catb,3,gbdt,cpu,310.9,5,ood,0.8276627218934911,0.7474708767627223,0.41223419879310313,0.8656984467606785,0.12760415884189516,0.054136171743489815,0.05393796807653625
ts_college_scorecard,tableshift,catb,3,gbdt,cpu,310.9,10,id,0.9405,0.8005675420435145,0.14530483701689276,0.9663389451890597,0.04340794032202248,0.01267548169439947,0.0133195020874641
ts_college_scorecard,tableshift,catb,3,gbdt,cpu,310.9,10,ood,0.8276627218934911,0.7474708767627223,0.41223419879310313,0.8656984467606785,0.12760415884189516,0.054136171743489815,0.05393796807653625
ts_college_scorecard,tableshift,catb,3,gbdt,cpu,310.9,20,id,0.9417,0.8094048527114889,0.13998616785771292,0.9690553376194109,0.04214349292826249,0.011606736863078112,0.012055885273797397
ts_college_scorecard,tableshift,catb,3,gbdt,cpu,310.9,20,ood,0.8402366863905325,0.7677089720008174,0.3989444862479078,0.8739270386266094,0.1228373850112006,0.049708922004259595,0.049369598694086365
ts_college_scorecard,tableshift,catb,3,gbdt,cpu,310.9,30,id,0.9417,0.8094048527114889,0.13998616785771292,0.9690553376194109,0.04214349292826249,0.011606736863078112,0.012055885273797397
ts_college_scorecard,tableshift,catb,3,gbdt,cpu,310.9,30,ood,0.8402366863905325,0.7677089720008174,0.3989444862479078,0.8739270386266094,0.1228373850112006,0.049708922004259595,0.049369598694086365
ts_college_scorecard,tableshift,catb,4,gbdt,cpu,342.4,0,id,0.9409,0.8208067868981404,0.13761545525183919,0.9714729142086634,0.04228655428688971,0.01256445498250237,0.014491864265100927
ts_college_scorecard,tableshift,catb,4,gbdt,cpu,342.4,0,ood,0.8261834319526628,0.7640557939914163,0.40139450327264403,0.8788371142448396,0.1227422945130982,0.05472903086052083,0.04915750722454887
ts_college_scorecard,tableshift,catb,4,gbdt,cpu,342.4,5,id,0.9399,0.8212382718130232,0.14360579650735322,0.9703302882184391,0.04382631989057138,0.021380421102827184,0.021631267311013398
ts_college_scorecard,tableshift,catb,4,gbdt,cpu,342.4,5,ood,0.8321005917159763,0.7663856529736358,0.41076413451021404,0.8837855099121193,0.12379551287811359,0.06823103455225202,0.06323981303829783
ts_college_scorecard,tableshift,catb,4,gbdt,cpu,342.4,10,id,0.9414,0.8194190684869936,0.13844117977819512,0.9720973088375751,0.04245993630457181,0.017482370031410534,0.01796244306361348
ts_college_scorecard,tableshift,catb,4,gbdt,cpu,342.4,10,ood,0.8335798816568047,0.7746525648886164,0.40931162032202617,0.8845749029225424,0.12409935090824457,0.0725804137872176,0.062309764308797935
ts_college_scorecard,tableshift,catb,4,gbdt,cpu,342.4,20,id,0.941,0.8168458902185516,0.13930605193276724,0.9721456711051183,0.04276555818196009,0.01918289340062582,0.020103951691233975
ts_college_scorecard,tableshift,catb,4,gbdt,cpu,342.4,20,ood,0.8357988165680473,0.777569997956264,0.4028394696109374,0.880988146331494,0.12186321974402042,0.059206356591483544,0.04766900447000642
ts_college_scorecard,tableshift,catb,4,gbdt,cpu,342.4,30,id,0.9401,0.8129816281813584,0.1402275307231357,0.9701878083038372,0.04291710921788155,0.013899871734463195,0.014282122787603931
ts_college_scorecard,tableshift,catb,4,gbdt,cpu,342.4,30,ood,0.8247041420118343,0.761674841610464,0.4042106529906537,0.8715639689352137,0.1260950537196169,0.04481659823396441,0.03688332037475202
ts_college_scorecard,tableshift,lgbm,0,gbdt,cpu,422.1,0,id,0.9422,0.8272682953193857,0.13957895620744823,0.971227463772821,0.04175290291260211,0.017746990289233065,0.018938975008428005
ts_college_scorecard,tableshift,lgbm,0,gbdt,cpu,422.1,0,ood,0.8372781065088757,0.7845289188636828,0.41399406007104855,0.8783312895973838,0.12168147010006537,0.061338471789702295,0.05077267274031656
ts_college_scorecard,tableshift,lgbm,0,gbdt,cpu,422.1,5,id,0.9448,0.830789901042462,0.1318934926411034,0.9735196723493827,0.03992183525725959,0.011192260234568171,0.012184670753802593
ts_college_scorecard,tableshift,lgbm,0,gbdt,cpu,422.1,5,ood,0.8454142011834319,0.7878142244022073,0.3863765510863006,0.8834534028203557,0.1174729406750605,0.037474412126593325,0.03788058160017003
ts_college_scorecard,tableshift,lgbm,0,gbdt,cpu,422.1,10,id,0.9448,0.830789901042462,0.1318934926411034,0.9735196723493827,0.03992183525725959,0.011192260234568171,0.012184670753802593
ts_college_scorecard,tableshift,lgbm,0,gbdt,cpu,422.1,10,ood,0.8454142011834319,0.7878142244022073,0.3863765510863006,0.8834534028203557,0.1174729406750605,0.037474412126593325,0.03788058160017003
ts_college_scorecard,tableshift,lgbm,0,gbdt,cpu,422.1,20,id,0.9448,0.830789901042462,0.1318934926411034,0.9735196723493827,0.03992183525725959,0.011192260234568171,0.012184670753802593
ts_college_scorecard,tableshift,lgbm,0,gbdt,cpu,422.1,20,ood,0.8454142011834319,0.7878142244022073,0.3863765510863006,0.8834534028203557,0.1174729406750605,0.037474412126593325,0.03788058160017003
ts_college_scorecard,tableshift,lgbm,0,gbdt,cpu,422.1,30,id,0.9448,0.830789901042462,0.1318934926411034,0.9735196723493827,0.03992183525725959,0.011192260234568171,0.012184670753802593
ts_college_scorecard,tableshift,lgbm,0,gbdt,cpu,422.1,30,ood,0.8454142011834319,0.7878142244022073,0.3863765510863006,0.8834534028203557,0.1174729406750605,0.037474412126593325,0.03788058160017003
ts_college_scorecard,tableshift,lgbm,1,gbdt,cpu,333.6,0,id,0.941,0.8289462528524141,0.1460036591554115,0.9692549900334623,0.04398577104242622,0.02022833065165427,0.02073228003972374
ts_college_scorecard,tableshift,lgbm,1,gbdt,cpu,333.6,0,ood,0.8298816568047337,0.75758226037196,0.42928325399751427,0.8780349478847332,0.12876001001296153,0.07606945647525538,0.07259305751053231
ts_college_scorecard,tableshift,lgbm,1,gbdt,cpu,333.6,5,id,0.9416,0.8239070631634963,0.1447993901677587,0.9714103778264831,0.04364973396300253,0.021818879333324683,0.023475863799730153
ts_college_scorecard,tableshift,lgbm,1,gbdt,cpu,333.6,5,ood,0.8357988165680473,0.7605661148579603,0.41037512068048454,0.8923436541998775,0.12199198660963045,0.07911366423687607,0.07731732161702794
ts_college_scorecard,tableshift,lgbm,1,gbdt,cpu,333.6,10,id,0.9407,0.8220458911708202,0.1398307398475039,0.9701719115007531,0.043078942831888636,0.011980263990552076,0.014279695499646907
ts_college_scorecard,tableshift,lgbm,1,gbdt,cpu,333.6,10,ood,0.8291420118343196,0.7518138156550174,0.3941124250099996,0.8895386266094422,0.1218118218257601,0.07501915975192021,0.06851784050881268
ts_college_scorecard,tableshift,lgbm,1,gbdt,cpu,333.6,20,id,0.9407,0.8220458911708202,0.1398307398475039,0.9701719115007531,0.043078942831888636,0.011980263990552076,0.014279695499646907
ts_college_scorecard,tableshift,lgbm,1,gbdt,cpu,333.6,20,ood,0.8291420118343196,0.7518138156550174,0.3941124250099996,0.8895386266094422,0.1218118218257601,0.07501915975192021,0.06851784050881268
ts_college_scorecard,tableshift,lgbm,1,gbdt,cpu,333.6,30,id,0.941,0.8171713071948481,0.14127584235256224,0.9702814081229537,0.04290407935103576,0.01185087818025871,0.014265154305651569
ts_college_scorecard,tableshift,lgbm,1,gbdt,cpu,333.6,30,ood,0.8217455621301775,0.7366390762313508,0.40343307103715254,0.8781192519926426,0.1261268082059612,0.06481621642870518,0.06314284634951439
ts_college_scorecard,tableshift,lgbm,2,gbdt,cpu,348.4,0,id,0.9414,0.8257753993920002,0.13572797128794256,0.9732381693844143,0.04172549563602321,0.015568549721519533,0.01733493045363493
ts_college_scorecard,tableshift,lgbm,2,gbdt,cpu,348.4,0,ood,0.8321005917159763,0.7735796035152258,0.3946337754129338,0.8810188023707338,0.12194797198095675,0.045627055312390585,0.03961124485648055
ts_college_scorecard,tableshift,lgbm,2,gbdt,cpu,348.4,5,id,0.941,0.8185988912273497,0.1350247649545237,0.9733118701127594,0.041095148106500716,0.013597908881451265,0.014362917340075401
ts_college_scorecard,tableshift,lgbm,2,gbdt,cpu,348.4,5,ood,0.8357988165680473,0.7729920294297976,0.37043425579769446,0.893350194154915,0.11546850270005315,0.04788138122532637,0.040462594853648635
ts_college_scorecard,tableshift,lgbm,2,gbdt,cpu,348.4,10,id,0.9419,0.8194462268078868,0.13479607363479928,0.9734764713766689,0.041245693337078976,0.013322576366125414,0.01374702239056976
ts_college_scorecard,tableshift,lgbm,2,gbdt,cpu,348.4,10,ood,0.841715976331361,0.7746678929082362,0.37123321428205275,0.8924228489679135,0.11571319785813708,0.036769470552151816,0.036504045975222076
ts_college_scorecard,tableshift,lgbm,2,gbdt,cpu,348.4,20,id,0.9419,0.8194462268078868,0.13479607363479928,0.9734764713766689,0.041245693337078976,0.013322576366125414,0.01374702239056976
ts_college_scorecard,tableshift,lgbm,2,gbdt,cpu,348.4,20,ood,0.841715976331361,0.7746678929082362,0.37123321428205275,0.8924228489679135,0.11571319785813708,0.036769470552151816,0.036504045975222076
ts_college_scorecard,tableshift,lgbm,2,gbdt,cpu,348.4,30,id,0.9419,0.8194462268078868,0.13479607363479928,0.9734764713766689,0.041245693337078976,0.013322576366125414,0.01374702239056976
ts_college_scorecard,tableshift,lgbm,2,gbdt,cpu,348.4,30,ood,0.841715976331361,0.7746678929082362,0.37123321428205275,0.8924228489679135,0.11571319785813708,0.036769470552151816,0.036504045975222076
ts_college_scorecard,tableshift,lgbm,3,gbdt,cpu,399.5,0,id,0.942,0.8214630779848171,0.13675237937054024,0.9716554066325234,0.041311221451963025,0.014564772824796618,0.01569474459954096
ts_college_scorecard,tableshift,lgbm,3,gbdt,cpu,399.5,0,ood,0.8328402366863905,0.7832720212548538,0.3902700537419913,0.8856529736358062,0.12024867103828676,0.0559765247594718,0.052969847388194956
ts_college_scorecard,tableshift,lgbm,3,gbdt,cpu,399.5,5,id,0.9415,0.8079319676001598,0.142134846163079,0.9698896698267409,0.042055911213648024,0.01704576868712184,0.016736033356392198
ts_college_scorecard,tableshift,lgbm,3,gbdt,cpu,399.5,5,ood,0.8291420118343196,0.7622777437155119,0.3977657186306218,0.8691140404659718,0.12381990441421847,0.03357180098505114,0.02641678382503792
ts_college_scorecard,tableshift,lgbm,3,gbdt,cpu,399.5,10,id,0.9421,0.8130298572518252,0.13385846774459897,0.9728027496276925,0.04060735953521506,0.012223688231252887,0.0135821821246799
ts_college_scorecard,tableshift,lgbm,3,gbdt,cpu,399.5,10,ood,0.8424556213017751,0.7797823421213979,0.38337820270792733,0.8820917637441242,0.11835540396446742,0.04376283686964088,0.033740680281297904
ts_college_scorecard,tableshift,lgbm,3,gbdt,cpu,399.5,20,id,0.9421,0.8130298572518252,0.13385846774459897,0.9728027496276925,0.04060735953521506,0.012223688231252887,0.0135821821246799
ts_college_scorecard,tableshift,lgbm,3,gbdt,cpu,399.5,20,ood,0.8424556213017751,0.7797823421213979,0.38337820270792733,0.8820917637441242,0.11835540396446742,0.04376283686964088,0.033740680281297904
ts_college_scorecard,tableshift,lgbm,3,gbdt,cpu,399.5,30,id,0.9421,0.8130298572518252,0.13385846774459897,0.9728027496276925,0.04060735953521506,0.012223688231252887,0.0135821821246799
ts_college_scorecard,tableshift,lgbm,3,gbdt,cpu,399.5,30,ood,0.8424556213017751,0.7797823421213979,0.38337820270792733,0.8820917637441242,0.11835540396446742,0.04376283686964088,0.033740680281297904
ts_college_scorecard,tableshift,lgbm,4,gbdt,cpu,412.2,0,id,0.9394,0.8216214394067083,0.14286911189788443,0.9697153323220404,0.043236829685933335,0.020704753037832813,0.02172350845435247
ts_college_scorecard,tableshift,lgbm,4,gbdt,cpu,412.2,0,ood,0.8387573964497042,0.7770999386879216,0.40874606410122705,0.8837293071735132,0.12282317780929769,0.06624244451157435,0.05873514891259629
ts_college_scorecard,tableshift,lgbm,4,gbdt,cpu,412.2,5,id,0.9266,0.7282296758244845,0.20086620933681895,0.9602473397381875,0.05625141599654743,0.06495452082633493,0.05854339348633349
ts_college_scorecard,tableshift,lgbm,4,gbdt,cpu,412.2,5,ood,0.8010355029585798,0.6993817698753322,0.45671511977431845,0.8489014919272431,0.14711131250353615,0.07361537321355364,0.06735735883307571
ts_college_scorecard,tableshift,lgbm,4,gbdt,cpu,412.2,10,id,0.9406,0.8156121130400584,0.13672372202078012,0.9723504466543064,0.042135458634620156,0.01631032976758843,0.01654466954504005
ts_college_scorecard,tableshift,lgbm,4,gbdt,cpu,412.2,10,ood,0.834319526627219,0.7686490905375025,0.38600943703610263,0.8861000408747189,0.11935954689677426,0.04427887894576238,0.04293407250451556
ts_college_scorecard,tableshift,lgbm,4,gbdt,cpu,412.2,20,id,0.9406,0.8156121130400584,0.13672372202078012,0.9723504466543064,0.042135458634620156,0.01631032976758843,0.01654466954504005
ts_college_scorecard,tableshift,lgbm,4,gbdt,cpu,412.2,20,ood,0.834319526627219,0.7686490905375025,0.38600943703610263,0.8861000408747189,0.11935954689677426,0.04427887894576238,0.04293407250451556
ts_college_scorecard,tableshift,lgbm,4,gbdt,cpu,412.2,30,id,0.9407,0.8153345693578291,0.1359963403837634,0.9727935277262767,0.04199029526970992,0.015896820491918776,0.016530862068535865
ts_college_scorecard,tableshift,lgbm,4,gbdt,cpu,412.2,30,ood,0.8372781065088757,0.7727569997956264,0.38062681916251395,0.8872496423462087,0.11791198554998722,0.03815464619828447,0.03473662682829555
ts_college_scorecard,tableshift,xgb,0,gbdt,cpu,143.9,0,id,0.9416,0.8309926695030069,0.15356488190131473,0.9708572027601177,0.04369261038201978,0.027620418948493892,0.03412128158578352
ts_college_scorecard,tableshift,xgb,0,gbdt,cpu,143.9,0,ood,0.8372781065088757,0.7799509503372164,0.48604016737953837,0.8762671162885755,0.12841850218917106,0.08809638367524955,0.08582074741551815
ts_college_scorecard,tableshift,xgb,0,gbdt,cpu,143.9,5,id,0.9457,0.8323218185755497,0.13247121817086077,0.9740760160459134,0.040040191829567286,0.013874933369923388,0.014098490192787768
ts_college_scorecard,tableshift,xgb,0,gbdt,cpu,143.9,5,ood,0.8483727810650887,0.7886521561414266,0.3883550463774247,0.8858828939301042,0.11800877629835836,0.05180171183889082,0.04534527178764798
ts_college_scorecard,tableshift,xgb,0,gbdt,cpu,143.9,10,id,0.9457,0.8323218185755497,0.13247121817086077,0.9740760160459134,0.040040191829567286,0.013874933369923388,0.014098490192787768
ts_college_scorecard,tableshift,xgb,0,gbdt,cpu,143.9,10,ood,0.8483727810650887,0.7886521561414266,0.3883550463774247,0.8858828939301042,0.11800877629835836,0.05180171183889082,0.04534527178764798
ts_college_scorecard,tableshift,xgb,0,gbdt,cpu,143.9,20,id,0.9457,0.8323218185755497,0.13247121817086077,0.9740760160459134,0.040040191829567286,0.013874933369923388,0.014098490192787768
ts_college_scorecard,tableshift,xgb,0,gbdt,cpu,143.9,20,ood,0.8483727810650887,0.7886521561414266,0.3883550463774247,0.8858828939301042,0.11800877629835836,0.05180171183889082,0.04534527178764798
ts_college_scorecard,tableshift,xgb,0,gbdt,cpu,143.9,30,id,0.9457,0.8323218185755497,0.13247121817086077,0.9740760160459134,0.040040191829567286,0.013874933369923388,0.014098490192787768
ts_college_scorecard,tableshift,xgb,0,gbdt,cpu,143.9,30,ood,0.8483727810650887,0.7886521561414266,0.3883550463774247,0.8858828939301042,0.11800877629835836,0.05180171183889082,0.04534527178764798
ts_college_scorecard,tableshift,xgb,1,gbdt,cpu,141.7,0,id,0.9396,0.828480847110606,0.16621392386645653,0.9671502015856265,0.04653135819978284,0.030086225375114007,0.03721420979685287
ts_college_scorecard,tableshift,xgb,1,gbdt,cpu,141.7,0,ood,0.8365384615384616,0.7735285101164929,0.46005590829477633,0.8837676272225627,0.12561517328473484,0.0904904316639605,0.09016737747815624
ts_college_scorecard,tableshift,xgb,1,gbdt,cpu,141.7,5,id,0.9409,0.8194690225577472,0.1390526584651241,0.9709874538878517,0.042811283999444776,0.012606931368261572,0.014660092762812505
ts_college_scorecard,tableshift,xgb,1,gbdt,cpu,141.7,5,ood,0.8335798816568047,0.7583026772940936,0.38670749877763294,0.8910152258328224,0.11927944037268767,0.06466976195000686,0.061921963109787634
ts_college_scorecard,tableshift,xgb,1,gbdt,cpu,141.7,10,id,0.9409,0.8194690225577472,0.1390526584651241,0.9709874538878517,0.042811283999444776,0.012606931368261572,0.014660092762812505
ts_college_scorecard,tableshift,xgb,1,gbdt,cpu,141.7,10,ood,0.8335798816568047,0.7583026772940936,0.38670749877763294,0.8910152258328224,0.11927944037268767,0.06466976195000686,0.061921963109787634
ts_college_scorecard,tableshift,xgb,1,gbdt,cpu,141.7,20,id,0.9409,0.8194690225577472,0.1390526584651241,0.9709874538878517,0.042811283999444776,0.012606931368261572,0.014660092762812505
ts_college_scorecard,tableshift,xgb,1,gbdt,cpu,141.7,20,ood,0.8335798816568047,0.7583026772940936,0.38670749877763294,0.8910152258328224,0.11927944037268767,0.06466976195000686,0.061921963109787634
ts_college_scorecard,tableshift,xgb,1,gbdt,cpu,141.7,30,id,0.9409,0.8194690225577472,0.1390526584651241,0.9709874538878517,0.042811283999444776,0.012606931368261572,0.014660092762812505
ts_college_scorecard,tableshift,xgb,1,gbdt,cpu,141.7,30,ood,0.8335798816568047,0.7583026772940936,0.38670749877763294,0.8910152258328224,0.11927944037268767,0.06466976195000686,0.061921963109787634
ts_college_scorecard,tableshift,xgb,2,gbdt,cpu,115.8,0,id,0.9415,0.8304640846636895,0.1509727681772367,0.9709125415647154,0.04350299133786736,0.025571018937975167,0.03162799756982913
ts_college_scorecard,tableshift,xgb,2,gbdt,cpu,115.8,0,ood,0.8328402366863905,0.7728080931943593,0.44439563297999685,0.8840128755364806,0.12561437848114462,0.07849026320105387,0.0756053204193903
ts_college_scorecard,tableshift,xgb,2,gbdt,cpu,115.8,5,id,0.9411,0.8077396637179246,0.1447883226680536,0.9693929876118611,0.04306382663819101,0.016081451908964664,0.01673910888006785
ts_college_scorecard,tableshift,xgb,2,gbdt,cpu,115.8,5,ood,0.8365384615384616,0.7669885550786839,0.3885785006885622,0.8771638054363377,0.12166804954773085,0.030803147306632715,0.029138650269438213
ts_college_scorecard,tableshift,xgb,2,gbdt,cpu,115.8,10,id,0.9434,0.829900501343189,0.13403073731028517,0.9729802613942932,0.04087537100992303,0.01035643772706389,0.012030229507757345
ts_college_scorecard,tableshift,xgb,2,gbdt,cpu,115.8,10,ood,0.8402366863905325,0.7729409360310648,0.37592029277157224,0.8911199673002247,0.11537068117241196,0.04297633026864314,0.04248031502953766
ts_college_scorecard,tableshift,xgb,2,gbdt,cpu,115.8,20,id,0.9434,0.829900501343189,0.13403073731028517,0.9729802613942932,0.04087537100992303,0.01035643772706389,0.012030229507757345
ts_college_scorecard,tableshift,xgb,2,gbdt,cpu,115.8,20,ood,0.8402366863905325,0.7729409360310648,0.37592029277157224,0.8911199673002247,0.11537068117241196,0.04297633026864314,0.04248031502953766
ts_college_scorecard,tableshift,xgb,2,gbdt,cpu,115.8,30,id,0.942,0.8171879723263122,0.13372585027102474,0.9734785210946278,0.041003757345287876,0.011574650283902884,0.013505232901486294
ts_college_scorecard,tableshift,xgb,2,gbdt,cpu,115.8,30,ood,0.8468934911242604,0.7830012262415695,0.3735919660761553,0.8919502350296341,0.11552913529771001,0.045327342969514205,0.036265496953919535
ts_college_scorecard,tableshift,xgb,3,gbdt,cpu,118.3,0,id,0.9414,0.827912171733682,0.1536821351896,0.9692498456285642,0.04358846200387953,0.02576082727839239,0.0326735227635891
ts_college_scorecard,tableshift,xgb,3,gbdt,cpu,118.3,0,ood,0.841715976331361,0.7851318209687308,0.46567961942524533,0.8747164316370325,0.12495451434077032,0.07962133102229185,0.0739072590854031
ts_college_scorecard,tableshift,xgb,3,gbdt,cpu,118.3,5,id,0.9413,0.8020440594239222,0.14381988636747992,0.9703163706367367,0.041843188487864606,0.02191449061166495,0.021029247832295237
ts_college_scorecard,tableshift,xgb,3,gbdt,cpu,118.3,5,ood,0.834319526627219,0.7640711220110362,0.38936659836525966,0.874777743715512,0.12140944315639131,0.039048698686680504,0.031836056618575255
ts_college_scorecard,tableshift,xgb,3,gbdt,cpu,118.3,10,id,0.9427,0.8147315753150994,0.13980848362258044,0.9692568377465403,0.04200468124049198,0.012069198772776872,0.013534868165565128
ts_college_scorecard,tableshift,xgb,3,gbdt,cpu,118.3,10,ood,0.8394970414201184,0.7710964643368077,0.390402334694585,0.874123748211731,0.12027679435495216,0.039577641050447025,0.03529282946329201
ts_college_scorecard,tableshift,xgb,3,gbdt,cpu,118.3,20,id,0.9405,0.8107560568086883,0.13931933246605965,0.9695310740619665,0.04230614721529109,0.010962701156735422,0.010785502439459723
ts_college_scorecard,tableshift,xgb,3,gbdt,cpu,118.3,20,ood,0.8350591715976331,0.7659155937052933,0.3942181636532855,0.873600040874719,0.12157169095346022,0.04328164603346242,0.03907630513411862
ts_college_scorecard,tableshift,xgb,3,gbdt,cpu,118.3,30,id,0.9405,0.8107560568086883,0.13931933246605965,0.9695310740619665,0.04230614721529109,0.010962701156735422,0.010785502439459723
ts_college_scorecard,tableshift,xgb,3,gbdt,cpu,118.3,30,ood,0.8350591715976331,0.7659155937052933,0.3942181636532855,0.873600040874719,0.12157169095346022,0.04328164603346242,0.03907630513411862
ts_college_scorecard,tableshift,xgb,4,gbdt,cpu,121.0,0,id,0.943,0.8347345356480702,0.15663606049908543,0.9686847126243049,0.044061012908320936,0.02618737655044533,0.032399210054190344
ts_college_scorecard,tableshift,xgb,4,gbdt,cpu,121.0,0,ood,0.8424556213017751,0.7830523196403025,0.46286697985897823,0.8817187819333743,0.12643137271352947,0.08664825260322323,0.08287381317115303
ts_college_scorecard,tableshift,xgb,4,gbdt,cpu,121.0,5,id,0.9407,0.8206921737176246,0.1408425940453425,0.9720582954098543,0.04271695553725843,0.02111699955575168,0.024642357790899832
ts_college_scorecard,tableshift,xgb,4,gbdt,cpu,121.0,5,ood,0.8372781065088757,0.7740649908031882,0.415380128022335,0.88751532801962,0.12279291702304683,0.07644067635792777,0.07012827528590872
ts_college_scorecard,tableshift,xgb,4,gbdt,cpu,121.0,10,id,0.939,0.8090027529636497,0.14433204602409413,0.9684677116691949,0.04388971410065109,0.014649691282771528,0.015472360797485379
ts_college_scorecard,tableshift,xgb,4,gbdt,cpu,121.0,10,ood,0.8284023668639053,0.759125281013693,0.3952150917182123,0.8744098712446351,0.12356671631060095,0.04538697036556326,0.03706829526854003
ts_college_scorecard,tableshift,xgb,4,gbdt,cpu,121.0,20,id,0.9403,0.8214674981740547,0.13492771818506968,0.9722332265857632,0.0417135213576815,0.014663657671120016,0.015557956387278303
ts_college_scorecard,tableshift,xgb,4,gbdt,cpu,121.0,20,ood,0.8372781065088757,0.7747189863069692,0.3795015706934986,0.8890634580012262,0.11729354764486191,0.04207303204446943,0.03641218937277229
ts_college_scorecard,tableshift,xgb,4,gbdt,cpu,121.0,30,id,0.9403,0.8214674981740547,0.13492771818506968,0.9722332265857632,0.0417135213576815,0.014663657671120016,0.015557956387278303
ts_college_scorecard,tableshift,xgb,4,gbdt,cpu,121.0,30,ood,0.8372781065088757,0.7747189863069692,0.3795015706934986,0.8890634580012262,0.11729354764486191,0.04207303204446943,0.03641218937277229
ts_diabetes_readmission,tableshift,catb,0,gbdt,cpu,235.4,0,id,0.6573361324935852,0.6278145597480334,0.6202080956438096,0.6933630316266222,0.21583305581816772,0.0215350753060806,0.02025389878478043
ts_diabetes_readmission,tableshift,catb,0,gbdt,cpu,235.4,0,ood,0.6128,0.613109207448564,0.6486780650156954,0.672625015505075,0.22945141122313775,0.05576144594834509,0.0542291133889487
ts_diabetes_readmission,tableshift,catb,0,gbdt,cpu,235.4,5,id,0.6585024492652204,0.6291353962688719,0.618822864602117,0.6935215857562853,0.21529437288428432,0.015073592305028005,0.018336790512498053
ts_diabetes_readmission,tableshift,catb,0,gbdt,cpu,235.4,5,ood,0.6109,0.6112239383238615,0.6486034949512343,0.672007972518587,0.22944472859677809,0.055384572193301417,0.053036037410153114
ts_diabetes_readmission,tableshift,catb,0,gbdt,cpu,235.4,10,id,0.6585024492652204,0.6291353962688719,0.618822864602117,0.6935215857562853,0.21529437288428432,0.015073592305028005,0.018336790512498053
ts_diabetes_readmission,tableshift,catb,0,gbdt,cpu,235.4,10,ood,0.6109,0.6112239383238615,0.6486034949512343,0.672007972518587,0.22944472859677809,0.055384572193301417,0.053036037410153114
ts_diabetes_readmission,tableshift,catb,0,gbdt,cpu,235.4,20,id,0.6585024492652204,0.6291353962688719,0.618822864602117,0.6935215857562853,0.21529437288428432,0.015073592305028005,0.018336790512498053
ts_diabetes_readmission,tableshift,catb,0,gbdt,cpu,235.4,20,ood,0.6109,0.6112239383238615,0.6486034949512343,0.672007972518587,0.22944472859677809,0.055384572193301417,0.053036037410153114
ts_diabetes_readmission,tableshift,catb,0,gbdt,cpu,235.4,30,id,0.655936552367623,0.6198532612882478,0.6201989342991399,0.6954497652144781,0.2155272146099251,0.025394671570916558,0.023951948934861023
ts_diabetes_readmission,tableshift,catb,0,gbdt,cpu,235.4,30,ood,0.6079,0.6083202842701758,0.6487799752469394,0.6736154602988279,0.2293229664176639,0.06049344679108147,0.05875531764683617
ts_diabetes_readmission,tableshift,catb,1,gbdt,cpu,266.6,0,id,0.6629344529974341,0.6348630522297011,0.6191995790802901,0.6953639937008325,0.2151943339227908,0.021758905469421323,0.01924845219668468
ts_diabetes_readmission,tableshift,catb,1,gbdt,cpu,266.6,0,ood,0.6093,0.6084466947320606,0.6542673810262335,0.6714700083053757,0.23181985655313464,0.0714785717700652,0.06911817744446236
ts_diabetes_readmission,tableshift,catb,1,gbdt,cpu,266.6,5,id,0.6580359225565664,0.6266426476568925,0.618922114397723,0.6970086568763225,0.21496767396588287,0.02248346252768161,0.02188410432859003
ts_diabetes_readmission,tableshift,catb,1,gbdt,cpu,266.6,5,ood,0.6135,0.6126274631971212,0.6503360255243968,0.6745887542980409,0.23001381436646828,0.06564657451372725,0.06395341491579555
ts_diabetes_readmission,tableshift,catb,1,gbdt,cpu,266.6,10,id,0.6580359225565664,0.6266426476568925,0.618922114397723,0.6970086568763225,0.21496767396588287,0.02248346252768161,0.02188410432859003
ts_diabetes_readmission,tableshift,catb,1,gbdt,cpu,266.6,10,ood,0.6135,0.6126274631971212,0.6503360255243968,0.6745887542980409,0.23001381436646828,0.06564657451372725,0.06395341491579555
ts_diabetes_readmission,tableshift,catb,1,gbdt,cpu,266.6,20,id,0.6578026592022393,0.6248327119564147,0.6181741533853559,0.6976863190180752,0.2146604930137371,0.020770365308503447,0.023207516661410327
ts_diabetes_readmission,tableshift,catb,1,gbdt,cpu,266.6,20,ood,0.6134,0.612483760156365,0.6495100861551749,0.6759692635096158,0.22969310242383537,0.06804732766608923,0.06626573551229784
ts_diabetes_readmission,tableshift,catb,1,gbdt,cpu,266.6,30,id,0.6578026592022393,0.6248327119564147,0.6181741533853559,0.6976863190180752,0.2146604930137371,0.020770365308503447,0.023207516661410327
ts_diabetes_readmission,tableshift,catb,1,gbdt,cpu,266.6,30,ood,0.6134,0.612483760156365,0.6495100861551749,0.6759692635096158,0.22969310242383537,0.06804732766608923,0.06626573551229784
ts_diabetes_readmission,tableshift,catb,2,gbdt,cpu,213.7,0,id,0.6522043386983905,0.6200384650526991,0.6202590996676199,0.6925373408412149,0.21563787127497538,0.02223754334557363,0.01891969063447351
ts_diabetes_readmission,tableshift,catb,2,gbdt,cpu,213.7,0,ood,0.6135,0.6132022528090113,0.6502914168749918,0.669189756759027,0.2300136557440065,0.052785309087642736,0.05104742005350808
ts_diabetes_readmission,tableshift,catb,2,gbdt,cpu,213.7,5,id,0.6505714952181012,0.6126019852410292,0.6208691791896114,0.6938091330761831,0.21572381061045515,0.02142083304580185,0.023795118308323218
ts_diabetes_readmission,tableshift,catb,2,gbdt,cpu,213.7,5,ood,0.6125,0.6121350485401942,0.649145443751697,0.6715223660894644,0.22935260419949,0.051283587995074736,0.04819858021318689
ts_diabetes_readmission,tableshift,catb,2,gbdt,cpu,213.7,10,id,0.6505714952181012,0.6126019852410292,0.6208691791896114,0.6938091330761831,0.21572381061045515,0.02142083304580185,0.023795118308323218
ts_diabetes_readmission,tableshift,catb,2,gbdt,cpu,213.7,10,ood,0.6125,0.6121350485401942,0.649145443751697,0.6715223660894644,0.22935260419949,0.051283587995074736,0.04819858021318689
ts_diabetes_readmission,tableshift,catb,2,gbdt,cpu,213.7,20,id,0.6505714952181012,0.6126019852410292,0.6208691791896114,0.6938091330761831,0.21572381061045515,0.02142083304580185,0.023795118308323218
ts_diabetes_readmission,tableshift,catb,2,gbdt,cpu,213.7,20,ood,0.6125,0.6121350485401942,0.649145443751697,0.6715223660894644,0.22935260419949,0.051283587995074736,0.04819858021318689
ts_diabetes_readmission,tableshift,catb,2,gbdt,cpu,213.7,30,id,0.6505714952181012,0.6126019852410292,0.6208691791896114,0.6938091330761831,0.21572381061045515,0.02142083304580185,0.023795118308323218
ts_diabetes_readmission,tableshift,catb,2,gbdt,cpu,213.7,30,ood,0.6125,0.6121350485401942,0.649145443751697,0.6715223660894644,0.22935260419949,0.051283587995074736,0.04819858021318689
ts_diabetes_readmission,tableshift,catb,3,gbdt,cpu,250.3,0,id,0.655936552367623,0.6256498927744106,0.6158603266044421,0.702256619410967,0.2135965574192683,0.018410988087810935,0.017868940884223215
ts_diabetes_readmission,tableshift,catb,3,gbdt,cpu,250.3,0,ood,0.6253,0.6212182702677996,0.6457989362605862,0.6797464467090506,0.2276799014118219,0.054158794022212714,0.0534369511614599
ts_diabetes_readmission,tableshift,catb,3,gbdt,cpu,250.3,5,id,0.655003498950315,0.617122009642241,0.6198382242894624,0.6964286354132889,0.21545338548445803,0.021862953001060257,0.02458859810348371
ts_diabetes_readmission,tableshift,catb,3,gbdt,cpu,250.3,5,ood,0.6209,0.6158907102355423,0.6440384742853654,0.6827101423677764,0.22692495069352508,0.05498306634729659,0.053467684928392885
ts_diabetes_readmission,tableshift,catb,3,gbdt,cpu,250.3,10,id,0.655003498950315,0.617122009642241,0.6198382242894624,0.6964286354132889,0.21545338548445803,0.021862953001060257,0.02458859810348371
ts_diabetes_readmission,tableshift,catb,3,gbdt,cpu,250.3,10,ood,0.6209,0.6158907102355423,0.6440384742853654,0.6827101423677764,0.22692495069352508,0.05498306634729659,0.053467684928392885
ts_diabetes_readmission,tableshift,catb,3,gbdt,cpu,250.3,20,id,0.655936552367623,0.6192091911231186,0.618943776963134,0.6984654289292311,0.2149491605884603,0.03095229343966734,0.025849213499727373
ts_diabetes_readmission,tableshift,catb,3,gbdt,cpu,250.3,20,ood,0.628,0.6236026466539865,0.6428571428182769,0.6837058855147928,0.22625125204558216,0.05049901635391194,0.04948471732771326
ts_diabetes_readmission,tableshift,catb,3,gbdt,cpu,250.3,30,id,0.655936552367623,0.6192091911231186,0.618943776963134,0.6984654289292311,0.2149491605884603,0.03095229343966734,0.025849213499727373
ts_diabetes_readmission,tableshift,catb,3,gbdt,cpu,250.3,30,ood,0.628,0.6236026466539865,0.6428571428182769,0.6837058855147928,0.22625125204558216,0.05049901635391194,0.04948471732771326
ts_diabetes_readmission,tableshift,catb,4,gbdt,cpu,252.8,0,id,0.6641007697690693,0.6331245554661761,0.6175726182248404,0.6975548624162216,0.21441673589460059,0.021823018596422376,0.018021814278613883
ts_diabetes_readmission,tableshift,catb,4,gbdt,cpu,252.8,0,ood,0.619,0.6159158188761243,0.6458746966444756,0.6735856112545633,0.22810729731295987,0.04765423343414896,0.046331796049852526
ts_diabetes_readmission,tableshift,catb,4,gbdt,cpu,252.8,5,id,0.6473058082575227,0.6017544641497468,0.6323315331233095,0.6790474748687225,0.22074923812773042,0.03454504026698971,0.032063180866445364
ts_diabetes_readmission,tableshift,catb,4,gbdt,cpu,252.8,5,ood,0.6104,0.6056270815429604,0.6542049996350792,0.6682259676517345,0.2312487546846819,0.05430880709676143,0.050993778357019466
ts_diabetes_readmission,tableshift,catb,4,gbdt,cpu,252.8,10,id,0.6592022393282015,0.6288490806547837,0.6198196370498809,0.6953733994542872,0.2151177695398495,0.012005450254606247,0.015516766394608158
ts_diabetes_readmission,tableshift,catb,4,gbdt,cpu,252.8,10,ood,0.6164,0.6133692958594741,0.6507912451956565,0.6687349120962344,0.2300631280104948,0.0519663580772639,0.04953516303763422
ts_diabetes_readmission,tableshift,catb,4,gbdt,cpu,252.8,20,id,0.6587357126195474,0.6228139461345936,0.6171516014191389,0.6984316130060968,0.21430287369781598,0.021315585422971635,0.020191940016820373
ts_diabetes_readmission,tableshift,catb,4,gbdt,cpu,252.8,20,ood,0.6198,0.6159892512598055,0.644532523860642,0.6776505238810315,0.22744306989893417,0.052891037376647576,0.05251396559576571
ts_diabetes_readmission,tableshift,catb,4,gbdt,cpu,252.8,30,id,0.6587357126195474,0.6228139461345936,0.6171516014191389,0.6984316130060968,0.21430287369781598,0.021315585422971635,0.020191940016820373
ts_diabetes_readmission,tableshift,catb,4,gbdt,cpu,252.8,30,ood,0.6198,0.6159892512598055,0.644532523860642,0.6776505238810315,0.22744306989893417,0.052891037376647576,0.05251396559576571
ts_diabetes_readmission,tableshift,lgbm,0,gbdt,cpu,272.6,0,id,0.649171915092139,0.6238822829644785,0.6237242492228998,0.6892793670017504,0.21737159703794182,0.02727401935441463,0.023031134857211026
ts_diabetes_readmission,tableshift,lgbm,0,gbdt,cpu,272.6,0,ood,0.6032,0.6034568007309156,0.6568288139378131,0.6601869953050572,0.2328918533509373,0.05330529945800844,0.0516623087292682
ts_diabetes_readmission,tableshift,lgbm,0,gbdt,cpu,272.6,5,id,0.6498717051551202,0.6185239147999979,0.6270704759492438,0.683553502613008,0.21859391585328802,0.022604264524198045,0.018867842370466098
ts_diabetes_readmission,tableshift,lgbm,0,gbdt,cpu,272.6,5,ood,0.6062,0.6065527357152408,0.6546819258518223,0.6613582409738863,0.23172026148696404,0.05197493674340172,0.05049936215695426
ts_diabetes_readmission,tableshift,lgbm,0,gbdt,cpu,272.6,10,id,0.6498717051551202,0.6185239147999979,0.6270704759492438,0.683553502613008,0.21859391585328802,0.022604264524198045,0.018867842370466098
ts_diabetes_readmission,tableshift,lgbm,0,gbdt,cpu,272.6,10,ood,0.6062,0.6065527357152408,0.6546819258518223,0.6613582409738863,0.23172026148696404,0.05197493674340172,0.05049936215695426
ts_diabetes_readmission,tableshift,lgbm,0,gbdt,cpu,272.6,20,id,0.6498717051551202,0.6185239147999979,0.6270704759492438,0.683553502613008,0.21859391585328802,0.022604264524198045,0.018867842370466098
ts_diabetes_readmission,tableshift,lgbm,0,gbdt,cpu,272.6,20,ood,0.6062,0.6065527357152408,0.6546819258518223,0.6613582409738863,0.23172026148696404,0.05197493674340172,0.05049936215695426
ts_diabetes_readmission,tableshift,lgbm,0,gbdt,cpu,272.6,30,id,0.6498717051551202,0.6185239147999979,0.6270704759492438,0.683553502613008,0.21859391585328802,0.022604264524198045,0.018867842370466098
ts_diabetes_readmission,tableshift,lgbm,0,gbdt,cpu,272.6,30,ood,0.6062,0.6065527357152408,0.6546819258518223,0.6613582409738863,0.23172026148696404,0.05197493674340172,0.05049936215695426
ts_diabetes_readmission,tableshift,lgbm,1,gbdt,cpu,225.4,0,id,0.6515045486354094,0.626604464776797,0.6249523908074547,0.6873462607203195,0.21780643854646264,0.016726002168765675,0.01731664326736959
ts_diabetes_readmission,tableshift,lgbm,1,gbdt,cpu,225.4,0,ood,0.6084,0.6076179771963974,0.6567964635476995,0.665610084309384,0.2327370771058239,0.06561266117846065,0.06429817656607217
ts_diabetes_readmission,tableshift,lgbm,1,gbdt,cpu,225.4,5,id,0.655003498950315,0.610681307990949,0.6321968685268898,0.6945656243897457,0.22054717790253675,0.06302028189883407,0.05443415307931304
ts_diabetes_readmission,tableshift,lgbm,1,gbdt,cpu,225.4,5,ood,0.5904,0.5891217058152951,0.6653402988105943,0.6623725758037041,0.2364978583144133,0.07243486870922144,0.06656342292157835
ts_diabetes_readmission,tableshift,lgbm,1,gbdt,cpu,225.4,10,id,0.6601352927455096,0.6329489814016902,0.6168286955523864,0.6975356030162908,0.21433803490213274,0.015544148850998113,0.019151183734494658
ts_diabetes_readmission,tableshift,lgbm,1,gbdt,cpu,225.4,10,ood,0.611,0.6101573109286993,0.6528231045720667,0.6706715914108743,0.23126577270900933,0.06701599902638433,0.0663686293537531
ts_diabetes_readmission,tableshift,lgbm,1,gbdt,cpu,225.4,20,id,0.6601352927455096,0.6329489814016902,0.6168286955523864,0.6975356030162908,0.21433803490213274,0.015544148850998113,0.019151183734494658
ts_diabetes_readmission,tableshift,lgbm,1,gbdt,cpu,225.4,20,ood,0.611,0.6101573109286993,0.6528231045720667,0.6706715914108743,0.23126577270900933,0.06701599902638433,0.0663686293537531
ts_diabetes_readmission,tableshift,lgbm,1,gbdt,cpu,225.4,30,id,0.6601352927455096,0.6329489814016902,0.6168286955523864,0.6975356030162908,0.21433803490213274,0.015544148850998113,0.019151183734494658
ts_diabetes_readmission,tableshift,lgbm,1,gbdt,cpu,225.4,30,ood,0.611,0.6101573109286993,0.6528231045720667,0.6706715914108743,0.23126577270900933,0.06701599902638433,0.0663686293537531
ts_diabetes_readmission,tableshift,lgbm,2,gbdt,cpu,225.3,0,id,0.649171915092139,0.619293283037933,0.6255541324284387,0.6851647977583851,0.21774535270874387,0.01581905401204854,0.018757479594000315
ts_diabetes_readmission,tableshift,lgbm,2,gbdt,cpu,225.3,0,ood,0.6084,0.6081352325409302,0.6568231850022672,0.6597670390681563,0.23267080851997843,0.05182319403856334,0.04977596228705129
ts_diabetes_readmission,tableshift,lgbm,2,gbdt,cpu,225.3,5,id,0.648938651737812,0.6182079262732255,0.6216445148843627,0.6910859435045659,0.21618868924371942,0.016709474733922983,0.0193033876993213
ts_diabetes_readmission,tableshift,lgbm,2,gbdt,cpu,225.3,5,ood,0.6156,0.6153400613602454,0.6490122498763894,0.6689979159916641,0.22939801802048843,0.04638915395433029,0.04490008156995163
ts_diabetes_readmission,tableshift,lgbm,2,gbdt,cpu,225.3,10,id,0.662234662934453,0.6310434205410906,0.62021092702228,0.6942261214793369,0.2154271495278956,0.011544487315596288,0.017005017561453145
ts_diabetes_readmission,tableshift,lgbm,2,gbdt,cpu,225.3,10,ood,0.6168,0.6165340661362646,0.6493452217220466,0.6686968747874992,0.22939151825384732,0.04606101425150026,0.04414607602853354
ts_diabetes_readmission,tableshift,lgbm,2,gbdt,cpu,225.3,20,id,0.662234662934453,0.6310434205410906,0.62021092702228,0.6942261214793369,0.2154271495278956,0.011544487315596288,0.017005017561453145
ts_diabetes_readmission,tableshift,lgbm,2,gbdt,cpu,225.3,20,ood,0.6168,0.6165340661362646,0.6493452217220466,0.6686968747874992,0.22939151825384732,0.04606101425150026,0.04414607602853354
ts_diabetes_readmission,tableshift,lgbm,2,gbdt,cpu,225.3,30,id,0.662234662934453,0.6310434205410906,0.62021092702228,0.6942261214793369,0.2154271495278956,0.011544487315596288,0.017005017561453145
ts_diabetes_readmission,tableshift,lgbm,2,gbdt,cpu,225.3,30,ood,0.6168,0.6165340661362646,0.6493452217220466,0.6686968747874992,0.22939151825384732,0.04606101425150026,0.04414607602853354
ts_diabetes_readmission,tableshift,lgbm,3,gbdt,cpu,207.9,0,id,0.6452064380685795,0.6162193932303657,0.624064245938708,0.6882321931171382,0.21733343625032725,0.019716956047560394,0.02033887043888102
ts_diabetes_readmission,tableshift,lgbm,3,gbdt,cpu,207.9,0,ood,0.6141,0.6104136626573987,0.654682123480017,0.6657200723031436,0.23159537284800844,0.05327299776280109,0.05244820605759713
ts_diabetes_readmission,tableshift,lgbm,3,gbdt,cpu,207.9,5,id,0.6515045486354094,0.6189561315658878,0.6230586252125478,0.6893250520899583,0.21690142152187908,0.0196464881696326,0.01954436329238838
ts_diabetes_readmission,tableshift,lgbm,3,gbdt,cpu,207.9,5,ood,0.6261,0.6225175511786722,0.6466638562884754,0.6748029516005754,0.22801905020306093,0.04532269221054801,0.044879706859486126
ts_diabetes_readmission,tableshift,lgbm,3,gbdt,cpu,207.9,10,id,0.6515045486354094,0.6189561315658878,0.6230586252125478,0.6893250520899583,0.21690142152187908,0.0196464881696326,0.01954436329238838
ts_diabetes_readmission,tableshift,lgbm,3,gbdt,cpu,207.9,10,ood,0.6261,0.6225175511786722,0.6466638562884754,0.6748029516005754,0.22801905020306093,0.04532269221054801,0.044879706859486126
ts_diabetes_readmission,tableshift,lgbm,3,gbdt,cpu,207.9,20,id,0.6515045486354094,0.6189561315658878,0.6230586252125478,0.6893250520899583,0.21690142152187908,0.0196464881696326,0.01954436329238838
ts_diabetes_readmission,tableshift,lgbm,3,gbdt,cpu,207.9,20,ood,0.6261,0.6225175511786722,0.6466638562884754,0.6748029516005754,0.22801905020306093,0.04532269221054801,0.044879706859486126
ts_diabetes_readmission,tableshift,lgbm,3,gbdt,cpu,207.9,30,id,0.6515045486354094,0.6189561315658878,0.6230586252125478,0.6893250520899583,0.21690142152187908,0.0196464881696326,0.01954436329238838
ts_diabetes_readmission,tableshift,lgbm,3,gbdt,cpu,207.9,30,ood,0.6261,0.6225175511786722,0.6466638562884754,0.6748029516005754,0.22801905020306093,0.04532269221054801,0.044879706859486126
ts_diabetes_readmission,tableshift,lgbm,4,gbdt,cpu,252.3,0,id,0.6571028691392582,0.6269707292952493,0.6211928358410644,0.6916637255024912,0.21603178344770868,0.015638709246154844,0.01781163076021604
ts_diabetes_readmission,tableshift,lgbm,4,gbdt,cpu,252.3,0,ood,0.6017,0.5985472593413695,0.6559018864428607,0.6583152770371734,0.23261911394419393,0.05145893607536505,0.05044368455421741
ts_diabetes_readmission,tableshift,lgbm,4,gbdt,cpu,252.3,5,id,0.6405411709820388,0.587830029973001,0.6408638298027808,0.6786643023887031,0.22457010241713424,0.05617257794554724,0.05132104454228017
ts_diabetes_readmission,tableshift,lgbm,4,gbdt,cpu,252.3,5,ood,0.5929,0.5867600611869834,0.668408249764092,0.6603668617860476,0.23788794285195003,0.06710111895689647,0.06062546929987141
ts_diabetes_readmission,tableshift,lgbm,4,gbdt,cpu,252.3,10,id,0.6566363424306042,0.628342401674045,0.6215120787347623,0.6925610791713621,0.2160771136356305,0.017847330007677735,0.019302081259452507
ts_diabetes_readmission,tableshift,lgbm,4,gbdt,cpu,252.3,10,ood,0.6101,0.6072997191761567,0.6525927684419099,0.6650991087069398,0.23080879574814148,0.049905123880607874,0.04921337955565772
ts_diabetes_readmission,tableshift,lgbm,4,gbdt,cpu,252.3,20,id,0.6566363424306042,0.628342401674045,0.6215120787347623,0.6925610791713621,0.2160771136356305,0.017847330007677735,0.019302081259452507
ts_diabetes_readmission,tableshift,lgbm,4,gbdt,cpu,252.3,20,ood,0.6101,0.6072997191761567,0.6525927684419099,0.6650991087069398,0.23080879574814148,0.049905123880607874,0.04921337955565772
ts_diabetes_readmission,tableshift,lgbm,4,gbdt,cpu,252.3,30,id,0.6606018194541637,0.6295645897568658,0.6185173728393344,0.6975640442231653,0.21465071001542055,0.02027783101440887,0.02109201856831916
ts_diabetes_readmission,tableshift,lgbm,4,gbdt,cpu,252.3,30,ood,0.6084,0.604840534675792,0.6493468181580433,0.6706265863245691,0.22932441601519846,0.0515243730305232,0.051364221961086115
ts_diabetes_readmission,tableshift,xgb,0,gbdt,cpu,77.2,0,id,0.6314439001632843,0.608861518643995,0.6590117624013501,0.6661054940349608,0.23031328637261814,0.07522090139827278,0.07310030175125493
ts_diabetes_readmission,tableshift,xgb,0,gbdt,cpu,77.2,0,ood,0.5962,0.5964312467272341,0.694633393965162,0.6435155746153811,0.24604780842069632,0.09826992025002838,0.0945474076107056
ts_diabetes_readmission,tableshift,xgb,0,gbdt,cpu,77.2,5,id,0.6561698157219501,0.6285869512638645,0.6206016196009659,0.6934190182543281,0.21611937302165907,0.02575373721548191,0.0233716415269578
ts_diabetes_readmission,tableshift,xgb,0,gbdt,cpu,77.2,5,ood,0.614,0.6143171332949251,0.6503371567226605,0.6702399639614256,0.23005892115556545,0.0582048744637519,0.053047093238668026
ts_diabetes_readmission,tableshift,xgb,0,gbdt,cpu,77.2,10,id,0.6571028691392582,0.6256020801943497,0.6177003909566036,0.6972480556963929,0.21466580295101062,0.018459940030701602,0.019629718525049297
ts_diabetes_readmission,tableshift,xgb,0,gbdt,cpu,77.2,10,ood,0.6114,0.6117703609685471,0.649031624495037,0.673372779124251,0.22952708892842552,0.060586596915870906,0.05870244314769056
ts_diabetes_readmission,tableshift,xgb,0,gbdt,cpu,77.2,20,id,0.6571028691392582,0.6256020801943497,0.6177003909566036,0.6972480556963929,0.21466580295101062,0.018459940030701602,0.019629718525049297
ts_diabetes_readmission,tableshift,xgb,0,gbdt,cpu,77.2,20,ood,0.6114,0.6117703609685471,0.649031624495037,0.673372779124251,0.22952708892842552,0.060586596915870906,0.05870244314769056
ts_diabetes_readmission,tableshift,xgb,0,gbdt,cpu,77.2,30,id,0.6545369722416609,0.6233242082595056,0.6186808286633095,0.6952222355594811,0.2151576365946559,0.023264475287585004,0.019010633315325615
ts_diabetes_readmission,tableshift,xgb,0,gbdt,cpu,77.2,30,ood,0.6115,0.6118617814110221,0.6490426292876433,0.6740420023632914,0.22957218654690492,0.05892734156399967,0.057684455976789124
ts_diabetes_readmission,tableshift,xgb,1,gbdt,cpu,76.1,0,id,0.641940751108001,0.6207490473315429,0.652086706965388,0.6715105550469482,0.22746738548355785,0.06893355901984587,0.06481262899220512
ts_diabetes_readmission,tableshift,xgb,1,gbdt,cpu,76.1,0,ood,0.5963,0.5956736644547399,0.6945405886678844,0.6421135271222339,0.24641740499060644,0.09996469787359237,0.09590382515699464
ts_diabetes_readmission,tableshift,xgb,1,gbdt,cpu,76.1,5,id,0.661534872871472,0.633583981733131,0.6182047212086413,0.6958911637873119,0.21476449769736516,0.015521763997503947,0.015116240826653679
ts_diabetes_readmission,tableshift,xgb,1,gbdt,cpu,76.1,5,ood,0.6062,0.6053204085798456,0.6531161188291141,0.6717966152163779,0.2312845786022836,0.06915635332018139,0.06767978514107124
ts_diabetes_readmission,tableshift,xgb,1,gbdt,cpu,76.1,10,id,0.661534872871472,0.633583981733131,0.6182047212086413,0.6958911637873119,0.21476449769736516,0.015521763997503947,0.015116240826653679
ts_diabetes_readmission,tableshift,xgb,1,gbdt,cpu,76.1,10,ood,0.6062,0.6053204085798456,0.6531161188291141,0.6717966152163779,0.2312845786022836,0.06915635332018139,0.06767978514107124
ts_diabetes_readmission,tableshift,xgb,1,gbdt,cpu,76.1,20,id,0.661534872871472,0.633583981733131,0.6182047212086413,0.6958911637873119,0.21476449769736516,0.015521763997503947,0.015116240826653679
ts_diabetes_readmission,tableshift,xgb,1,gbdt,cpu,76.1,20,ood,0.6062,0.6053204085798456,0.6531161188291141,0.6717966152163779,0.2312845786022836,0.06915635332018139,0.06767978514107124
ts_diabetes_readmission,tableshift,xgb,1,gbdt,cpu,76.1,30,id,0.661534872871472,0.633583981733131,0.6182047212086413,0.6958911637873119,0.21476449769736516,0.015521763997503947,0.015116240826653679
ts_diabetes_readmission,tableshift,xgb,1,gbdt,cpu,76.1,30,ood,0.6062,0.6053204085798456,0.6531161188291141,0.6717966152163779,0.2312845786022836,0.06915635332018139,0.06767978514107124
ts_diabetes_readmission,tableshift,xgb,2,gbdt,cpu,65.8,0,id,0.6365756939584791,0.6119681046421425,0.6571792047458573,0.6628810001988644,0.2292741550238208,0.06859046599565058,0.06514835082351579
ts_diabetes_readmission,tableshift,xgb,2,gbdt,cpu,65.8,0,ood,0.5932,0.5929883719534879,0.6911067613261715,0.6382690130760523,0.24553368939776019,0.09588673916980624,0.08942149074508868
ts_diabetes_readmission,tableshift,xgb,2,gbdt,cpu,65.8,5,id,0.6522043386983905,0.6148053949610244,0.6213241403245984,0.6939133801769716,0.21582905758634569,0.025012946404136087,0.023453544921512238
ts_diabetes_readmission,tableshift,xgb,2,gbdt,cpu,65.8,5,ood,0.6091,0.6087390349561398,0.651422824037775,0.6694861779447118,0.2302517307202793,0.05303125403225421,0.049020819207576324
ts_diabetes_readmission,tableshift,xgb,2,gbdt,cpu,65.8,10,id,0.6522043386983905,0.6148053949610244,0.6213241403245984,0.6939133801769716,0.21582905758634569,0.025012946404136087,0.023453544921512238
ts_diabetes_readmission,tableshift,xgb,2,gbdt,cpu,65.8,10,ood,0.6091,0.6087390349561398,0.651422824037775,0.6694861779447118,0.2302517307202793,0.05303125403225421,0.049020819207576324
ts_diabetes_readmission,tableshift,xgb,2,gbdt,cpu,65.8,20,id,0.6522043386983905,0.6148053949610244,0.6213241403245984,0.6939133801769716,0.21582905758634569,0.025012946404136087,0.023453544921512238
ts_diabetes_readmission,tableshift,xgb,2,gbdt,cpu,65.8,20,ood,0.6091,0.6087390349561398,0.651422824037775,0.6694861779447118,0.2302517307202793,0.05303125403225421,0.049020819207576324
ts_diabetes_readmission,tableshift,xgb,2,gbdt,cpu,65.8,30,id,0.6522043386983905,0.6148053949610244,0.6213241403245984,0.6939133801769716,0.21582905758634569,0.025012946404136087,0.023453544921512238
ts_diabetes_readmission,tableshift,xgb,2,gbdt,cpu,65.8,30,ood,0.6091,0.6087390349561398,0.651422824037775,0.6694861779447118,0.2302517307202793,0.05303125403225421,0.049020819207576324
ts_diabetes_readmission,tableshift,xgb,3,gbdt,cpu,80.3,0,id,0.6412409610450198,0.6185395910557555,0.6517846410560288,0.673133719357399,0.22694383058844383,0.06516993085171394,0.06201006934559227
ts_diabetes_readmission,tableshift,xgb,3,gbdt,cpu,80.3,0,ood,0.6051,0.6021929282665099,0.6882494122445544,0.6526684287386064,0.24282885869028137,0.09529547465555369,0.09136976506134334
ts_diabetes_readmission,tableshift,xgb,3,gbdt,cpu,80.3,5,id,0.6496384418007931,0.6142987159802855,0.622036957981893,0.692158423344901,0.21634726975189386,0.022631417971225178,0.023199265533720554
ts_diabetes_readmission,tableshift,xgb,3,gbdt,cpu,80.3,5,ood,0.623,0.6189532437776859,0.6467694136736485,0.6782409250153261,0.22794343738662678,0.04712077607512474,0.04551523085669104
ts_diabetes_readmission,tableshift,xgb,3,gbdt,cpu,80.3,10,id,0.6573361324935852,0.6225814896563586,0.6173994432737979,0.6989410913182209,0.21431641793877154,0.025766706491701246,0.022030083179204917
ts_diabetes_readmission,tableshift,xgb,3,gbdt,cpu,80.3,10,ood,0.6292,0.6249728490993466,0.6435105009410846,0.6833128753523212,0.22657101103026894,0.05126250744611023,0.050150217450700536
ts_diabetes_readmission,tableshift,xgb,3,gbdt,cpu,80.3,20,id,0.6573361324935852,0.6225814896563586,0.6173994432737979,0.6989410913182209,0.21431641793877154,0.025766706491701246,0.022030083179204917
ts_diabetes_readmission,tableshift,xgb,3,gbdt,cpu,80.3,20,ood,0.6292,0.6249728490993466,0.6435105009410846,0.6833128753523212,0.22657101103026894,0.05126250744611023,0.050150217450700536
ts_diabetes_readmission,tableshift,xgb,3,gbdt,cpu,80.3,30,id,0.6573361324935852,0.6225814896563586,0.6173994432737979,0.6989410913182209,0.21431641793877154,0.025766706491701246,0.022030083179204917
ts_diabetes_readmission,tableshift,xgb,3,gbdt,cpu,80.3,30,ood,0.6292,0.6249728490993466,0.6435105009410846,0.6833128753523212,0.22657101103026894,0.05126250744611023,0.050150217450700536
ts_diabetes_readmission,tableshift,xgb,4,gbdt,cpu,93.1,0,id,0.6398413809190576,0.6139596609628983,0.6550718409470118,0.6694542781845642,0.22783644887181095,0.0672043219351229,0.06218042583243227
ts_diabetes_readmission,tableshift,xgb,4,gbdt,cpu,93.1,0,ood,0.5983,0.5957844409384538,0.6860394833649139,0.6482933373617765,0.24319861492300116,0.09529530529677868,0.08978484713820954
ts_diabetes_readmission,tableshift,xgb,4,gbdt,cpu,93.1,5,id,0.6564030790762772,0.6261299221203613,0.6214189740537638,0.6949608899813496,0.21573200342682516,0.016997226303847823,0.02062828479242046
ts_diabetes_readmission,tableshift,xgb,4,gbdt,cpu,93.1,5,ood,0.6093,0.6063270902467989,0.6537425440186553,0.6653562821204151,0.23138240139823402,0.054318425608426354,0.05229442843101658
ts_diabetes_readmission,tableshift,xgb,4,gbdt,cpu,93.1,10,id,0.6636342430604152,0.6256402630744452,0.6206836322218113,0.6965231408408564,0.215478751818467,0.02990650195660556,0.027508451079016224
ts_diabetes_readmission,tableshift,xgb,4,gbdt,cpu,93.1,10,ood,0.6172,0.6130477540595403,0.6476316293084979,0.6775416158525909,0.2283730458460276,0.056579074889421474,0.05372293425851572
ts_diabetes_readmission,tableshift,xgb,4,gbdt,cpu,93.1,20,id,0.6636342430604152,0.6256402630744452,0.6206836322218113,0.6965231408408564,0.215478751818467,0.02990650195660556,0.027508451079016224
ts_diabetes_readmission,tableshift,xgb,4,gbdt,cpu,93.1,20,ood,0.6172,0.6130477540595403,0.6476316293084979,0.6775416158525909,0.2283730458460276,0.056579074889421474,0.05372293425851572
ts_diabetes_readmission,tableshift,xgb,4,gbdt,cpu,93.1,30,id,0.6636342430604152,0.6256402630744452,0.6206836322218113,0.6965231408408564,0.215478751818467,0.02990650195660556,0.027508451079016224
ts_diabetes_readmission,tableshift,xgb,4,gbdt,cpu,93.1,30,ood,0.6172,0.6130477540595403,0.6476316293084979,0.6775416158525909,0.2283730458460276,0.056579074889421474,0.05372293425851572
