dataset,suite,model,seed,kind,device,wall_s,split,acc,bacc,auroc,logloss,brier,ece,smece,optimism_gap,acc_degradation
acs_income_ca2pr,whyshift,catb,0,gbdt,cpu,175.0,id,0.8184,0.8130002605392085,0.8965195572522902,0.3974063504953106,0.12841825781040428,0.014449721565943005,0.015568781609897995,-0.008039159094820392,
acs_income_ca2pr,whyshift,catb,0,gbdt,cpu,175.0,ood,0.6882372395546247,0.7514151648446876,0.8305797900692463,0.6031719562128987,0.20637907996887153,0.2842563840616537,0.28525606090492955,,0.13016276044537534
acs_income_ca2pr,whyshift,catb,1,gbdt,cpu,169.7,id,0.8218,0.8150382727539045,0.9004874353900246,0.3908119522809523,0.1251086124434495,0.014275405636877209,0.015862466369003646,-0.02338566778410761,
acs_income_ca2pr,whyshift,catb,1,gbdt,cpu,169.7,ood,0.7055451438650645,0.755598679017103,0.8446247835814984,0.5502468361680032,0.18939717657516972,0.27541112463723005,0.27859239416190335,,0.11625485613493547
acs_income_ca2pr,whyshift,catb,2,gbdt,cpu,157.2,id,0.8167,0.8108687522102956,0.8980578786220949,0.3948346577219756,0.12744097645453972,0.010961498718630516,0.0136229318774062,-0.011728712397662044,
acs_income_ca2pr,whyshift,catb,2,gbdt,cpu,157.2,ood,0.6597949509425642,0.7465010900083042,0.8404369109141583,0.6197097705417622,0.21649683799756042,0.30860026525090734,0.3087060070104809,,0.15690504905743574
acs_income_ca2pr,whyshift,catb,3,gbdt,cpu,168.3,id,0.8125,0.8050948794247244,0.8912620815734373,0.40739600864529935,0.1314569013591778,0.014796369718084155,0.015545024291027918,-0.00699757130377493,
acs_income_ca2pr,whyshift,catb,3,gbdt,cpu,168.3,ood,0.7198765295998236,0.7700277328468228,0.8497220433957393,0.5365390537019125,0.1839348996558978,0.2750680875283628,0.2748350237933124,,0.09262347040017638
acs_income_ca2pr,whyshift,catb,4,gbdt,cpu,180.0,id,0.8168,0.8114293414526679,0.8964053175221718,0.39836808481761304,0.12805075193552326,0.006775594760892073,0.011607478554137842,-0.002427585328774462,
acs_income_ca2pr,whyshift,catb,4,gbdt,cpu,180.0,ood,0.6892294124131849,0.7611319165148245,0.8427587708941762,0.5917572437487111,0.20456030477380763,0.29192775775127744,0.29175194218127387,,0.12757058758681505
acs_income_ca2pr,whyshift,lgbm,0,gbdt,cpu,231.5,id,0.8169,0.8108938764010608,0.8956294092285869,0.3996956764664421,0.1290679227932577,0.018484362975673862,0.018306442166908528,-0.0032370482004159817,
acs_income_ca2pr,whyshift,lgbm,0,gbdt,cpu,231.5,ood,0.6808510638297872,0.7468258619756954,0.825901330340842,0.6362288981661646,0.21650217335399874,0.2908123246017632,0.2906096469415633,,0.13604893617021274
acs_income_ca2pr,whyshift,lgbm,1,gbdt,cpu,174.5,id,0.8215,0.8156199369062542,0.9022853215037541,0.38705109881109495,0.1241457322746747,0.012317857306689646,0.015798199744838093,-0.02261657456358812,
acs_income_ca2pr,whyshift,lgbm,1,gbdt,cpu,174.5,ood,0.7139234924484621,0.7575362863931121,0.8413273898845486,0.5438485506643757,0.1863336157732537,0.26908158989817105,0.268811461325213,,0.10757650755153791
acs_income_ca2pr,whyshift,lgbm,2,gbdt,cpu,199.4,id,0.8178,0.8113558645849919,0.9006390782089608,0.39228341892456237,0.1259145737608581,0.01905817041516902,0.018829668637384375,-0.010999039149007517,
acs_income_ca2pr,whyshift,lgbm,2,gbdt,cpu,199.4,ood,0.675890199536986,0.7495482548201748,0.8379456464917064,0.5916327567819047,0.20531874054576607,0.2959239741694295,0.2957067010514241,,0.14190980046301394
acs_income_ca2pr,whyshift,lgbm,3,gbdt,cpu,166.7,id,0.8108,0.8046126578192503,0.8954945476228046,0.40002307870934506,0.12853958510628363,0.012146044744931056,0.01579820905464269,-0.007788348114604771,
acs_income_ca2pr,whyshift,lgbm,3,gbdt,cpu,166.7,ood,0.7016866938595524,0.7575633987953633,0.8377754088075953,0.5760989149841643,0.19694857789626558,0.2811722945282386,0.28094455513680405,,0.10911330614044756
acs_income_ca2pr,whyshift,lgbm,4,gbdt,cpu,219.5,id,0.8125,0.8062139851466772,0.8958917376845792,0.3990477144526234,0.12856461856189463,0.00952403423989392,0.012208143257318596,-9.36598724583515e-05,
acs_income_ca2pr,whyshift,lgbm,4,gbdt,cpu,219.5,ood,0.6894498952706427,0.7589647831046278,0.8335197230868707,0.612990242342066,0.20929864784087288,0.29704556825606304,0.29685660710718753,,0.12305010472935729
acs_income_ca2pr,whyshift,logreg,0,linear,cpu,1.1,id,0.7868,0.7762410436541477,0.8648798612798487,0.45324646138862873,0.14662365768408359,0.020280334916261612,0.021220137034159987,,
acs_income_ca2pr,whyshift,logreg,0,linear,cpu,1.1,ood,0.7279241538970345,0.7630766384928427,0.8338607112192018,0.5261792942045835,0.1765585415604625,0.2713640536885315,0.27112129922026373,,0.05887584610296559
acs_income_ca2pr,whyshift,logreg,1,linear,cpu,1.1,id,0.7831,0.7724685112519838,0.8635745134613941,0.45393264014763574,0.14746543019328445,0.020916414470531244,0.02017774751706567,,
acs_income_ca2pr,whyshift,logreg,1,linear,cpu,1.1,ood,0.7294675338992394,0.7621075143272702,0.8347666372083686,0.5225065081931886,0.175331625961528,0.27077582872303846,0.2705245491584899,,0.05363246610076067
acs_income_ca2pr,whyshift,logreg,2,linear,cpu,1.1,id,0.7835,0.7737783585375237,0.8635955771105708,0.45619303426872765,0.1472656495279934,0.01240677480625432,0.01576131183322064,,
acs_income_ca2pr,whyshift,logreg,2,linear,cpu,1.1,ood,0.715356631021938,0.7597121367931579,0.8350340436910915,0.5402675426954765,0.18195625571361015,0.27785574162423504,0.27763166766512404,,0.06814336897806195
acs_income_ca2pr,whyshift,logreg,3,linear,cpu,1.1,id,0.781,0.7710204047663776,0.8585224165246099,0.4612130572168771,0.14992533909977368,0.016767439304429525,0.017008446550862432,,
acs_income_ca2pr,whyshift,logreg,3,linear,cpu,1.1,ood,0.7230735310329622,0.759447422322006,0.8342914330705673,0.5346175045739222,0.17984810179660202,0.27718167703923646,0.2769397971210202,,0.05792646896703779
acs_income_ca2pr,whyshift,logreg,4,linear,cpu,1.1,id,0.7829,0.7725306424181871,0.8599662965558137,0.4614786253722089,0.14938856691327487,0.01727349148192253,0.016397019590054362,,
acs_income_ca2pr,whyshift,logreg,4,linear,cpu,1.1,ood,0.7257193253224562,0.76001107826857,0.832315624768455,0.5305532120975706,0.17786338668417317,0.2714133139786185,0.2711683997690252,,0.05718067467754384
acs_income_ca2pr,whyshift,mlp,0,mlp,cpu,3.6,id,0.7964,0.7903403887616007,0.8799006174597046,0.42439429904984255,0.1386982602659763,0.013592666982859374,0.013371080459815712,,
acs_income_ca2pr,whyshift,mlp,0,mlp,cpu,3.6,ood,0.6689449895270643,0.747496044665856,0.8351442879744766,0.5841655418999192,0.20421486457744648,0.2954650993857596,0.2962917371086298,,0.12745501047293573
acs_income_ca2pr,whyshift,mlp,1,mlp,cpu,4.1,id,0.8004,0.7983036165643336,0.8818135457914584,0.42525171566537245,0.13785407438564792,0.027178033871203655,0.027317165330066513,,
acs_income_ca2pr,whyshift,mlp,1,mlp,cpu,4.1,ood,0.6612280895160402,0.7431798527802966,0.836358769766095,0.5923209197070416,0.20653961025589285,0.3019281113439155,0.3035736113828155,,0.13917191048395983
acs_income_ca2pr,whyshift,mlp,2,mlp,cpu,4.3,id,0.7938,0.7856279818841316,0.8796995494179534,0.4265856435714898,0.13918102371372762,0.020286838429793716,0.01972200714212581,,
acs_income_ca2pr,whyshift,mlp,2,mlp,cpu,4.3,ood,0.6829456509756366,0.750745943587231,0.8356920482336687,0.5664553642775022,0.19777289373550536,0.2801513842804674,0.283169445400912,,0.11085434902436331
acs_income_ca2pr,whyshift,mlp,3,mlp,cpu,3.9,id,0.7946,0.7878818267439651,0.876589609891354,0.4314346540871159,0.14095334810463397,0.021248972733132546,0.02175093431122456,,
acs_income_ca2pr,whyshift,mlp,3,mlp,cpu,3.9,ood,0.6906625509866607,0.7523135916587637,0.8339174357487344,0.5847225244432727,0.201179711168023,0.28879282633467923,0.289334598318006,,0.10393744901333923
acs_income_ca2pr,whyshift,mlp,4,mlp,cpu,4.5,id,0.7958,0.7897898326413013,0.8780140347054565,0.42914545320285014,0.13976420164730524,0.01654104158468545,0.016061675619620235,,
acs_income_ca2pr,whyshift,mlp,4,mlp,cpu,4.5,ood,0.6832763752618234,0.7559699202318515,0.8364983056991936,0.5700940228117003,0.19819129584277603,0.29361632982419444,0.29366284315421426,,0.11252362473817656
acs_income_ca2pr,whyshift,tabicl,0,tfm,cuda,15.8,id,0.8223,0.8159112851572652,0.902164939207242,0.3885018341410186,0.12504694869307498,0.021350615163892497,0.021446250894330627,,
acs_income_ca2pr,whyshift,tabicl,0,tfm,cuda,15.8,ood,0.7080806967258295,0.7611396720719695,0.8384619358537229,0.5839011134337352,0.1974513672665568,0.2674168544190943,0.27016417860742437,,0.11421930327417051
acs_income_ca2pr,whyshift,tabicl,1,tfm,cuda,15.7,id,0.8266,0.8214889738730247,0.9073870267886028,0.3781234353496954,0.12087338237585245,0.014372213681042191,0.01603032361770951,,
acs_income_ca2pr,whyshift,tabicl,1,tfm,cuda,15.7,ood,0.7202072538860104,0.7656318061423499,0.8481238217642213,0.567580505120724,0.19105743950748594,0.2679573214756537,0.2709623649391171,,0.10639274611398963
acs_income_ca2pr,whyshift,tabicl,2,tfm,cuda,15.7,id,0.8278,0.8224315227880965,0.9066713770040633,0.3792106818124315,0.12172953571557482,0.0137081121938303,0.016440889908130543,,
acs_income_ca2pr,whyshift,tabicl,2,tfm,cuda,15.7,ood,0.6806305809723294,0.7558643549209587,0.8450512110334529,0.6224028785824113,0.21235478158932478,0.290765327152073,0.2929284463591967,,0.14716941902767056
acs_income_ca2pr,whyshift,tabicl,3,tfm,cuda,15.7,id,0.8202,0.8142665302349199,0.9017050476530509,0.39050135301354405,0.12469335344706962,0.020946115939132863,0.020249053608468418,,
acs_income_ca2pr,whyshift,tabicl,3,tfm,cuda,15.7,ood,0.7042222467203175,0.7621882105788876,0.8472884008400101,0.5901041541208154,0.20016895196767073,0.2753182000097324,0.2771125783802138,,0.11597775327968252
acs_income_ca2pr,whyshift,tabicl,4,tfm,cuda,15.7,id,0.8206,0.8153211243034855,0.9016529767880692,0.39021452077914476,0.12520135474580096,0.01873153933864087,0.018551069387574576,,
acs_income_ca2pr,whyshift,tabicl,4,tfm,cuda,15.7,ood,0.7026788667181126,0.7649896972871446,0.8473157696243157,0.597682390261618,0.20236821751465267,0.27986829458932905,0.2814655639442975,,0.11792113328188736
acs_income_ca2pr,whyshift,tabpfn25,0,tfm,cuda,14.5,id,0.818,0.8110972311456487,0.8991128789019391,0.3931306756579555,0.12682826899343888,0.016523277975618842,0.01752461030144612,,
acs_income_ca2pr,whyshift,tabpfn25,0,tfm,cuda,14.5,ood,0.7131518024473598,0.7580208484758985,0.8357519134433673,0.5737165952490458,0.19430839614672368,0.26641643341688603,0.26720420029974296,,0.10484819755264019
acs_income_ca2pr,whyshift,tabpfn25,1,tfm,cuda,14.6,id,0.8206,0.8139911942441073,0.903281789834985,0.3846966031182465,0.12355812624437473,0.010814304777234796,0.012784177007381816,,
acs_income_ca2pr,whyshift,tabpfn25,1,tfm,cuda,14.6,ood,0.7159078381655827,0.7613947081205683,0.8406607965431495,0.5651327276983886,0.19169326126152877,0.27008789258675076,0.2712974311498249,,0.10469216183441732
acs_income_ca2pr,whyshift,tabpfn25,2,tfm,cuda,14.4,id,0.815,0.8093904684528914,0.8983341914116445,0.3947677274929306,0.12751478187935977,0.01610066883265972,0.01667200044234429,,
acs_income_ca2pr,whyshift,tabpfn25,2,tfm,cuda,14.4,ood,0.6879065152684378,0.7516882758281205,0.8373580829185712,0.6055901526107098,0.20674257845120636,0.28401738181652747,0.2848526837793477,,0.12709348473156212
acs_income_ca2pr,whyshift,tabpfn25,3,tfm,cuda,14.4,id,0.8152,0.8086714512181079,0.8964975180482715,0.39939031063337155,0.12821743544983163,0.0185537545170635,0.01895932488005191,,
acs_income_ca2pr,whyshift,tabpfn25,3,tfm,cuda,14.4,ood,0.7032300738617573,0.7602589997151595,0.8422024859316757,0.5918275722747117,0.20082623554980636,0.2765818512141738,0.2769462478609627,,0.11196992613824275
acs_income_ca2pr,whyshift,tabpfn25,4,tfm,cuda,14.4,id,0.8154,0.8085561565450243,0.897863024778852,0.3965016296713726,0.12760883353573427,0.01802349379919471,0.01673827555120418,,
acs_income_ca2pr,whyshift,tabpfn25,4,tfm,cuda,14.4,ood,0.7138132510197333,0.7643459860440993,0.8421960763803161,0.5774669553478878,0.19547953566796492,0.2721468270311228,0.27215153964967853,,0.10158674898026676
acs_income_ca2pr,whyshift,tabpfn2,0,tfm,cuda,15.9,id,0.817,0.8108255945900599,0.8987122770944629,0.39280023054964475,0.1267808588927674,0.008138489837944499,0.010371846115619685,,
acs_income_ca2pr,whyshift,tabpfn2,0,tfm,cuda,15.9,ood,0.706096351008709,0.7586555222515267,0.8366696971025495,0.5667167662444292,0.19445248805608795,0.2731934214379832,0.27497662489044716,,0.1109036489912909
acs_income_ca2pr,whyshift,tabpfn2,1,tfm,cuda,15.9,id,0.8217,0.816184744838343,0.9037608843022257,0.384074125284269,0.12329132822786155,0.019003100516460845,0.017663935166678184,,
acs_income_ca2pr,whyshift,tabpfn2,1,tfm,cuda,15.9,ood,0.7169000110241429,0.7665305534339941,0.8471755286405676,0.5481901451916609,0.1872476630620967,0.2690577740536551,0.27178055383406713,,0.10479998897585707
acs_income_ca2pr,whyshift,tabpfn2,2,tfm,cuda,15.9,id,0.8152,0.8104879489597164,0.9000943886142432,0.3903561367141491,0.12621166841230103,0.0117450734404847,0.012906099968278295,,
acs_income_ca2pr,whyshift,tabpfn2,2,tfm,cuda,15.9,ood,0.689119170984456,0.7537408064600073,0.8401690557628405,0.5789922302113145,0.2001143093213999,0.2801708458668078,0.28277492174747276,,0.12608082901554407
acs_income_ca2pr,whyshift,tabpfn2,3,tfm,cuda,15.9,id,0.8159,0.809491370794152,0.8961902112388584,0.3986065465289248,0.12796826612673812,0.014076910997927189,0.014676626022446184,,
acs_income_ca2pr,whyshift,tabpfn2,3,tfm,cuda,15.9,ood,0.7041120052915886,0.7580037349737683,0.8414398775109098,0.5673163548242406,0.19450538142869145,0.2725723825457531,0.2743184471593479,,0.11178799470841139
acs_income_ca2pr,whyshift,tabpfn2,4,tfm,cuda,16.0,id,0.8165,0.8104626309143628,0.897828653767735,0.39557017682454526,0.12722135978518223,0.00897898984476923,0.012287750578514412,,
acs_income_ca2pr,whyshift,tabpfn2,4,tfm,cuda,16.0,ood,0.7083011795832874,0.7621791731114705,0.8418782908239069,0.5697895641657091,0.19529393538715178,0.2758820919974408,0.27607087112691964,,0.10819882041671258
acs_income_ca2pr,whyshift,xgb,0,gbdt,cpu,80.1,id,0.8166,0.8113659691404309,0.897605213202398,0.394687120358726,0.12756816649608946,0.011365994016826149,0.015471385924503103,-0.0029859806184845405,
acs_income_ca2pr,whyshift,xgb,0,gbdt,cpu,80.1,ood,0.6829456509756366,0.7530363967655865,0.8381647249571778,0.5849365565983474,0.203358083257249,0.28807025462415276,0.2878244335420352,,0.13365434902436335
acs_income_ca2pr,whyshift,xgb,1,gbdt,cpu,80.1,id,0.8232,0.8178011982364575,0.9027094464251196,0.38608324013357226,0.12379278368359371,0.011934282621741298,0.014268879070730866,-0.02255353998051035,
acs_income_ca2pr,whyshift,xgb,1,gbdt,cpu,80.1,ood,0.7143644581633778,0.7605314697434564,0.8437543665068638,0.5429460253433088,0.18581278368603812,0.2694781530090355,0.2692316643847775,,0.10883554183662225
acs_income_ca2pr,whyshift,xgb,2,gbdt,cpu,68.9,id,0.8182,0.812437307790045,0.9009980781691155,0.38948739344258254,0.1255176032256218,0.012090609978139396,0.013594487178927295,-0.012807622686382969,
acs_income_ca2pr,whyshift,xgb,2,gbdt,cpu,68.9,ood,0.6606768823723955,0.7456200971739262,0.835399067641021,0.6322190260574035,0.21980643486640083,0.31054906439799584,0.3103677523718276,,0.15752311762760451
acs_income_ca2pr,whyshift,xgb,3,gbdt,cpu,76.6,id,0.8137,0.8074047732920819,0.8961369853019815,0.3986295763926871,0.12825273581085636,0.013253649332374336,0.013190865540586325,-0.008540437716749394,
acs_income_ca2pr,whyshift,xgb,3,gbdt,cpu,76.6,ood,0.7030095910042994,0.7619680424896851,0.8466172567171457,0.5555607306728406,0.1916817599636537,0.2792599822415392,0.27900232610243936,,0.1106904089957006
acs_income_ca2pr,whyshift,xgb,4,gbdt,cpu,81.7,id,0.8152,0.8083868658729403,0.8971925212154135,0.39733994176102116,0.12765339052232144,0.014001192167960108,0.013235345284633134,-0.004495023339571469,
acs_income_ca2pr,whyshift,xgb,4,gbdt,cpu,81.7,ood,0.6972770367103958,0.7564712753391999,0.8363427458876959,0.5749639508027037,0.1972881150506196,0.2858920463637748,0.2856681392898145,,0.11792296328960428
acs_income_ca2sd,whyshift,catb,0,gbdt,cpu,174.2,id,0.8116,0.8046199054510135,0.8947803229799496,0.39932695641214067,0.12919271908582006,0.015783460167636935,0.016049888345095235,-0.0024746426915336905,
acs_income_ca2sd,whyshift,catb,0,gbdt,cpu,174.2,ood,0.7189222290263318,0.7367483906314203,0.8285394694790668,0.5324312715039177,0.18186713442500607,0.16833464254371278,0.16870333853863934,,0.09267777097366814
acs_income_ca2sd,whyshift,catb,1,gbdt,cpu,175.9,id,0.8139,0.8083518838461028,0.8943909271380158,0.40068311361984804,0.12940150609981205,0.016307250233909037,0.0164394203879907,-0.005677819672355033,
acs_income_ca2sd,whyshift,catb,1,gbdt,cpu,175.9,ood,0.7068789548887529,0.7444521805739448,0.8314827919733642,0.5455950891943867,0.18792499985698358,0.18218860290009412,0.18434442065632306,,0.1070210451112471
acs_income_ca2sd,whyshift,catb,2,gbdt,cpu,159.4,id,0.8168,0.8107353899112302,0.8942982875654484,0.40286997454784007,0.12945163372363389,0.01382143885868471,0.016537141135526682,-0.0007182521809004916,
acs_income_ca2sd,whyshift,catb,2,gbdt,cpu,159.4,ood,0.713410900183711,0.7472596980626702,0.8300218048939686,0.5392258554241458,0.1850060766966752,0.1783529873955803,0.17813134589872295,,0.10338909981628897
acs_income_ca2sd,whyshift,catb,3,gbdt,cpu,167.0,id,0.819,0.8113469533370721,0.901083690256155,0.39266081720239543,0.12567539443889353,0.022749038899293826,0.022247080268681958,-0.012628451150426712,
acs_income_ca2sd,whyshift,catb,3,gbdt,cpu,167.0,ood,0.7246376811594203,0.7485209408148046,0.8288219650276217,0.5290637314975922,0.18078048965439447,0.16894558097999857,0.1686802318995173,,0.09436231884057966
acs_income_ca2sd,whyshift,catb,4,gbdt,cpu,176.1,id,0.8158,0.8097320804535217,0.894176117625741,0.4020858663261325,0.12915885196825325,0.01228853781991978,0.013354178823011252,-0.0006001417795092334,
acs_income_ca2sd,whyshift,catb,4,gbdt,cpu,176.1,ood,0.718513982445397,0.7478979287464427,0.8297451220110217,0.5331983253651139,0.18285716031584945,0.1700987698493736,0.1718634684494876,,0.09728601755460298
acs_income_ca2sd,whyshift,lgbm,0,gbdt,cpu,244.6,id,0.8134,0.8060061040457853,0.8950247408681964,0.3995594098329457,0.1286360311838886,0.01757166062671236,0.01651017571932675,-0.0028164390169967968,
acs_income_ca2sd,whyshift,lgbm,0,gbdt,cpu,244.6,ood,0.7164727495407226,0.7329275669999543,0.8234803367034113,0.532150689744891,0.18104420111262456,0.16241361130045753,0.16210155952312227,,0.09692725045927741
acs_income_ca2sd,whyshift,lgbm,1,gbdt,cpu,167.0,id,0.8145,0.809493155691408,0.8965184563758388,0.3975216038563644,0.12823124897343197,0.018528091502643833,0.017610587553981906,-0.004067011723700997,
acs_income_ca2sd,whyshift,lgbm,1,gbdt,cpu,167.0,ood,0.7125944070218412,0.7486052773085372,0.8333649330972758,0.5385174061748305,0.1862149348362804,0.1774808196257526,0.17713042589698352,,0.10190559297815882
acs_income_ca2sd,whyshift,lgbm,2,gbdt,cpu,167.6,id,0.8185,0.8123628909228888,0.8962457742037389,0.39952914689937663,0.12809455263948957,0.011988565036674972,0.014462902821035224,0.0033798367364878956,
acs_income_ca2sd,whyshift,lgbm,2,gbdt,cpu,167.6,ood,0.6976934068177179,0.7398269897071431,0.8255098024792816,0.5699508684210981,0.19627481980312564,0.19441853330918257,0.19413013780813831,,0.12080659318228215
acs_income_ca2sd,whyshift,lgbm,3,gbdt,cpu,201.2,id,0.827,0.8196774563004037,0.9056803468980462,0.3826536880552828,0.12202943058418052,0.012107757731941244,0.013308852554079683,-0.014445776881989725,
acs_income_ca2sd,whyshift,lgbm,3,gbdt,cpu,201.2,ood,0.7109614206981016,0.7460580615542265,0.832407745598861,0.5578443994936001,0.19011467812153895,0.18328662356623124,0.1830594400670257,,0.11603857930189831
acs_income_ca2sd,whyshift,lgbm,4,gbdt,cpu,206.7,id,0.8132,0.8066185188061401,0.8930411741865342,0.4039655607691309,0.1298428812425029,0.00883120973299682,0.011211620403740262,0.005599075233150674,
acs_income_ca2sd,whyshift,lgbm,4,gbdt,cpu,206.7,ood,0.7089201877934272,0.7479933621472452,0.8325480950520898,0.5455287970956121,0.1871582457175455,0.18455762850008556,0.1842431904059269,,0.10427981220657279
acs_income_ca2sd,whyshift,logreg,0,linear,cpu,1.1,id,0.7797,0.7690277767212662,0.8592176449430293,0.46048993274912625,0.14954797035458778,0.01767505288203862,0.020463453836723575,,
acs_income_ca2sd,whyshift,logreg,0,linear,cpu,1.1,ood,0.7107572974076342,0.7223455564179437,0.7983379158275291,0.5762171073964338,0.19149503866066636,0.17319918937129777,0.17301532441339146,,0.06894270259236579
acs_income_ca2sd,whyshift,logreg,1,linear,cpu,1.1,id,0.7825,0.7725604691341617,0.8582101593129112,0.46168389747860444,0.1498844233793899,0.01352483656423919,0.014648282252087487,,
acs_income_ca2sd,whyshift,logreg,1,linear,cpu,1.1,ood,0.7044294754031435,0.7222970470813233,0.8002516567153831,0.5827100196675226,0.19412095083671432,0.1797136232039103,0.17953087318076374,,0.07807052459685648
acs_income_ca2sd,whyshift,logreg,2,linear,cpu,1.1,id,0.7826,0.7726027382569957,0.8629290134696295,0.4556468954229722,0.14807273444340324,0.018843617315303485,0.018415304930476648,,
acs_income_ca2sd,whyshift,logreg,2,linear,cpu,1.1,ood,0.7132067768932435,0.7247377325277613,0.8002432019290441,0.5689712427063717,0.18977635122476366,0.1696986662182878,0.16950141550983344,,0.06939322310675644
acs_income_ca2sd,whyshift,logreg,3,linear,cpu,1.1,id,0.7879,0.7769140212580534,0.8702873516688652,0.4479337937395938,0.14412525407411048,0.023852661321034314,0.02345951656328511,,
acs_income_ca2sd,whyshift,logreg,3,linear,cpu,1.1,ood,0.7136150234741784,0.7247792666656521,0.8010398541718452,0.5684093395500837,0.18930194500262806,0.16915783222587621,0.16896866567746488,,0.07428497652582167
acs_income_ca2sd,whyshift,logreg,4,linear,cpu,1.1,id,0.7794,0.7689389350521603,0.8543267738344853,0.46969087982629,0.15183647529355923,0.018199635479013446,0.01834027205024882,,
acs_income_ca2sd,whyshift,logreg,4,linear,cpu,1.1,ood,0.7089201877934272,0.7241825701197705,0.7991869877456327,0.5731365802206853,0.19160114155843797,0.17397000398433712,0.17377926084377995,,0.07047981220657273
acs_income_ca2sd,whyshift,mlp,0,mlp,cpu,5.7,id,0.7955,0.7883530844186548,0.8763755520757875,0.4336032640690588,0.1410244376185953,0.022603732713311907,0.023258439881730545,,
acs_income_ca2sd,whyshift,mlp,0,mlp,cpu,5.7,ood,0.7066748315982854,0.7335975031324984,0.8135854888811105,0.5674979444904287,0.19275818216656446,0.1788010479881219,0.18032570922822408,,0.08882516840171462
acs_income_ca2sd,whyshift,mlp,1,mlp,cpu,4.2,id,0.7938,0.7875423616187123,0.8764764062396172,0.43254074876304055,0.1412112660699599,0.027595574124157436,0.02828939853425412,,
acs_income_ca2sd,whyshift,mlp,1,mlp,cpu,4.2,ood,0.7003470095937947,0.7345014254769768,0.8162084806579853,0.5781222701478159,0.19767123385194627,0.19063992071064134,0.192921579523115,,0.09345299040620525
acs_income_ca2sd,whyshift,mlp,2,mlp,cpu,3.3,id,0.7935,0.7922831947863214,0.8790597867034712,0.43038768404261357,0.14008261105776995,0.026345743273943664,0.026475462940917165,,
acs_income_ca2sd,whyshift,mlp,2,mlp,cpu,3.3,ood,0.6956521739130435,0.7377144556554911,0.8181081654635505,0.5611949976629967,0.1945345264882722,0.19269937618496247,0.19304305959312773,,0.09784782608695652
acs_income_ca2sd,whyshift,mlp,3,mlp,cpu,2.7,id,0.7967,0.787299504487782,0.8788330738278975,0.4317939275219009,0.139439428926342,0.019048715069703754,0.02056586855378606,,
acs_income_ca2sd,whyshift,mlp,3,mlp,cpu,2.7,ood,0.7076954480506226,0.7300106657129668,0.8073327516440333,0.5475558988107463,0.18717136272931428,0.16784817846592687,0.16756327390237744,,0.0890045519493774
acs_income_ca2sd,whyshift,mlp,4,mlp,cpu,3.0,id,0.7901,0.7826807486215734,0.8707588827625482,0.4406368865358192,0.14338744316459176,0.018102295137941822,0.018111963380027324,,
acs_income_ca2sd,whyshift,mlp,4,mlp,cpu,3.0,ood,0.7062665850173505,0.7390324511609268,0.8172485250625232,0.5301367332068522,0.18249019912318595,0.16604612494021756,0.16650847055057647,,0.08383341498264951
acs_income_ca2sd,whyshift,tabicl,0,tfm,cuda,13.8,id,0.8221,0.815026890747989,0.902032654811817,0.38717072748651593,0.12458100344737877,0.017735117206536238,0.016882453651234138,,
acs_income_ca2sd,whyshift,tabicl,0,tfm,cuda,13.8,ood,0.7254541743212901,0.7393178001998713,0.8286505442345966,0.5203132950293899,0.17672030335484865,0.1490897951276175,0.14942949045464915,,0.09664582567870994
acs_income_ca2sd,whyshift,tabicl,1,tfm,cuda,13.9,id,0.8195,0.8146446607748024,0.9016741560901057,0.3905674733901187,0.12531902065693543,0.024355948621034625,0.02417678149920797,,
acs_income_ca2sd,whyshift,tabicl,1,tfm,cuda,13.9,ood,0.7160645029597877,0.7486011556001968,0.8325892064506638,0.5506185177922286,0.18769768704276224,0.1729782273143889,0.17476920297003415,,0.10343549704021227
acs_income_ca2sd,whyshift,tabicl,2,tfm,cuda,13.9,id,0.8254,0.8200333687511804,0.9030112346796776,0.38884711624130075,0.12373583422570728,0.015226983558014037,0.016672940223140423,,
acs_income_ca2sd,whyshift,tabicl,2,tfm,cuda,13.9,ood,0.7181057358644621,0.7530947688545963,0.8343508668692434,0.5640087492577793,0.190323684973111,0.1808305679413464,0.18144843381666825,,0.10729426413553789
acs_income_ca2sd,whyshift,tabicl,3,tfm,cuda,13.9,id,0.831,0.8238255939169424,0.9102969971419845,0.37431600106172475,0.11918167604857222,0.017334937720559537,0.016982992943675553,,
acs_income_ca2sd,whyshift,tabicl,3,tfm,cuda,13.9,ood,0.7252500510308226,0.749892835583152,0.8341741618347562,0.5461798744978544,0.18415255400027586,0.1648258385245631,0.16720180737443596,,0.10574994896917733
acs_income_ca2sd,whyshift,tabicl,4,tfm,cuda,14.0,id,0.8191,0.8129766249902928,0.8998303745696462,0.39467420151033844,0.12578899282599415,0.018931035288423298,0.019691293115963442,,
acs_income_ca2sd,whyshift,tabicl,4,tfm,cuda,14.0,ood,0.713002653602776,0.7424560055192846,0.8342266871948879,0.5431150912783966,0.18434203782622977,0.17108178288725462,0.17283606872188323,,0.10609734639722401
acs_income_ca2sd,whyshift,tabpfn25,0,tfm,cuda,12.8,id,0.8137,0.8058536961908096,0.8966306245887139,0.3970663880559989,0.12829833060698356,0.018194062890112397,0.01869027991337848,,
acs_income_ca2sd,whyshift,tabpfn25,0,tfm,cuda,12.8,ood,0.7228005715452133,0.7441671485894881,0.8303989940495213,0.5354766193386539,0.18226939479594437,0.16403820233620667,0.16473684862416688,,0.09089942845478671
acs_income_ca2sd,whyshift,tabpfn25,1,tfm,cuda,12.7,id,0.8162,0.8100421954947172,0.8967430767825105,0.3970264733768933,0.1282874088301558,0.01913076163083314,0.020249324149682335,,
acs_income_ca2sd,whyshift,tabpfn25,1,tfm,cuda,12.7,ood,0.7127985303123087,0.746840234975422,0.8304969638862255,0.5503726678349838,0.18887538525002975,0.17745943029969474,0.17852821532302812,,0.10340146968769137
acs_income_ca2sd,whyshift,tabpfn25,2,tfm,cuda,12.6,id,0.8224,0.8156854330936163,0.8983491290661902,0.3965446090471215,0.126651304648843,0.014931405413150791,0.016613322809457074,,
acs_income_ca2sd,whyshift,tabpfn25,2,tfm,cuda,12.6,ood,0.7121861604409063,0.7502304986125696,0.8323188646574712,0.5578247272871886,0.190411028073061,0.1844788190387273,0.18501116063956344,,0.1102138395590937
acs_income_ca2sd,whyshift,tabpfn25,3,tfm,cuda,12.6,id,0.8282,0.8205008965032424,0.9065999497444768,0.3813530765971279,0.12177642438051839,0.01679707903265953,0.017510686664918493,,
acs_income_ca2sd,whyshift,tabpfn25,3,tfm,cuda,12.6,ood,0.7236170647070831,0.7511553465532372,0.8329504371970016,0.5518653925217237,0.18704622147162575,0.17297503038340503,0.17462381482811215,,0.10458293529291696
acs_income_ca2sd,whyshift,tabpfn25,4,tfm,cuda,12.7,id,0.8157,0.8083068002381507,0.8946989930366804,0.4026799690579019,0.12904696552848782,0.016683705415390427,0.01675541943509297,,
acs_income_ca2sd,whyshift,tabpfn25,4,tfm,cuda,12.7,ood,0.7250459277403551,0.7511816620757177,0.8339279161826301,0.5291524448509176,0.17976907660769945,0.16366846036188007,0.16440882833705794,,0.09065407225964484
acs_income_ca2sd,whyshift,tabpfn2,0,tfm,cuda,14.1,id,0.8168,0.809862253477229,0.8991978022009998,0.3912390608066747,0.12623239859182198,0.010945806052349509,0.012623062681884024,,
acs_income_ca2sd,whyshift,tabpfn2,0,tfm,cuda,14.1,ood,0.7217799550928761,0.7420393959224256,0.8303557689543627,0.5242824378187803,0.17937765672604544,0.16195048095179743,0.16328079140015092,,0.0950200449071239
acs_income_ca2sd,whyshift,tabpfn2,1,tfm,cuda,14.0,id,0.8158,0.8101850621303741,0.8972155957206459,0.39512642737729936,0.12762837747758235,0.015471742103993897,0.015554208946668533,,
acs_income_ca2sd,whyshift,tabpfn2,1,tfm,cuda,14.0,ood,0.7085119412124924,0.7441421012849584,0.8310058363390099,0.5435291219909827,0.18689793275170113,0.17800403614213853,0.17920731266926523,,0.10728805878750758
acs_income_ca2sd,whyshift,tabpfn2,2,tfm,cuda,13.9,id,0.8216,0.8161508517338474,0.8998709168578104,0.393128590291146,0.12561926936702608,0.010231231310404843,0.010795697364267488,,
acs_income_ca2sd,whyshift,tabpfn2,2,tfm,cuda,13.9,ood,0.7191263523167993,0.7521271185580869,0.8334489525365204,0.5394597781471253,0.1840161906438319,0.17428223097517823,0.1758621497856237,,0.10247364768320066
acs_income_ca2sd,whyshift,tabpfn2,3,tfm,cuda,13.9,id,0.8263,0.8187692695539074,0.9070539197004283,0.3803308939046942,0.12133487486968166,0.015815896671079094,0.01750866014880005,,
acs_income_ca2sd,whyshift,tabpfn2,3,tfm,cuda,13.9,ood,0.7303531332925087,0.7550551167521447,0.8320463034828646,0.5330647124561907,0.18152960953171593,0.1644680406940083,0.16706733479436192,,0.09594686670749131
acs_income_ca2sd,whyshift,tabpfn2,4,tfm,cuda,13.9,id,0.8158,0.8097320804535217,0.8965995806476664,0.39788243084126285,0.12767437857091218,0.013239093007147316,0.014030253693020382,,
acs_income_ca2sd,whyshift,tabpfn2,4,tfm,cuda,13.9,ood,0.7174933659930598,0.7476750394415783,0.8322035625087718,0.5267462598302335,0.18033665126859522,0.16576383894780486,0.16704772461561018,,0.09830663400694017
acs_income_ca2sd,whyshift,xgb,0,gbdt,cpu,77.0,id,0.8133,0.8069717833265349,0.896618071152957,0.39642929084214396,0.12793598308059023,0.015463053433224567,0.01445352475875958,0.0003056730989481893,
acs_income_ca2sd,whyshift,xgb,0,gbdt,cpu,77.0,ood,0.7138191467646459,0.7432533975558904,0.8312447897379185,0.5263719689337362,0.18053456640867258,0.1707010631185085,0.1703523117118462,,0.09948085323535416
acs_income_ca2sd,whyshift,xgb,1,gbdt,cpu,71.6,id,0.8151,0.8099167718785302,0.8975551116353244,0.3951066558080614,0.12751416305779953,0.015029752369038765,0.015714659304961746,-0.005265727900344741,
acs_income_ca2sd,whyshift,xgb,1,gbdt,cpu,71.6,ood,0.7158603796693203,0.7517948454549606,0.8336666632847521,0.5395813887378006,0.18594446453399932,0.17827676000899745,0.17814210725535878,,0.09923962033067979
acs_income_ca2sd,whyshift,xgb,2,gbdt,cpu,53.0,id,0.8204,0.8142683067517997,0.8968262688813896,0.39837366865815355,0.12766813410300804,0.011734777955338348,0.013210337498551836,0.001898516830273811,
acs_income_ca2sd,whyshift,xgb,2,gbdt,cpu,53.0,ood,0.7017758726270668,0.7466712449334694,0.8301646907830993,0.561827524949098,0.19408362167703594,0.1940924397693116,0.193787460437087,,0.11862412737293326
acs_income_ca2sd,whyshift,xgb,3,gbdt,cpu,73.8,id,0.8278,0.8211505651524846,0.9061492503468849,0.3825931362897257,0.12204024632379301,0.0168004673300311,0.01702501281583952,-0.013947699544756331,
acs_income_ca2sd,whyshift,xgb,3,gbdt,cpu,73.8,ood,0.7113696672790365,0.745385271931293,0.8340517788024978,0.5391066818841128,0.18534290987880403,0.1807218562293768,0.18039858870449152,,0.11643033272096348
acs_income_ca2sd,whyshift,xgb,4,gbdt,cpu,81.3,id,0.8139,0.8065579456912841,0.8953181020424011,0.40005290246129943,0.12849127800938293,0.009496381750889129,0.012054861233160567,0.0022375635601564192,
acs_income_ca2sd,whyshift,xgb,4,gbdt,cpu,81.3,ood,0.7058583384364155,0.7437530754285309,0.8317459471981683,0.54342101071932,0.18713384219898804,0.18491072073779585,0.18459352333952905,,0.10804166156358441
acs_mobility_ca2sd,whyshift,catb,0,gbdt,cpu,173.0,id,0.7819,0.5624592935289058,0.7396161746581372,0.46912842925107706,0.15158709575174184,0.009512885973019667,0.012619439989042988,-0.005718261504290556,
acs_mobility_ca2sd,whyshift,catb,0,gbdt,cpu,173.0,ood,0.7447852760736197,0.5875325586054899,0.7152566928163002,0.5252066170055691,0.1738802720835162,0.04878616154171465,0.03324628486957282,,0.03711472392638038
acs_mobility_ca2sd,whyshift,catb,1,gbdt,cpu,196.8,id,0.7837,0.5701056983984885,0.740218978798096,0.47260243585896333,0.15263711200832153,0.01420543714673233,0.01556629829867557,-0.010216198911892349,
acs_mobility_ca2sd,whyshift,catb,1,gbdt,cpu,196.8,ood,0.7398773006134969,0.5797839958078387,0.7187475918191206,0.5214748581598027,0.1723001834334464,0.04529501404175497,0.035289451282082704,,0.04382269938650307
acs_mobility_ca2sd,whyshift,catb,2,gbdt,cpu,158.4,id,0.7826,0.5563099683488033,0.7492989082115296,0.46597785811580217,0.1503954740152224,0.014586020971529301,0.01710730443268974,-0.018474111119529346,
acs_mobility_ca2sd,whyshift,catb,2,gbdt,cpu,158.4,ood,0.7361963190184049,0.5618613504307755,0.7100877733766933,0.5278572670066684,0.17464839286862505,0.04644795442928041,0.034100214468312594,,0.046403680981595086
acs_mobility_ca2sd,whyshift,catb,3,gbdt,cpu,184.5,id,0.7785,0.5712058359695831,0.7379300576776294,0.4776918105368558,0.15497420790724453,0.006730138485623456,0.009697980128763458,-0.0012297534135636834,
acs_mobility_ca2sd,whyshift,catb,3,gbdt,cpu,184.5,ood,0.7325153374233129,0.5732992463357119,0.7175935915416981,0.5236423459100453,0.17296513976604405,0.04639560614613459,0.0368302354876562,,0.045984662576687096
acs_mobility_ca2sd,whyshift,catb,4,gbdt,cpu,184.8,id,0.7821,0.5557620519865232,0.7440341027599774,0.47181981002508167,0.15265192720855186,0.019068837798817,0.018338138942146726,-0.012808848712105414,
acs_mobility_ca2sd,whyshift,catb,4,gbdt,cpu,184.8,ood,0.7503067484662577,0.57588081623846,0.7096388884607678,0.5276928044419981,0.17451826969804565,0.05016676302896906,0.03332694524504375,,0.03179325153374235
acs_mobility_ca2sd,whyshift,lgbm,0,gbdt,cpu,247.5,id,0.782,0.5617379927540692,0.7317721611396524,0.4734552802964034,0.152982594108506,0.011075108179495504,0.012442582964326529,-0.0037283164186708295,
acs_mobility_ca2sd,whyshift,lgbm,0,gbdt,cpu,247.5,ood,0.7447852760736197,0.5823944638811399,0.7044661159317541,0.530549027269326,0.1759116736344138,0.03307227045435581,0.03292788842552,,0.037214723926380366
acs_mobility_ca2sd,whyshift,lgbm,1,gbdt,cpu,180.7,id,0.7851,0.5634077563532967,0.7404506416522308,0.4732784803106814,0.1527906568318282,0.01796137278068417,0.01864716331666241,-0.010015767796768216,
acs_mobility_ca2sd,whyshift,lgbm,1,gbdt,cpu,180.7,ood,0.7404907975460123,0.5669898124316077,0.7249895966586009,0.5181237598533438,0.17122603750030008,0.0368227346107779,0.030761547537835436,,0.044609202453987695
acs_mobility_ca2sd,whyshift,lgbm,2,gbdt,cpu,211.2,id,0.7835,0.5697620825776166,0.7450341192787795,0.46706649921683263,0.1508762328794522,0.00894552207750688,0.012776097040917688,-0.01719939025995665,
acs_mobility_ca2sd,whyshift,lgbm,2,gbdt,cpu,211.2,ood,0.752760736196319,0.5951693818103355,0.708334617696469,0.5281692108165791,0.17465148028859387,0.031110785402547227,0.027637616254380326,,0.030739263803680972
acs_mobility_ca2sd,whyshift,lgbm,3,gbdt,cpu,193.9,id,0.7758,0.5632066246261875,0.7378443389863955,0.4785005981974917,0.15538896730656324,0.010452953342912382,0.012317407631136324,-0.0028429444981349916,
acs_mobility_ca2sd,whyshift,lgbm,3,gbdt,cpu,193.9,ood,0.7496932515337423,0.5776647966339411,0.7093306413082009,0.5262818341942276,0.17418448938779843,0.04003917966661802,0.030204350500121057,,0.026106748466257712
acs_mobility_ca2sd,whyshift,lgbm,4,gbdt,cpu,214.8,id,0.7782,0.5760822547660371,0.742893372031869,0.4716325640895138,0.15275204185113372,0.010956266830809152,0.012505925293231171,-0.013381426383631545,
acs_mobility_ca2sd,whyshift,lgbm,4,gbdt,cpu,214.8,ood,0.7460122699386503,0.6015809225837276,0.7061316138279672,0.5288587873880612,0.17454096157606772,0.04419209210996242,0.043494027475724235,,0.03218773006134967
acs_mobility_ca2sd,whyshift,logreg,0,linear,cpu,1.1,id,0.7736,0.5222088780545062,0.6550725380368423,0.5074003150428916,0.16465975091044566,0.014872982205949086,0.015002365953634541,,
acs_mobility_ca2sd,whyshift,logreg,0,linear,cpu,1.1,ood,0.7300613496932515,0.5202460582895365,0.615635066196076,0.5649597379191876,0.18824174971276653,0.047670885662641334,0.03549651901429265,,0.043538650306748417
acs_mobility_ca2sd,whyshift,logreg,1,linear,cpu,1.1,id,0.7724,0.5291405243235843,0.6520405596442012,0.5116268919820717,0.16616319676894842,0.013424257273759413,0.015473675503973454,,
acs_mobility_ca2sd,whyshift,logreg,1,linear,cpu,1.1,ood,0.7349693251533742,0.5301966616833377,0.6205670206371469,0.563092273390462,0.1871482252937795,0.04294132099175326,0.034587790138668056,,0.03743067484662577
acs_mobility_ca2sd,whyshift,logreg,2,linear,cpu,1.1,id,0.7737,0.5224844411252179,0.6523942387709377,0.5092563501915297,0.1652663521110892,0.01619219877856568,0.017010716986541916,,
acs_mobility_ca2sd,whyshift,logreg,2,linear,cpu,1.1,ood,0.7355828220858895,0.5298807083519566,0.6066342493411216,0.5687845795588966,0.18965418859724645,0.04982488125950212,0.033244663481683374,,0.03811717791411051
acs_mobility_ca2sd,whyshift,logreg,3,linear,cpu,1.1,id,0.7648,0.5169716590902914,0.6567252145046072,0.5168989751379783,0.16883468218583528,0.015003517483849321,0.014719476413181746,,
acs_mobility_ca2sd,whyshift,logreg,3,linear,cpu,1.1,ood,0.7325153374233129,0.5189822449640121,0.6235204136676787,0.5619269925135898,0.18736364574752773,0.031023681846667546,0.02966964750688079,,0.03228466257668716
acs_mobility_ca2sd,whyshift,logreg,4,linear,cpu,1.1,id,0.7703,0.5223510066016577,0.6555152666897314,0.5127968174756826,0.16687847517394175,0.020379354044454165,0.01746468219082489,,
acs_mobility_ca2sd,whyshift,logreg,4,linear,cpu,1.1,ood,0.7276073619631902,0.5185738174868609,0.6089287640830419,0.5671858881964373,0.1890288831257809,0.044670242837087114,0.036305020120516084,,0.04269263803680978
acs_mobility_ca2sd,whyshift,mlp,0,mlp,cpu,2.8,id,0.7759,0.5370533023952224,0.6756956995357852,0.5013832354256855,0.16253049556458268,0.0155933012753725,0.015870475358375505,,
acs_mobility_ca2sd,whyshift,mlp,0,mlp,cpu,2.8,ood,0.7312883435582822,0.5416345575882743,0.6431586471032473,0.5625029695468062,0.1871194546265282,0.0439606653766398,0.03888563821783893,,0.04461165644171783
acs_mobility_ca2sd,whyshift,mlp,1,mlp,cpu,3.1,id,0.7764,0.5594298290027451,0.6906502079324317,0.49815339843114864,0.1615263086078051,0.01665406405031681,0.017840686737983606,,
acs_mobility_ca2sd,whyshift,mlp,1,mlp,cpu,3.1,ood,0.7319018404907975,0.5611369696222431,0.6667443706363763,0.5497154048452163,0.1836335571985676,0.03702106806763843,0.030943899194742226,,0.04449815950920244
acs_mobility_ca2sd,whyshift,mlp,2,mlp,cpu,3.0,id,0.7771,0.5364692912265728,0.6806680465165902,0.5003703886187166,0.16181742164300086,0.019540551283955574,0.01978633088867903,,
acs_mobility_ca2sd,whyshift,mlp,2,mlp,cpu,3.0,ood,0.7386503067484662,0.556927469445001,0.6551754696915987,0.5590597064236993,0.1854528306777275,0.041501213326775956,0.040930264806265305,,0.0384496932515338
acs_mobility_ca2sd,whyshift,mlp,3,mlp,cpu,4.3,id,0.7667,0.5765725738471268,0.6970778464674441,0.5059205187183544,0.16529792968711834,0.03030944076403975,0.02835582612194625,,
acs_mobility_ca2sd,whyshift,mlp,3,mlp,cpu,4.3,ood,0.7177914110429447,0.5794140992247584,0.6846535302005147,0.5504816556772966,0.18440406571184104,0.0525497074141824,0.04664973719504311,,0.0489085889570553
acs_mobility_ca2sd,whyshift,mlp,4,mlp,cpu,3.4,id,0.7768,0.5367800070435896,0.6889979164454608,0.5003779039594367,0.16187884549323525,0.019888884517550453,0.019887659671820178,,
acs_mobility_ca2sd,whyshift,mlp,4,mlp,cpu,3.4,ood,0.7386503067484662,0.548119307060401,0.6432674968789976,0.5632673895379209,0.18695401853107993,0.03777701421383699,0.032447712877363775,,0.038149693251533834
acs_mobility_ca2sd,whyshift,tabicl,0,tfm,cuda,16.1,id,0.7896,0.5903773123064877,0.7451483039626452,0.46641092772342024,0.1496814030760663,0.021724709560722113,0.020783968213889933,,
acs_mobility_ca2sd,whyshift,tabicl,0,tfm,cuda,16.1,ood,0.7368098159509202,0.5938419925095941,0.7163528967526163,0.5309683757108977,0.1750788848135826,0.05513277928247773,0.044435775045204594,,0.05279018404907976
acs_mobility_ca2sd,whyshift,tabicl,1,tfm,cuda,16.0,id,0.786,0.5994428244624015,0.7462837616947713,0.46746678925962243,0.15036782232948911,0.022503628430515524,0.022681924821082267,,
acs_mobility_ca2sd,whyshift,tabicl,1,tfm,cuda,16.0,ood,0.7478527607361963,0.6035691167177843,0.7148289998921136,0.5300485000574431,0.17464429267126957,0.0498683324255095,0.04189248386937752,,0.0381472392638037
acs_mobility_ca2sd,whyshift,tabicl,2,tfm,cuda,15.9,id,0.7885,0.5840072548810413,0.7534640918951598,0.46037069553997645,0.1481585465513054,0.014619555619731536,0.014600189988912509,,
acs_mobility_ca2sd,whyshift,tabicl,2,tfm,cuda,15.9,ood,0.7496932515337423,0.5945471078710911,0.7100887366490451,0.5309891772666098,0.17529327536477785,0.037392364483486665,0.03190031384916482,,0.038806748466257646
acs_mobility_ca2sd,whyshift,tabicl,3,tfm,cuda,15.8,id,0.7808,0.5902300559085654,0.7446364849443434,0.47420393129575716,0.1531894151257281,0.021103841600567094,0.021508635214265395,,
acs_mobility_ca2sd,whyshift,tabicl,3,tfm,cuda,15.8,ood,0.7539877300613497,0.6070157051924233,0.7163268883991183,0.5254490999883321,0.17325247026844792,0.048886237471747244,0.035220899751174733,,0.02681226993865038
acs_mobility_ca2sd,whyshift,tabicl,4,tfm,cuda,15.9,id,0.7841,0.5930163074509358,0.7475986569650506,0.46759441547745373,0.15070287308384755,0.01846811776719988,0.018484815647978197,,
acs_mobility_ca2sd,whyshift,tabicl,4,tfm,cuda,15.9,ood,0.7411042944785277,0.5901622921258265,0.7067509979501564,0.5320750122693825,0.17561235977841244,0.03933755595899799,0.035646716188769675,,0.04299570552147236
acs_mobility_ca2sd,whyshift,tabpfn25,0,tfm,cuda,14.1,id,0.7858,0.5758218949640638,0.743143233815107,0.46832039723794566,0.15094186296386142,0.013976257669925683,0.014549262426937522,,
acs_mobility_ca2sd,whyshift,tabpfn25,0,tfm,cuda,14.1,ood,0.7515337423312883,0.6097475455820477,0.7153616895026432,0.5255374119835136,0.17338667265938848,0.042432892925900176,0.03731633898206169,,0.03426625766871172
acs_mobility_ca2sd,whyshift,tabpfn25,1,tfm,cuda,14.2,id,0.7862,0.5852708571175839,0.7426442601233396,0.47061884509919566,0.15173817297823095,0.017407803925871837,0.01551572618034623,,
acs_mobility_ca2sd,whyshift,tabpfn25,1,tfm,cuda,14.2,ood,0.7478527607361963,0.5881548325447343,0.725292064177057,0.5168557186573096,0.1701690140132461,0.028537692641553702,0.02303967205794815,,0.03834723926380368
acs_mobility_ca2sd,whyshift,tabpfn25,2,tfm,cuda,14.1,id,0.7836,0.5761840748248516,0.7526364095451474,0.46282568108785027,0.14921258468198417,0.014655965332686921,0.013587418285227706,,
acs_mobility_ca2sd,whyshift,tabpfn25,2,tfm,cuda,14.1,ood,0.747239263803681,0.5943428941325155,0.7137838493904413,0.5254824654955427,0.17336688183713714,0.028370134559877067,0.027331809478872836,,0.036360736196318966
acs_mobility_ca2sd,whyshift,tabpfn25,3,tfm,cuda,14.1,id,0.7787,0.5824739374160915,0.7425475103938098,0.4764288904306502,0.15423833598684358,0.01546616335809232,0.016573094021459865,,
acs_mobility_ca2sd,whyshift,tabpfn25,3,tfm,cuda,14.1,ood,0.756441717791411,0.6086879459950989,0.7177159271303731,0.5225392992910082,0.17216592804414801,0.03629645807611431,0.03244021465752333,,0.022258282208588942
acs_mobility_ca2sd,whyshift,tabpfn25,4,tfm,cuda,14.2,id,0.7847,0.5879212486266892,0.7472352160964593,0.469203698428157,0.15143153945112123,0.011138317696750184,0.013188997570846945,,
acs_mobility_ca2sd,whyshift,tabpfn25,4,tfm,cuda,14.2,ood,0.758282208588957,0.6180162754496555,0.715278848080391,0.5246962289334903,0.1727530151720342,0.04557096955417857,0.038116933017738344,,0.026417791411042946
acs_mobility_ca2sd,whyshift,tabpfn2,0,tfm,cuda,16.1,id,0.7828,0.5641405155174857,0.7438698022756975,0.4678641763024527,0.15083770376408404,0.015618726104497913,0.017501695499237874,,
acs_mobility_ca2sd,whyshift,tabpfn2,0,tfm,cuda,16.1,ood,0.7533742331288343,0.5977894826071544,0.7148819798714608,0.5269035679103585,0.1736004578181328,0.05347610616976499,0.03934394344384319,,0.029425766871165715
acs_mobility_ca2sd,whyshift,tabpfn2,1,tfm,cuda,16.0,id,0.7838,0.5721485794663952,0.7409532312948677,0.47316448151093926,0.1526315140143885,0.015270100519061091,0.0152112484852158,,
acs_mobility_ca2sd,whyshift,tabpfn2,1,tfm,cuda,16.0,ood,0.741717791411043,0.5766340952175455,0.7180077986529599,0.5237826667115498,0.17255346667592664,0.044887914924533805,0.032714561561885305,,0.04208220858895706
acs_mobility_ca2sd,whyshift,tabpfn2,2,tfm,cuda,16.1,id,0.782,0.5706518723994453,0.7479146200078238,0.4661644477991309,0.1503321554830655,0.010823969888687153,0.012398660718124848,,
acs_mobility_ca2sd,whyshift,tabpfn2,2,tfm,cuda,16.1,ood,0.741717791411043,0.5788361358136954,0.7091341337484395,0.5295975851328459,0.1747795974884178,0.0413379835661935,0.03508994507585987,,0.040282208588957036
acs_mobility_ca2sd,whyshift,tabpfn2,3,tfm,cuda,16.2,id,0.7766,0.5772423348320525,0.7406690377334684,0.4775526579467005,0.15461773498567627,0.014986434009671232,0.014465490092846188,,
acs_mobility_ca2sd,whyshift,tabpfn2,3,tfm,cuda,16.2,ood,0.7460122699386503,0.6008469090516776,0.711026000647319,0.5283503946755986,0.17434262886821852,0.038199206089680936,0.034590921973085414,,0.030587730061349627
acs_mobility_ca2sd,whyshift,tabpfn2,4,tfm,cuda,16.2,id,0.7809,0.5712845361258869,0.7457771907931625,0.47049510322795607,0.15200707243798164,0.012937801766395566,0.013433094470804322,,
acs_mobility_ca2sd,whyshift,tabpfn2,4,tfm,cuda,16.2,ood,0.7460122699386503,0.5913047331350276,0.7092651387882805,0.5296657537498795,0.17477157260419074,0.037051794225452885,0.035834951345974066,,0.03488773006134971
acs_mobility_ca2sd,whyshift,xgb,0,gbdt,cpu,63.6,id,0.7833,0.572007546532417,0.7383348959846778,0.4697815652814753,0.15182766433142184,0.01272168915569782,0.012252310914890692,-0.005947764682461332,
acs_mobility_ca2sd,whyshift,xgb,0,gbdt,cpu,63.6,ood,0.7312883435582822,0.5776012206587241,0.7104114328868887,0.5280597441835576,0.17511717386976705,0.040600806319274804,0.0342479102721227,,0.05201165644171779
acs_mobility_ca2sd,whyshift,xgb,1,gbdt,cpu,64.7,id,0.7866,0.5809662662441131,0.7420961728326181,0.47130969759514446,0.1522267864298722,0.01149925419390201,0.014332174790483843,-0.010889599860462007,
acs_mobility_ca2sd,whyshift,xgb,1,gbdt,cpu,64.7,ood,0.7411042944785277,0.5872262379976265,0.7199882866082025,0.5208673729456301,0.17193788909858032,0.03961670299980538,0.034176166100099895,,0.04549570552147231
acs_mobility_ca2sd,whyshift,xgb,2,gbdt,cpu,51.0,id,0.7823,0.5536349087805399,0.7498025676588784,0.4664415122534313,0.15050817366369415,0.022707736757397658,0.02096274265953826,-0.017006080459895156,
acs_mobility_ca2sd,whyshift,xgb,2,gbdt,cpu,51.0,ood,0.7404907975460123,0.5611177041752077,0.7125209993372686,0.5259123170278662,0.17357104724961664,0.032867952742459586,0.03192890281623419,,0.04180920245398767
acs_mobility_ca2sd,whyshift,xgb,3,gbdt,cpu,64.7,id,0.7762,0.5778722779223195,0.7383466527492847,0.47813381036367625,0.1553020061227292,0.011203759470581996,0.011682793556739903,-0.0014112169857577461,
acs_mobility_ca2sd,whyshift,xgb,3,gbdt,cpu,64.7,ood,0.7411042944785277,0.5945663733181265,0.7128215403110214,0.5260114102771708,0.17392503059963002,0.042368062197065084,0.03485185715360015,,0.03509570552147234
acs_mobility_ca2sd,whyshift,xgb,4,gbdt,cpu,69.9,id,0.7792,0.5765793364292839,0.7432848958129592,0.47121880023532603,0.15251527377506585,0.010251874908804876,0.011986269012949847,-0.01144277493518292,
acs_mobility_ca2sd,whyshift,xgb,4,gbdt,cpu,69.9,ood,0.743558282208589,0.5999086817810521,0.7056567205585439,0.5288452739671791,0.17450844836527227,0.051990737212947544,0.04267742110147856,,0.03564171779141101
acs_pubcov_ca2sd,whyshift,catb,0,gbdt,cpu,176.5,id,0.7249,0.6593738623293044,0.758378730744657,0.5459852151300211,0.18379381156282282,0.01942798311775314,0.019276681291151933,-0.006791629965966162,
acs_pubcov_ca2sd,whyshift,catb,0,gbdt,cpu,176.5,ood,0.8222300140252454,0.7174376817864956,0.8189913553760726,0.441372048328307,0.13812403685734173,0.13020038019588193,0.1297555604229647,,-0.09733001402524544
acs_pubcov_ca2sd,whyshift,catb,1,gbdt,cpu,194.3,id,0.7153,0.6604781465005036,0.7488995464225633,0.5564415747909058,0.18794304855665045,0.015929975246185984,0.016696973445472222,0.003972468287390507,
acs_pubcov_ca2sd,whyshift,catb,1,gbdt,cpu,194.3,ood,0.8159186535764376,0.727940734597726,0.8172084204706618,0.4440806201006476,0.1402036775891602,0.13440628115883335,0.13349203212418398,,-0.10061865357643751
acs_pubcov_ca2sd,whyshift,catb,2,gbdt,cpu,157.7,id,0.7184,0.6592296169298639,0.760355014847861,0.5468433118388495,0.18445212757165513,0.017259289174013308,0.01642366645483347,-0.008215555611588043,
acs_pubcov_ca2sd,whyshift,catb,2,gbdt,cpu,157.7,ood,0.8180224403927069,0.7204529338237061,0.8150142123987405,0.44854221511796455,0.1409633035746122,0.138035711992628,0.1374676068278989,,-0.09962244039270685
acs_pubcov_ca2sd,whyshift,catb,3,gbdt,cpu,178.5,id,0.7202,0.6609682891368592,0.7553748598642347,0.5506118356407771,0.18562386152156,0.014199836489653955,0.01498982423934097,-0.005337577560632578,
acs_pubcov_ca2sd,whyshift,catb,3,gbdt,cpu,178.5,ood,0.8061009817671809,0.7072786711857888,0.8118445920771135,0.44785021464923075,0.14125757506535908,0.1327274176654746,0.13193790793749585,,-0.08590098176718097
acs_pubcov_ca2sd,whyshift,catb,4,gbdt,cpu,180.9,id,0.7158,0.6580622807193994,0.7538228297949696,0.5529837406859252,0.18705305818939777,0.011585732380293846,0.013881445455064086,-0.0018422417115073753,
acs_pubcov_ca2sd,whyshift,catb,4,gbdt,cpu,180.9,ood,0.8106591865357644,0.7164446167159444,0.8206413307372419,0.4461944333778161,0.1404867571264832,0.13568461123892916,0.13553482935774766,,-0.09485918653576442
acs_pubcov_ca2sd,whyshift,lgbm,0,gbdt,cpu,253.1,id,0.7152,0.6648948247534165,0.745649948933446,0.5566498884946405,0.18859364883792393,0.03734801330088512,0.03512486567309601,0.0006826517482482197,
acs_pubcov_ca2sd,whyshift,lgbm,0,gbdt,cpu,253.1,ood,0.7973352033660589,0.7124588351241556,0.8044439286315233,0.44525791927342334,0.1427030278022406,0.12208079197659742,0.12167490935283666,,-0.08213520336605895
acs_pubcov_ca2sd,whyshift,lgbm,1,gbdt,cpu,177.5,id,0.718,0.6630669546436285,0.7516702769559883,0.5544119667020645,0.1870883602439681,0.011510566528961532,0.013494898840167493,0.0006697864608540272,
acs_pubcov_ca2sd,whyshift,lgbm,1,gbdt,cpu,177.5,ood,0.8124123422159888,0.7313976827480109,0.8241760264176342,0.4431138821119547,0.13931521429255514,0.13972483038825928,0.1394610381075704,,-0.09441234221598882
acs_pubcov_ca2sd,whyshift,lgbm,2,gbdt,cpu,228.5,id,0.7201,0.662094643686332,0.7604267086892635,0.5472056357353876,0.1845497955466232,0.0157321461267568,0.017003061013239482,-0.010804383933219586,
acs_pubcov_ca2sd,whyshift,lgbm,2,gbdt,cpu,228.5,ood,0.8096072931276297,0.7050807071945386,0.8080732734790029,0.44932267388502567,0.14171890225777814,0.13166412338876107,0.1308351065286049,,-0.08950729312762973
acs_pubcov_ca2sd,whyshift,lgbm,3,gbdt,cpu,224.9,id,0.717,0.6684894159495447,0.7522831915268903,0.5536928570627125,0.18697594455491487,0.026506634874162473,0.023576920048206884,-0.003153911937627929,
acs_pubcov_ca2sd,whyshift,lgbm,3,gbdt,cpu,224.9,ood,0.7945301542776999,0.7018791615586164,0.7997738185380159,0.4457962061604864,0.14309406168151173,0.11815859990872149,0.11786960587782248,,-0.07753015427769994
acs_pubcov_ca2sd,whyshift,lgbm,4,gbdt,cpu,232.7,id,0.7142,0.6579132731571696,0.7506281144940112,0.5559678344531072,0.18795777445066375,0.014481943559545775,0.01431671144416638,-0.003044587416657696,
acs_pubcov_ca2sd,whyshift,lgbm,4,gbdt,cpu,232.7,ood,0.7973352033660589,0.6960920410567053,0.8135343801831687,0.4504748298592235,0.14271219707067345,0.13449179921890259,0.13404648304665953,,-0.08313520336605895
acs_pubcov_ca2sd,whyshift,logreg,0,linear,cpu,1.1,id,0.6901,0.6077108444870862,0.6861078198578774,0.5967381841719078,0.20439229236356332,0.014517591863084305,0.018441489968865445,,
acs_pubcov_ca2sd,whyshift,logreg,0,linear,cpu,1.1,ood,0.8071528751753155,0.650657436119324,0.7559249627412803,0.4852043052631778,0.1537436665308963,0.13263580242103054,0.1325224215135176,,-0.11705287517531549
acs_pubcov_ca2sd,whyshift,logreg,1,linear,cpu,1.1,id,0.6878,0.6112966235890456,0.6850752543354347,0.6007515143202177,0.20613759865507977,0.01777991711445021,0.015691230522551437,,
acs_pubcov_ca2sd,whyshift,logreg,1,linear,cpu,1.1,ood,0.8032959326788219,0.6576704886901757,0.7689565004447008,0.4875323358373975,0.15495591887712676,0.14262297930736323,0.14259250140303437,,-0.11549593267882197
acs_pubcov_ca2sd,whyshift,logreg,2,linear,cpu,1.1,id,0.6812,0.602484725175111,0.6836903360266082,0.6025413350266356,0.20698465866844354,0.022810240653480522,0.020938664166839458,,
acs_pubcov_ca2sd,whyshift,logreg,2,linear,cpu,1.1,ood,0.8092566619915849,0.6639428739693758,0.7619194099901445,0.4927492716712301,0.15684783935200652,0.14665480827292554,0.14654164379054144,,-0.12805666199158483
acs_pubcov_ca2sd,whyshift,logreg,3,linear,cpu,1.1,id,0.6824,0.6038586051912316,0.6788898316976612,0.604462954128451,0.20765270506454145,0.017503873077181334,0.018305189098566713,,
acs_pubcov_ca2sd,whyshift,logreg,3,linear,cpu,1.1,ood,0.8050490883590463,0.6575157448138266,0.7581912844643157,0.4909124059618397,0.1561724983590755,0.14265239439229188,0.14261379031154833,,-0.12264908835904631
acs_pubcov_ca2sd,whyshift,logreg,4,linear,cpu,1.1,id,0.6853,0.6078344110436598,0.6897076816708185,0.6007493760712241,0.2061543437853109,0.018837188998958893,0.019081632857859167,,
acs_pubcov_ca2sd,whyshift,logreg,4,linear,cpu,1.1,ood,0.8082047685834503,0.6494315040503834,0.7624189472608831,0.48388789268216126,0.1531967055513329,0.13647905780015263,0.13520197445251295,,-0.12290476858345023
acs_pubcov_ca2sd,whyshift,mlp,0,mlp,cpu,7.1,id,0.7009,0.6577596521660861,0.7265699277924499,0.5983399616587217,0.20040152075050738,0.06571691959016025,0.0646445261563921,,
acs_pubcov_ca2sd,whyshift,mlp,0,mlp,cpu,7.1,ood,0.7836605890603086,0.7038457609192086,0.7814374203745102,0.4813756869113976,0.15444459755428738,0.13122771793733473,0.12160775655436143,,-0.08276058906030859
acs_pubcov_ca2sd,whyshift,mlp,1,mlp,cpu,4.6,id,0.7058,0.6508774469579918,0.73423876725186,0.5747282657869617,0.1950465464545209,0.03572174451351167,0.034932101312261876,,
acs_pubcov_ca2sd,whyshift,mlp,1,mlp,cpu,4.6,ood,0.7959326788218793,0.6964676329895916,0.789555840003846,0.46028599763485484,0.14782958697597967,0.11979678172623374,0.11950249948448217,,-0.09013267882187936
acs_pubcov_ca2sd,whyshift,mlp,2,mlp,cpu,3.8,id,0.7089,0.6537243501272131,0.7385701572656694,0.5678871961251541,0.192948691614292,0.025827629962936045,0.024496110324782383,,
acs_pubcov_ca2sd,whyshift,mlp,2,mlp,cpu,3.8,ood,0.7629733520336606,0.7241788057979375,0.7954913193192471,0.5197741261193946,0.16984958285325213,0.19330350378577874,0.1931818008432008,,-0.05407335203366059
acs_pubcov_ca2sd,whyshift,mlp,3,mlp,cpu,4.0,id,0.7067,0.654696588344689,0.7306274420350107,0.5763483716844209,0.19557000887903705,0.029049436863511798,0.02949090074230084,,
acs_pubcov_ca2sd,whyshift,mlp,3,mlp,cpu,4.0,ood,0.7931276297335204,0.6909238960601909,0.776869095694815,0.4737690211277161,0.1514765508982789,0.12315633768923738,0.12167309149539854,,-0.08642762973352036
acs_pubcov_ca2sd,whyshift,mlp,4,mlp,cpu,2.9,id,0.6995,0.6341796655371732,0.710515633216583,0.5863357217463713,0.2006629084756792,0.022860557764023553,0.022491276298529324,,
acs_pubcov_ca2sd,whyshift,mlp,4,mlp,cpu,2.9,ood,0.5266479663394109,0.6344994711665585,0.7433253557606788,0.7524814779685399,0.27190791710446843,0.359715724131419,0.35968537481001944,,0.1728520336605891
acs_pubcov_ca2sd,whyshift,tabicl,0,tfm,cuda,15.3,id,0.7252,0.6601380142347129,0.7607411338403263,0.5439467170388328,0.18307084692892694,0.02274004896134138,0.022380843518934688,,
acs_pubcov_ca2sd,whyshift,tabicl,0,tfm,cuda,15.3,ood,0.8141654978962132,0.7117286844066248,0.8185684388596428,0.4196193953822357,0.1325696467771447,0.09847222200658846,0.0981111894073244,,-0.08896549789621322
acs_pubcov_ca2sd,whyshift,tabicl,1,tfm,cuda,15.3,id,0.7164,0.6736890781901361,0.7516866360348098,0.5567739816079504,0.18792897727490893,0.03374780678525567,0.03241108516678987,,
acs_pubcov_ca2sd,whyshift,tabicl,1,tfm,cuda,15.3,ood,0.7896213183730715,0.7308913848224803,0.8143869738708204,0.45407209330698106,0.14587521030153033,0.14262326096731853,0.1409003348401923,,-0.07322131837307144
acs_pubcov_ca2sd,whyshift,tabicl,2,tfm,cuda,15.2,id,0.7183,0.6640408770413474,0.7625984802623356,0.5429794157447815,0.18352302370264734,0.017686027958244078,0.017538159987505873,,
acs_pubcov_ca2sd,whyshift,tabicl,2,tfm,cuda,15.2,ood,0.8162692847124825,0.7143127569048822,0.8178705890483402,0.4307400950450054,0.1359339355040558,0.11749441372060841,0.11615126196064282,,-0.09796928471248245
acs_pubcov_ca2sd,whyshift,tabicl,3,tfm,cuda,15.3,id,0.7192,0.67034220085648,0.7567050120032767,0.5514167254332473,0.18621738787035133,0.02624407336376607,0.02579783093177237,,
acs_pubcov_ca2sd,whyshift,tabicl,3,tfm,cuda,15.3,ood,0.7973352033660589,0.6979805172952573,0.8073540149275258,0.4329276055868535,0.13833432440778012,0.10651579637702184,0.10577422201232392,,-0.07813520336605895
acs_pubcov_ca2sd,whyshift,tabicl,4,tfm,cuda,15.3,id,0.7091,0.6606140512380162,0.7463296584540822,0.5611000224210599,0.1902662572867455,0.03631691391021013,0.035336824479314355,,
acs_pubcov_ca2sd,whyshift,tabicl,4,tfm,cuda,15.3,ood,0.7945301542776999,0.7132100189899281,0.8087985415014063,0.44985969350219046,0.14381853904776318,0.12612847752639236,0.12584959852150254,,-0.08543015427769995
acs_pubcov_ca2sd,whyshift,tabpfn25,0,tfm,cuda,14.0,id,0.7287,0.6719292333788809,0.7614013472655671,0.5425648509714562,0.1826257518268552,0.024282055154442782,0.020431647816470715,,
acs_pubcov_ca2sd,whyshift,tabpfn25,0,tfm,cuda,14.0,ood,0.8085553997194951,0.7295978462056201,0.8230676546236868,0.42932912929251094,0.13609595569915733,0.11927521310558577,0.11894193788826198,,-0.07985539971949507
acs_pubcov_ca2sd,whyshift,tabpfn25,1,tfm,cuda,14.0,id,0.7203,0.6698951440936822,0.7555480004102849,0.5521863737034387,0.18623077097484655,0.02402639077454805,0.022751948253894,,
acs_pubcov_ca2sd,whyshift,tabpfn25,1,tfm,cuda,14.0,ood,0.8022440392706872,0.7356944544602293,0.8275860255763081,0.43914443455371444,0.13950546893607466,0.1336628643895119,0.13323016208423066,,-0.08194403927068716
acs_pubcov_ca2sd,whyshift,tabpfn25,2,tfm,cuda,14.1,id,0.7215,0.6656213193564913,0.7643523705711446,0.5425725885470597,0.183227939053358,0.018171586977317914,0.01756471944826197,,
acs_pubcov_ca2sd,whyshift,tabpfn25,2,tfm,cuda,14.1,ood,0.8134642356241234,0.7333192110766569,0.8247375363572992,0.4304407942386126,0.13583004366614923,0.12213819533675324,0.1218871664029871,,-0.09196423562412337
acs_pubcov_ca2sd,whyshift,tabpfn25,3,tfm,cuda,14.0,id,0.7228,0.670674658208153,0.7602576497141388,0.5469202172561402,0.1843269203690475,0.019653974052518605,0.0190629208068882,,
acs_pubcov_ca2sd,whyshift,tabpfn25,3,tfm,cuda,14.0,ood,0.7955820476858345,0.7138725631595394,0.8196685476310667,0.43415938436496565,0.13823845456647435,0.11821257578258679,0.11793487147808897,,-0.07278204768583452
acs_pubcov_ca2sd,whyshift,tabpfn25,4,tfm,cuda,13.9,id,0.7203,0.6664425574139291,0.7566150666589964,0.551538720818701,0.1861368613026476,0.024744630437344317,0.02331255910309783,,
acs_pubcov_ca2sd,whyshift,tabpfn25,4,tfm,cuda,13.9,ood,0.8068022440392707,0.7259756376048653,0.8228118765173913,0.43716742158088745,0.13859231097467184,0.12246861672198703,0.12224381874651782,,-0.08650224403927065
acs_pubcov_ca2sd,whyshift,tabpfn2,0,tfm,cuda,15.4,id,0.726,0.6615887906938154,0.7594786689430484,0.5437530504148279,0.18308220299020797,0.016647104810178275,0.015812838616971744,,
acs_pubcov_ca2sd,whyshift,tabpfn2,0,tfm,cuda,15.4,ood,0.8173211781206171,0.7218997139491838,0.8218409713708804,0.43087692782667414,0.13534284321957163,0.12034838839707084,0.11944764353918992,,-0.09132117812061713
acs_pubcov_ca2sd,whyshift,tabpfn2,1,tfm,cuda,15.3,id,0.7219,0.6636077690658952,0.7514154140858058,0.5543305152211708,0.18727375072326044,0.011562200289964677,0.012407067822186138,,
acs_pubcov_ca2sd,whyshift,tabpfn2,1,tfm,cuda,15.3,ood,0.8096072931276297,0.7271129299776448,0.8180606385663807,0.4489524590004433,0.14147896257242282,0.1394912445915113,0.13932452765454909,,-0.0877072931276297
acs_pubcov_ca2sd,whyshift,tabpfn2,2,tfm,cuda,15.3,id,0.72,0.6613970512295118,0.7614982728848394,0.5450477406547483,0.18408760411874645,0.011668874948844317,0.01450665056148037,,
acs_pubcov_ca2sd,whyshift,tabpfn2,2,tfm,cuda,15.3,ood,0.8201262272089762,0.7280729429581019,0.8216986220283167,0.4460371548296467,0.14003474798439008,0.13964262905140076,0.1394846751750761,,-0.10012622720897624
acs_pubcov_ca2sd,whyshift,tabpfn2,3,tfm,cuda,15.3,id,0.7197,0.6628001394720124,0.7561161760726149,0.5493604507065427,0.18538955243086183,0.015745269767567516,0.01378520416058191,,
acs_pubcov_ca2sd,whyshift,tabpfn2,3,tfm,cuda,15.3,ood,0.7976858345021038,0.7101617148626235,0.8152609762986467,0.44619835550146153,0.1414863975433475,0.13155053378844328,0.13133174051164195,,-0.07798583450210383
acs_pubcov_ca2sd,whyshift,tabpfn2,4,tfm,cuda,15.3,id,0.7168,0.6564415191869765,0.7540421130647516,0.5518386737408024,0.18662003001425143,0.015762849313020702,0.017015226633175472,,
acs_pubcov_ca2sd,whyshift,tabpfn2,4,tfm,cuda,15.3,ood,0.8050490883590463,0.713540539890868,0.8240779969231509,0.4436060530528569,0.1398441415885573,0.13360627194106325,0.13345806859274853,,-0.08824908835904632
acs_pubcov_ca2sd,whyshift,xgb,0,gbdt,cpu,72.7,id,0.7241,0.662853566294891,0.7589502736110846,0.5440916298434664,0.18331628721689708,0.011671281234920023,0.013148346316037174,-0.005316519939047359,
acs_pubcov_ca2sd,whyshift,xgb,0,gbdt,cpu,72.7,ood,0.8194249649368864,0.7276312468450277,0.8194142718925027,0.4360210718489396,0.13716222943003947,0.12773283466769889,0.12693942486665685,,-0.09532496493688647
acs_pubcov_ca2sd,whyshift,xgb,1,gbdt,cpu,60.2,id,0.7168,0.656556598724961,0.7497290353366394,0.5568432726753226,0.187899372467283,0.011848203672468674,0.016529661976535114,0.003548917213716085,
acs_pubcov_ca2sd,whyshift,xgb,1,gbdt,cpu,60.2,ood,0.8215287517531557,0.7333627797408716,0.8215021874474171,0.44638286808220784,0.13991682641506756,0.14117995629721902,0.13958654465129722,,-0.10472875175315566
acs_pubcov_ca2sd,whyshift,xgb,2,gbdt,cpu,57.4,id,0.7201,0.658272174557305,0.7591823835928418,0.5489713341908432,0.185344220928678,0.01885660758912564,0.01807130601568705,-0.006876450774836673,
acs_pubcov_ca2sd,whyshift,xgb,2,gbdt,cpu,57.4,ood,0.8211781206171108,0.7161456455373669,0.8130280822576381,0.4498739454173679,0.14107210959932276,0.13902000344892626,0.13845589890765309,,-0.10107812061711086
acs_pubcov_ca2sd,whyshift,xgb,3,gbdt,cpu,60.7,id,0.7218,0.6646310000946252,0.7545085816898619,0.5509120312299997,0.18575974723155014,0.012757860665023324,0.012936643357112065,-0.0033051765704800173,
acs_pubcov_ca2sd,whyshift,xgb,3,gbdt,cpu,60.7,ood,0.8046984572230014,0.6963234056873633,0.810205133290065,0.44575139460754154,0.14082974648102475,0.12898664367169685,0.1276218805575073,,-0.08289845722300138
acs_pubcov_ca2sd,whyshift,xgb,4,gbdt,cpu,77.9,id,0.7152,0.653335209060514,0.7525838761176155,0.5542323657665754,0.18741913152840153,0.013961146447807556,0.015159307262057359,-0.0006739345158413013,
acs_pubcov_ca2sd,whyshift,xgb,4,gbdt,cpu,77.9,ood,0.8096072931276297,0.7075986755126079,0.8208137274344365,0.449580907794112,0.14128195360090612,0.13883862595059512,0.1383412298745655,,-0.09440729312762974
cc18_1053,openml_cc18,catb,0,gbdt,cpu,207.5,id,0.8110838946723821,0.5695932210720568,0.732332124698442,0.43904491934399403,0.13877124676812816,0.022772657605775428,0.022290385469034276,0.008887704004724883,
cc18_1053,openml_cc18,catb,1,gbdt,cpu,225.8,id,0.8141457440293938,0.5714914746787386,0.7316118696116028,0.4382440627337119,0.13867462821885676,0.016972549842321764,0.020345758920391414,0.00907560382108863,
cc18_1053,openml_cc18,catb,2,gbdt,cpu,194.9,id,0.8098591549295775,0.5658273502301934,0.7335212364118682,0.4377318131112993,0.13841929275571152,0.019612083917445507,0.02191956541225727,0.009185965031478893,
cc18_1053,openml_cc18,catb,3,gbdt,cpu,201.0,id,0.8120024494794856,0.5749732081927664,0.7309321626635141,0.439864701017308,0.1389105717558112,0.02384030110047959,0.024413781265170187,0.012766609156043496,
cc18_1053,openml_cc18,catb,4,gbdt,cpu,219.7,id,0.8110838946723821,0.5732011043510856,0.7359006612650538,0.4379565024756455,0.13784639744081734,0.03315198596942884,0.026887643614090777,0.0071376777786053,
cc18_1053,openml_cc18,lgbm,0,gbdt,cpu,271.7,id,0.8116962645437844,0.565763674634526,0.7348824524475458,0.434172496704504,0.13742304221988594,0.021577924369006025,0.018180598372832268,0.002489913791562548,
cc18_1053,openml_cc18,lgbm,1,gbdt,cpu,196.8,id,0.8074096754439681,0.5709232000230674,0.733616749805369,0.4360543988854826,0.13791075059612112,0.02678571670540537,0.02228424223416481,0.007216344908197225,
cc18_1053,openml_cc18,lgbm,2,gbdt,cpu,234.5,id,0.8101653398652786,0.5678211172303759,0.7377766884845689,0.4344121976160737,0.1376010001078601,0.019818146177446924,0.019305668947968813,0.002944299389989302,
cc18_1053,openml_cc18,lgbm,3,gbdt,cpu,215.9,id,0.8092467850581752,0.5522187941524177,0.731127094086099,0.436154745246787,0.13788410825234537,0.015751110529612204,0.01822102314896311,0.008157389917596514,
cc18_1053,openml_cc18,lgbm,4,gbdt,cpu,203.5,id,0.812614819350888,0.5543068731197678,0.7367071186913103,0.43385907827047926,0.13716112314281118,0.01670240418372148,0.016082473829578833,0.00461683445054295,
cc18_1053,openml_cc18,logreg,0,linear,cpu,1.1,id,0.8092467850581752,0.5431990859548456,0.7025298434301201,0.4508859906747822,0.14181061883515017,0.018818199365624417,0.02043591658190365,,
cc18_1053,openml_cc18,logreg,1,linear,cpu,1.1,id,0.8092467850581752,0.5431990859548456,0.7025298434301201,0.4508859906747822,0.14181061883515017,0.018818199365624417,0.02043591658190365,,
cc18_1053,openml_cc18,logreg,2,linear,cpu,1.1,id,0.8092467850581752,0.5431990859548456,0.7025298434301201,0.4508859906747822,0.14181061883515017,0.018818199365624417,0.02043591658190365,,
cc18_1053,openml_cc18,logreg,3,linear,cpu,1.1,id,0.8092467850581752,0.5431990859548456,0.7025298434301201,0.4508859906747822,0.14181061883515017,0.018818199365624417,0.02043591658190365,,
cc18_1053,openml_cc18,logreg,4,linear,cpu,1.1,id,0.8092467850581752,0.5431990859548456,0.7025298434301201,0.4508859906747822,0.14181061883515017,0.018818199365624417,0.02043591658190365,,
cc18_1053,openml_cc18,mlp,0,mlp,cpu,3.2,id,0.8123086344151867,0.5565223032784522,0.7118880534971119,0.4494439309937365,0.14074948395885808,0.03377900488414578,0.03280575841413029,,
cc18_1053,openml_cc18,mlp,1,mlp,cpu,4.5,id,0.8135333741579914,0.5723144517170785,0.7184475409205809,0.44599547683590773,0.13979512876786865,0.029637923889633204,0.029336160307960244,,
cc18_1053,openml_cc18,mlp,2,mlp,cpu,2.6,id,0.8120024494794856,0.5695613832742231,0.7079981353863307,0.45027695924650024,0.14162286351574613,0.02164826447923199,0.022557535345047605,,
cc18_1053,openml_cc18,mlp,3,mlp,cpu,4.2,id,0.812614819350888,0.5753528589141028,0.7176119489057409,0.44922359746452395,0.14036382810794876,0.028959864809817142,0.02869702160523527,,
cc18_1053,openml_cc18,mlp,4,mlp,cpu,3.0,id,0.8080220453153705,0.5815251867016522,0.7122019261266976,0.46071634046459087,0.14465232131106878,0.03793372249199946,0.035366463477705896,,
cc18_1053,openml_cc18,tabicl,0,tfm,cuda,7.2,id,0.823943661971831,0.591997419336236,0.7625798347798507,0.41904791790021745,0.13150437268871762,0.025869620590945802,0.024596545494376017,,
cc18_1053,openml_cc18,tabicl,1,tfm,cuda,7.2,id,0.8214941824862216,0.5778512249742895,0.7515189032419288,0.43068290419308924,0.1341043252743057,0.038978061497904955,0.0370926466355839,,
cc18_1053,openml_cc18,tabicl,2,tfm,cuda,7.1,id,0.8211879975505205,0.5993086992877945,0.7644492541545321,0.41852294884653374,0.1315419036607632,0.032983730666325706,0.02862160749937604,,
cc18_1053,openml_cc18,tabicl,3,tfm,cuda,7.2,id,0.8227189222290263,0.5840223513355055,0.7637686461366935,0.42044586955144314,0.1317347026372591,0.03328630010969823,0.03094333198869029,,
cc18_1053,openml_cc18,tabicl,4,tfm,cuda,7.2,id,0.8260869565217391,0.5981367078996185,0.7650361509183703,0.4179465404102832,0.130930670802886,0.02581873562914677,0.025694277894588148,,
cc18_1053,openml_cc18,tabpfn25,0,tfm,cuda,6.4,id,0.8199632578077158,0.578706039810463,0.7434801596455313,0.43159163642932014,0.13513465241617562,0.03057789886957725,0.02873267682876801,,
cc18_1053,openml_cc18,tabpfn25,1,tfm,cuda,6.5,id,0.8202694427434171,0.5788958651711311,0.7428331915650259,0.43234943036522927,0.13564439932039143,0.03019579276282839,0.028474717934750236,,
cc18_1053,openml_cc18,tabpfn25,2,tfm,cuda,6.5,id,0.8178199632578077,0.5749720067664331,0.7427022360946917,0.43219495633000066,0.13550682903514152,0.02885527067018739,0.027737013384796977,,
cc18_1053,openml_cc18,tabpfn25,3,tfm,cuda,6.5,id,0.816595223515003,0.5754153330834366,0.7451570504502946,0.4311053933499094,0.1351799758306434,0.0317387726598186,0.02891117374555043,,
cc18_1053,openml_cc18,tabpfn25,4,tfm,cuda,6.4,id,0.8187385180649112,0.5737375412089232,0.7430902968003613,0.4321024910126181,0.13559116155459816,0.031860991942867935,0.029252469239627845,,
cc18_1053,openml_cc18,tabpfn2,0,tfm,cuda,7.1,id,0.8159828536436007,0.5672186019242045,0.723547896062205,0.44245606078795013,0.13952570071761047,0.028457082662017377,0.029255161443141973,,
cc18_1053,openml_cc18,tabpfn2,1,tfm,cuda,7.1,id,0.8153704837721985,0.5686428928423825,0.7236163773632056,0.443142964609177,0.13974836505132854,0.034873526363159636,0.03253894452667852,,
cc18_1053,openml_cc18,tabpfn2,2,tfm,cuda,7.1,id,0.8150642988364972,0.5612373009236566,0.7257065588266389,0.44220389273308514,0.13939327972247048,0.03360807865091577,0.030402736399452332,,
cc18_1053,openml_cc18,tabpfn2,3,tfm,cuda,7.1,id,0.8141457440293938,0.5630730803610046,0.7235878434877887,0.4428784388876833,0.13967470418953376,0.030692330095631822,0.030262586497898987,,
cc18_1053,openml_cc18,tabpfn2,4,tfm,cuda,7.2,id,0.8135333741579914,0.5596868602404774,0.7255038181328874,0.44120632513351665,0.13943850089451132,0.030647856816968813,0.028484990479407966,,
cc18_1053,openml_cc18,xgb,0,gbdt,cpu,89.7,id,0.812614819350888,0.5567121286391203,0.7319518732639388,0.4364685114738003,0.1382445921233134,0.012936876446866438,0.01659847861946589,0.00674095147881687,
cc18_1053,openml_cc18,xgb,1,gbdt,cpu,100.2,id,0.8135333741579914,0.5681052545582115,0.7409850975077612,0.4320510042990907,0.1367895289676644,0.013831782289903291,0.01850241752416336,0.004755654856459457,
cc18_1053,openml_cc18,xgb,2,gbdt,cpu,81.5,id,0.8086344151867728,0.5614601655084916,0.7402891713041724,0.43328188582726695,0.13741678097102733,0.016794926549073608,0.020052460379647762,0.0055018872739237,
cc18_1053,openml_cc18,xgb,3,gbdt,cpu,120.3,id,0.8101653398652786,0.5714290005094048,0.7351518723027979,0.43801167912598477,0.138796783481382,0.02726793231925056,0.025358016424899113,0.014070607771846266,
cc18_1053,openml_cc18,xgb,4,gbdt,cpu,97.0,id,0.8092467850581752,0.56123850234999,0.7319611843180224,0.43734486794398486,0.13871894475460148,0.015983845556094396,0.018974591906659538,0.006640334774701329,
cc18_1067,openml_cc18,catb,0,gbdt,cpu,108.3,id,0.8625592417061612,0.601964524127408,0.8393572382223917,0.32932568628845227,0.1005077409344317,0.044575200377073784,0.03670482141459161,-0.013083335709769828,
cc18_1067,openml_cc18,catb,1,gbdt,cpu,136.8,id,0.8625592417061612,0.5936296013732596,0.823526606904444,0.340226440405542,0.10415256930187837,0.05125903508134626,0.032844722469331414,-0.005824150786723825,
cc18_1067,openml_cc18,catb,2,gbdt,cpu,93.5,id,0.8657187993680885,0.5871638374976159,0.8232595842075148,0.3412653292124677,0.10537520056970105,0.039567230876017184,0.032679006456163937,-0.0028996043137072824,
cc18_1067,openml_cc18,catb,3,gbdt,cpu,110.4,id,0.8609794628751974,0.5926950219340072,0.8279706275033378,0.3383694513161365,0.1037856663031349,0.05668630377076513,0.034363954513948455,-0.00546004347838186,
cc18_1067,openml_cc18,catb,4,gbdt,cpu,123.7,id,0.8641390205371248,0.5945641808125119,0.8267880984169368,0.33855392821169383,0.10385441553916867,0.0461280505027605,0.033422054631563045,-0.008261915251849772,
cc18_1067,openml_cc18,lgbm,0,gbdt,cpu,68.3,id,0.8609794628751974,0.5968624833110814,0.8226969292389854,0.33820475081655454,0.10385488994991822,0.04175766798888126,0.03077365342963588,-0.014928060210943783,
cc18_1067,openml_cc18,lgbm,1,gbdt,cpu,41.6,id,0.8609794628751974,0.5926950219340072,0.8261968338737364,0.3365707137670225,0.10335449876342331,0.04252596011005529,0.028516664678119474,-0.022501128095847256,
cc18_1067,openml_cc18,lgbm,2,gbdt,cpu,57.8,id,0.8578199052132701,0.5866584016784284,0.8283902345985124,0.3309287295954733,0.10106171046259278,0.03956784837041069,0.029231291121968362,-0.02305850245451546,
cc18_1067,openml_cc18,lgbm,3,gbdt,cpu,45.6,id,0.8562401263823065,0.5773888994850277,0.8237650200267022,0.33743705405315505,0.10426381417698406,0.042212542509025695,0.03492492656223884,-0.015316283125116292,
cc18_1067,openml_cc18,lgbm,4,gbdt,cpu,55.0,id,0.8609794628751974,0.5968624833110814,0.8241750905969865,0.336703860473256,0.10349103559331578,0.038370347186518175,0.02704883678221926,-0.017899800633798035,
cc18_1067,openml_cc18,logreg,0,linear,cpu,1.1,id,0.8530805687203792,0.5671848178523746,0.8057409879839786,0.348636975075234,0.10736049561626597,0.03615502160932213,0.028657610259340594,,
cc18_1067,openml_cc18,logreg,1,linear,cpu,1.0,id,0.8530805687203792,0.5671848178523746,0.8057409879839786,0.348636975075234,0.10736049561626597,0.03615502160932213,0.028657610259340594,,
cc18_1067,openml_cc18,logreg,2,linear,cpu,1.1,id,0.8530805687203792,0.5671848178523746,0.8057409879839786,0.348636975075234,0.10736049561626597,0.03615502160932213,0.028657610259340594,,
cc18_1067,openml_cc18,logreg,3,linear,cpu,1.0,id,0.8530805687203792,0.5671848178523746,0.8057409879839786,0.348636975075234,0.10736049561626597,0.03615502160932213,0.028657610259340594,,
cc18_1067,openml_cc18,logreg,4,linear,cpu,1.0,id,0.8530805687203792,0.5671848178523746,0.8057409879839786,0.348636975075234,0.10736049561626597,0.03615502160932213,0.028657610259340594,,
cc18_1067,openml_cc18,mlp,0,mlp,cpu,1.5,id,0.8546603475513428,0.568119397291627,0.8040625596032807,0.34572143519136805,0.10709259726984266,0.025819649428458755,0.0239347473939873,,
cc18_1067,openml_cc18,mlp,1,mlp,cpu,1.4,id,0.8515007898894155,0.5579153156589739,0.7987221056646958,0.3547218759104013,0.10914162873679832,0.03300527357282985,0.026108685568344926,,
cc18_1067,openml_cc18,mlp,2,mlp,cpu,1.3,id,0.8499210110584519,0.5528132748426473,0.7921800495899294,0.3702351969760678,0.11067597885080563,0.05319094739407066,0.03910822092253699,,
cc18_1067,openml_cc18,mlp,3,mlp,cpu,1.5,id,0.8530805687203792,0.5796872019835972,0.8025748617203889,0.35030617503913486,0.10762041363185178,0.036930756263823306,0.02881139073502843,,
cc18_1067,openml_cc18,mlp,4,mlp,cpu,1.3,id,0.8546603475513428,0.5639519359145527,0.7928857524318138,0.36868500059577675,0.11262735827804257,0.05009003117751171,0.042215695430578,,
cc18_1067,openml_cc18,tabicl,0,tfm,cuda,5.2,id,0.8704581358609794,0.6316421895861148,0.8553881365630364,0.30767595708539547,0.09058759330060312,0.04111412392361281,0.032579469353306564,,
cc18_1067,openml_cc18,tabicl,1,tfm,cuda,5.2,id,0.8657187993680885,0.6163360671371352,0.8621781422849515,0.3052674241943692,0.09059952590669564,0.04042829777957139,0.03608267187163686,,
cc18_1067,openml_cc18,tabicl,2,tfm,cuda,5.2,id,0.8688783570300158,0.6307076101468625,0.8629410642761778,0.30573198011810904,0.09070510559531426,0.04449292099894882,0.03478593454884228,,
cc18_1067,openml_cc18,tabicl,3,tfm,cuda,5.1,id,0.8688783570300158,0.6182052260156399,0.8621304596604997,0.3059149752484104,0.09081676493509865,0.041482882594798605,0.037002034044934254,,
cc18_1067,openml_cc18,tabicl,4,tfm,cuda,5.1,id,0.8704581358609794,0.6233072668319665,0.863122258249094,0.30619973091402364,0.09095682889279641,0.042827761003756404,0.03399193151392831,,
cc18_1067,openml_cc18,tabpfn25,0,tfm,cuda,4.7,id,0.8609794628751974,0.5843600991798589,0.8452126645050544,0.3210091232563316,0.09848147886456221,0.027841108063998005,0.027990729039500586,,
cc18_1067,openml_cc18,tabpfn25,1,tfm,cuda,4.7,id,0.8625592417061612,0.601964524127408,0.8469578485599848,0.3199446161756889,0.09819239551828869,0.03017195703176337,0.03049534865081693,,
cc18_1067,openml_cc18,tabpfn25,2,tfm,cuda,4.9,id,0.8609794628751974,0.5968624833110814,0.8486934960900249,0.31855361603490706,0.09768170305574524,0.035979643899588416,0.02759049355928228,,
cc18_1067,openml_cc18,tabpfn25,3,tfm,cuda,4.7,id,0.8578199052132701,0.57832347892428,0.8454224680526417,0.3217742253405727,0.09881462538163224,0.026941937337060108,0.030498780055879627,,
cc18_1067,openml_cc18,tabpfn25,4,tfm,cuda,4.7,id,0.8609794628751974,0.5968624833110814,0.8474156017547205,0.31987196202713786,0.09840468776736067,0.032187009159634454,0.02909163492717842,,
cc18_1067,openml_cc18,tabpfn2,0,tfm,cuda,4.6,id,0.8593996840442338,0.5875929811176808,0.8407877169559412,0.32660312437189715,0.10009645188319853,0.0395947720879015,0.0309470792305641,,
cc18_1067,openml_cc18,tabpfn2,1,tfm,cuda,4.7,id,0.8562401263823065,0.5815563608621018,0.8391092885752433,0.3297066719995464,0.10131583139826092,0.03956774985903247,0.03414507837084549,,
cc18_1067,openml_cc18,tabpfn2,2,tfm,cuda,4.7,id,0.8546603475513428,0.5806217814228495,0.844335304215144,0.32668717352942717,0.10048391046813013,0.0413686602389643,0.037016225858503816,,
cc18_1067,openml_cc18,tabpfn2,3,tfm,cuda,4.7,id,0.8578199052132701,0.5866584016784284,0.8491417127598703,0.32082982216198136,0.0983312045443952,0.04823524912151304,0.03789778242239104,,
cc18_1067,openml_cc18,tabpfn2,4,tfm,cuda,4.7,id,0.8546603475513428,0.5764543200457753,0.8476635514018691,0.32358333335075673,0.09953587473768025,0.04491443524805102,0.03767521087451098,,
cc18_1067,openml_cc18,xgb,0,gbdt,cpu,53.6,id,0.8625592417061612,0.5769597558649628,0.8154300972725539,0.3486174424992183,0.10720002009940127,0.031914756808424066,0.03206469377023456,-0.006033177697658765,
cc18_1067,openml_cc18,xgb,1,gbdt,cpu,58.0,id,0.8593996840442338,0.5750905969864581,0.8237364104520313,0.34336217124136287,0.10675676785057524,0.029324895862672375,0.03201243095599622,-0.007388662007916158,
cc18_1067,openml_cc18,xgb,2,gbdt,cpu,49.1,id,0.8546603475513428,0.5764543200457753,0.8371066183482738,0.33243063391036376,0.10228725043013037,0.0380475309958437,0.03680281822030199,-0.015637885928521555,
cc18_1067,openml_cc18,xgb,3,gbdt,cpu,59.6,id,0.8625592417061612,0.5852946786191112,0.8262540530230784,0.33878230643917717,0.10500234182154229,0.04041473758164176,0.03560021554891126,-0.009340363860944556,
cc18_1067,openml_cc18,xgb,4,gbdt,cpu,56.6,id,0.8578199052132701,0.57832347892428,0.8220293724966623,0.3430006214830578,0.10664984115700189,0.03658186367714386,0.03209992782564876,-0.009751107598440778,
cc18_1068,openml_cc18,catb,0,gbdt,cpu,99.1,id,0.933933933933934,0.6223702664796634,0.8780504908835904,0.17371700708062793,0.0475189479455223,0.027430062222351653,0.02354646719834698,-0.02495165679887082,
cc18_1068,openml_cc18,catb,1,gbdt,cpu,144.2,id,0.93993993993994,0.6457223001402524,0.8808555399719495,0.17277541177866432,0.04740763574740702,0.020096404907506138,0.019802782700210877,-0.020253470602632606,
cc18_1068,openml_cc18,catb,2,gbdt,cpu,90.8,id,0.93993993993994,0.6457223001402524,0.8694950911640953,0.17661469630556503,0.04784801199540789,0.020656220423351752,0.022345853070057133,-0.007527862607488084,
cc18_1068,openml_cc18,catb,3,gbdt,cpu,104.8,id,0.93993993993994,0.6457223001402524,0.8875876577840113,0.17332232723486937,0.04812806574754679,0.025829123962390715,0.025676879084394734,-0.008085568726534875,
cc18_1068,openml_cc18,catb,4,gbdt,cpu,113.8,id,0.93993993993994,0.6658485273492286,0.8779102384291725,0.1729418908248523,0.04747396126475647,0.020475888605348155,0.01981233743945013,-0.01398219161087666,
cc18_1068,openml_cc18,lgbm,0,gbdt,cpu,30.8,id,0.9279279279279279,0.5185133239831697,0.8707573632538569,0.18480570969755525,0.05202301423482116,0.03346857007332969,0.028042193574745716,-0.02485264047649638,
cc18_1068,openml_cc18,lgbm,1,gbdt,cpu,19.6,id,0.9369369369369369,0.6239831697054699,0.8835203366058907,0.17641779377810576,0.049921014485953055,0.029652666520193712,0.021630503814119868,-0.03103299036355542,
cc18_1068,openml_cc18,lgbm,2,gbdt,cpu,23.4,id,0.9429429429429429,0.6272089761570827,0.8724403927068723,0.17764412203764388,0.047708416515401766,0.0345915989050449,0.026074678098471707,-0.01096059631364557,
cc18_1068,openml_cc18,lgbm,3,gbdt,cpu,23.3,id,0.9429429429429429,0.667461430575035,0.864446002805049,0.18133317235574894,0.047617028030624134,0.04726930185658167,0.03392922861277335,-0.016798186784734687,
cc18_1068,openml_cc18,lgbm,4,gbdt,cpu,22.5,id,0.9459459459459459,0.6489481065918654,0.8664796633941094,0.1795982467851783,0.04810004998518477,0.033078271207072164,0.026049610074098947,-0.020525065407518306,
cc18_1068,openml_cc18,logreg,0,linear,cpu,1.0,id,0.9279279279279279,0.558765778401122,0.8651472650771389,0.22220336903211108,0.0585682212997233,0.039847585881139264,0.02909417542672383,,
cc18_1068,openml_cc18,logreg,1,linear,cpu,1.0,id,0.9279279279279279,0.558765778401122,0.8651472650771389,0.22220336903211108,0.0585682212997233,0.039847585881139264,0.02909417542672383,,
cc18_1068,openml_cc18,logreg,2,linear,cpu,1.1,id,0.9279279279279279,0.558765778401122,0.8651472650771389,0.22220336903211108,0.0585682212997233,0.039847585881139264,0.02909417542672383,,
cc18_1068,openml_cc18,logreg,3,linear,cpu,1.0,id,0.9279279279279279,0.558765778401122,0.8651472650771389,0.22220336903211108,0.0585682212997233,0.039847585881139264,0.02909417542672383,,
cc18_1068,openml_cc18,logreg,4,linear,cpu,1.0,id,0.9279279279279279,0.558765778401122,0.8651472650771389,0.22220336903211108,0.0585682212997233,0.039847585881139264,0.02909417542672383,,
cc18_1068,openml_cc18,mlp,0,mlp,cpu,1.1,id,0.9309309309309309,0.5,0.444109396914446,0.4009698597927367,0.0981669248964231,0.17620153481269382,0.16120365753440768,,
cc18_1068,openml_cc18,mlp,1,mlp,cpu,1.2,id,0.9309309309309309,0.5,0.46837307152875174,0.45598331347283916,0.12588116030262622,0.2535680397036108,0.22395270326640246,,
cc18_1068,openml_cc18,mlp,2,mlp,cpu,1.2,id,0.9309309309309309,0.5,0.4891304347826087,0.40146504389579624,0.10664609769236753,0.20740254347523052,0.18206801336980072,,
cc18_1068,openml_cc18,mlp,3,mlp,cpu,1.2,id,0.9309309309309309,0.5,0.41577840112201964,0.49387945362764785,0.1356853089352758,0.2690214989734842,0.24210616568476523,,
cc18_1068,openml_cc18,mlp,4,mlp,cpu,1.4,id,0.933933933933934,0.5418653576437588,0.8494389901823282,0.21044530888331175,0.0569177128886143,0.026321653466861883,0.0249365202479194,,
cc18_1068,openml_cc18,tabicl,0,tfm,cuda,4.9,id,0.9429429429429429,0.6272089761570827,0.9068022440392708,0.15832209248917528,0.045214006437553134,0.025418040138465152,0.02082421006056313,,
cc18_1068,openml_cc18,tabicl,1,tfm,cuda,4.9,id,0.9429429429429429,0.6272089761570827,0.9062412342215989,0.15904835319650648,0.04538634278333798,0.020582666010917485,0.019444380286029503,,
cc18_1068,openml_cc18,tabicl,2,tfm,cuda,4.9,id,0.9429429429429429,0.6272089761570827,0.9070827489481066,0.1589055172975524,0.0454502583545537,0.01744443964627054,0.019339014651372312,,
cc18_1068,openml_cc18,tabicl,3,tfm,cuda,4.9,id,0.9429429429429429,0.6272089761570827,0.9053997194950912,0.1592454506570299,0.04539347056934427,0.017873348430492673,0.01943773671356862,,
cc18_1068,openml_cc18,tabicl,4,tfm,cuda,4.9,id,0.9429429429429429,0.6272089761570827,0.9069424964936886,0.15936194296771836,0.04546919897364479,0.023609602499428815,0.01913233037153754,,
cc18_1068,openml_cc18,tabpfn25,0,tfm,cuda,4.7,id,0.9429429429429429,0.6070827489481067,0.908625525946704,0.15895269188057695,0.04478843529044543,0.026721168555565424,0.020390733677847456,,
cc18_1068,openml_cc18,tabpfn25,1,tfm,cuda,4.7,id,0.9429429429429429,0.6070827489481067,0.9044880785413745,0.1582953751968892,0.04451987929659648,0.02173467438007976,0.01867669711482983,,
cc18_1068,openml_cc18,tabpfn25,2,tfm,cuda,5.0,id,0.9459459459459459,0.6288218793828892,0.9021739130434783,0.16082668424613594,0.045491343295826034,0.024777754167984195,0.019621244898408004,,
cc18_1068,openml_cc18,tabpfn25,3,tfm,cuda,4.7,id,0.9429429429429429,0.6070827489481067,0.9068723702664797,0.15980564666179675,0.04499857915914062,0.02267839130036555,0.021167286512236455,,
cc18_1068,openml_cc18,tabpfn25,4,tfm,cuda,4.8,id,0.9429429429429429,0.6272089761570827,0.9076437587657784,0.15821068347234998,0.04425981435326788,0.020335792197479503,0.017917988047424428,,
cc18_1068,openml_cc18,tabpfn2,0,tfm,cuda,4.6,id,0.9459459459459459,0.6288218793828892,0.908625525946704,0.1562759890519227,0.04418439486574906,0.012401904239579365,0.01631260174715127,,
cc18_1068,openml_cc18,tabpfn2,1,tfm,cuda,4.5,id,0.9429429429429429,0.6070827489481067,0.909046283309958,0.15515534560238775,0.04381244415347746,0.019722302525385364,0.018013922181102655,,
cc18_1068,openml_cc18,tabpfn2,2,tfm,cuda,4.5,id,0.9459459459459459,0.6288218793828892,0.9045582047685834,0.15694693426799622,0.04418386915579587,0.022245899329448603,0.01849462611511637,,
cc18_1068,openml_cc18,tabpfn2,3,tfm,cuda,4.6,id,0.9429429429429429,0.6272089761570827,0.8936185133239831,0.16058847267152865,0.04420392761727679,0.02129347952412771,0.01992333409118665,,
cc18_1068,openml_cc18,tabpfn2,4,tfm,cuda,4.5,id,0.9459459459459459,0.6288218793828892,0.9012622720897616,0.15706658363687442,0.043601189583589064,0.011861315564820177,0.01657229555062745,,
cc18_1068,openml_cc18,xgb,0,gbdt,cpu,45.0,id,0.93993993993994,0.6255960729312763,0.8665497896213185,0.1739302687375109,0.046303114094225266,0.030065646836976028,0.026344297624823494,-0.029294408584421033,
cc18_1068,openml_cc18,xgb,1,gbdt,cpu,50.9,id,0.93993993993994,0.5853436185133241,0.8774894810659187,0.17608291376312296,0.0485037415350949,0.0172406230513398,0.01757499463522143,-0.025682420535778017,
cc18_1068,openml_cc18,xgb,2,gbdt,cpu,37.9,id,0.93993993993994,0.6457223001402524,0.867531556802244,0.17594899216957283,0.04741418358463025,0.03861472949206649,0.027996691978628963,-0.013905636222931728,
cc18_1068,openml_cc18,xgb,3,gbdt,cpu,39.3,id,0.9369369369369369,0.644109396914446,0.8781907433380084,0.17437412541586075,0.047665291309029696,0.029940525869707444,0.027848382593253947,-0.011159273304821887,
cc18_1068,openml_cc18,xgb,4,gbdt,cpu,36.2,id,0.9369369369369369,0.5837307152875175,0.8551893408134642,0.1803904548441806,0.04725392958540985,0.023322646592830395,0.026866625516984675,-0.013278181241539677,
cc18_1461,openml_cc18,catb,0,gbdt,cpu,177.2,id,0.904,0.6886217004042956,0.9266839186220364,0.2084048301689136,0.06541108440286732,0.014516060637051433,0.015878317563312483,-0.0013770739338229976,
cc18_1461,openml_cc18,catb,1,gbdt,cpu,205.9,id,0.9046,0.6921589079735437,0.9251132952705554,0.20890304251507283,0.0651446166408458,0.013400687611677375,0.014575468176458632,-0.006235905122830704,
cc18_1461,openml_cc18,catb,2,gbdt,cpu,189.9,id,0.9091,0.6894080778020769,0.9248978495463026,0.20450604975204423,0.06381694392678955,0.01285117866082942,0.014298523405330395,-0.0133617601496262,
cc18_1461,openml_cc18,catb,3,gbdt,cpu,183.7,id,0.9073,0.6863505856900416,0.9262405284509557,0.2056468302133048,0.06389539662861286,0.015578819600558031,0.01477635647322276,-0.004904285933578029,
cc18_1461,openml_cc18,catb,4,gbdt,cpu,183.0,id,0.904,0.6826579632172763,0.9194335495355993,0.21228838490101198,0.06569394745396631,0.01382935366512304,0.01476749242182211,0.006289528021916874,
cc18_1461,openml_cc18,lgbm,0,gbdt,cpu,302.8,id,0.903,0.6869474616386231,0.9252431352157229,0.2095001048311989,0.0658095098205127,0.01540348550038743,0.015417499337510162,-0.0009742554972913819,
cc18_1461,openml_cc18,lgbm,1,gbdt,cpu,224.9,id,0.9039,0.6917624421828776,0.9252131366069176,0.20792491415436629,0.06517492079091887,0.011542195730737751,0.01362551505050034,-0.011189335994538752,
cc18_1461,openml_cc18,lgbm,2,gbdt,cpu,234.2,id,0.906,0.6884368128337879,0.9228310217127007,0.20613836105285127,0.06442351326829023,0.011802090204702702,0.013487082286810406,-0.00930512714875606,
cc18_1461,openml_cc18,lgbm,3,gbdt,cpu,278.8,id,0.9058,0.6976206707723526,0.926225975557629,0.20585891060312475,0.06420750184315709,0.011779682866903875,0.012507748808639281,-0.005708161080225677,
cc18_1461,openml_cc18,lgbm,4,gbdt,cpu,268.8,id,0.9068,0.6853826020904253,0.9222427093519507,0.21025689244963874,0.06547728993076077,0.01536593903878984,0.016780474037527884,0.005581869570728398,
cc18_1461,openml_cc18,logreg,0,linear,cpu,1.1,id,0.8999,0.6401435707030992,0.889313592988966,0.2561699434290437,0.07603546449772813,0.03251237758277904,0.027343265332851696,,
cc18_1461,openml_cc18,logreg,1,linear,cpu,1.1,id,0.8986,0.6432526973591628,0.8907848862833274,0.2556151896735185,0.07604021287525954,0.027563315318783886,0.02624063064023656,,
cc18_1461,openml_cc18,logreg,2,linear,cpu,1.1,id,0.9023,0.6375011959419239,0.8879524513506838,0.25240124497652466,0.07467112762384506,0.03189951833602086,0.027142069155635506,,
cc18_1461,openml_cc18,logreg,3,linear,cpu,1.1,id,0.9013,0.6363847014085529,0.8884182470076352,0.2520311515936244,0.07464665671000985,0.03036465323487365,0.027027478394582367,,
cc18_1461,openml_cc18,logreg,4,linear,cpu,1.1,id,0.9032,0.6478819941327637,0.8866142155724942,0.2540635818544889,0.07488246417274488,0.02771335454826737,0.02571250036340774,,
cc18_1461,openml_cc18,mlp,0,mlp,cpu,3.9,id,0.899,0.6717579043796187,0.8999506259769126,0.23821310519196495,0.07236564849084698,0.01702370849279687,0.01939876592655206,,
cc18_1461,openml_cc18,mlp,1,mlp,cpu,3.0,id,0.8977,0.7008303165076679,0.8980196620742875,0.23684224246435878,0.07273129774852007,0.022562723395600916,0.021874468815850267,,
cc18_1461,openml_cc18,mlp,2,mlp,cpu,2.9,id,0.8991,0.6640006669252703,0.8967173545884739,0.23222169218209243,0.0713552143837189,0.013130534842610357,0.014284870925158462,,
cc18_1461,openml_cc18,mlp,3,mlp,cpu,4.0,id,0.8982,0.6918126897099933,0.9001561879443243,0.23376053745187472,0.07141733178387553,0.01786578906578943,0.017548774239025244,,
cc18_1461,openml_cc18,mlp,4,mlp,cpu,5.7,id,0.8981,0.6640723515090596,0.8928776623108559,0.2595016355130043,0.07452853347210493,0.038729287756234416,0.042288556895559146,,
cc18_1461,openml_cc18,tabicl,0,tfm,cuda,12.1,id,0.9101,0.7278940261292426,0.9354173591190037,0.19751918535407637,0.06168658098915052,0.013409727705828845,0.015555886096266154,,
cc18_1461,openml_cc18,tabicl,1,tfm,cuda,11.9,id,0.909,0.7286894321666556,0.9322706046228953,0.20085810894200046,0.0629155766807328,0.0113001860789489,0.013675271348501822,,
cc18_1461,openml_cc18,tabicl,2,tfm,cuda,12.0,id,0.9114,0.729474534143091,0.9332761983338078,0.19506377911044062,0.06104524849889468,0.012054491752106695,0.013670566818066403,,
cc18_1461,openml_cc18,tabicl,3,tfm,cuda,12.0,id,0.9104,0.7252114815641882,0.9367456033300167,0.19248711080580289,0.060851512672466516,0.011392730458267039,0.013302478800975214,,
cc18_1461,openml_cc18,tabicl,4,tfm,cuda,12.0,id,0.9091,0.730539818953174,0.9327658139179006,0.19876234632544706,0.062327261785585585,0.013444371980009603,0.01594001698003902,,
cc18_1461,openml_cc18,tabpfn25,0,tfm,cuda,11.0,id,0.9087,0.7186083126707487,0.9376118298460759,0.19354789906901507,0.06076743007101913,0.013065478229569272,0.015017977349334423,,
cc18_1461,openml_cc18,tabpfn25,1,tfm,cuda,11.0,id,0.9086,0.718473334147786,0.9355046713760591,0.1954664852516776,0.0617174690579503,0.010202489734627307,0.013066386390377993,,
cc18_1461,openml_cc18,tabpfn25,2,tfm,cuda,11.0,id,0.9105,0.7150100419090075,0.9349916994624966,0.19225721430816575,0.06025185423194435,0.011899429313139993,0.01352720262374672,,
cc18_1461,openml_cc18,tabpfn25,3,tfm,cuda,10.9,id,0.9114,0.7204750064381803,0.938400404963756,0.18961943241561996,0.05975097169756277,0.009017440129164604,0.01136637819916175,,
cc18_1461,openml_cc18,tabpfn25,4,tfm,cuda,10.9,id,0.9097,0.7194370292282318,0.9339988805670635,0.19636246611792996,0.06173241635936389,0.01289891021233052,0.015186408638399642,,
cc18_1461,openml_cc18,tabpfn2,0,tfm,cuda,12.2,id,0.9072,0.7100044355553188,0.9348643623397034,0.19770255979798765,0.061820931044444534,0.01377715030014515,0.016662600268162995,,
cc18_1461,openml_cc18,tabpfn2,1,tfm,cuda,12.2,id,0.9103,0.7194361796394037,0.9334725184063737,0.19846747949067559,0.062127297403207306,0.013016385855339463,0.013932447207370208,,
cc18_1461,openml_cc18,tabpfn2,2,tfm,cuda,12.2,id,0.9117,0.7168492905011987,0.9341583431110343,0.19364506196591455,0.06067832952129802,0.011451603886485097,0.013676041857159569,,
cc18_1461,openml_cc18,tabpfn2,3,tfm,cuda,12.2,id,0.911,0.7130543091362966,0.9362027705758983,0.19367955229882108,0.0607930810091937,0.014092979448288676,0.015395228617781217,,
cc18_1461,openml_cc18,tabpfn2,4,tfm,cuda,12.3,id,0.9091,0.7183355878841847,0.9320801068740142,0.1992382888052978,0.062118697919079466,0.014048236339353024,0.017883425901603384,,
cc18_1461,openml_cc18,xgb,0,gbdt,cpu,89.8,id,0.9032,0.6793066481986975,0.925905187206299,0.21000192761932712,0.06609998556476553,0.01790482057668269,0.018421198985020714,1.915166803836965e-05,
cc18_1461,openml_cc18,xgb,1,gbdt,cpu,70.3,id,0.9042,0.6974821039478791,0.9242841192544357,0.2093992096153609,0.06551268549328104,0.014091981652192772,0.014199555427921857,-0.008427133479140952,
cc18_1461,openml_cc18,xgb,2,gbdt,cpu,67.0,id,0.905,0.6743036815796122,0.9250985576239847,0.20494922614518554,0.06413392524124559,0.017604816034808755,0.017429072806593143,-0.010676700871543598,
cc18_1461,openml_cc18,xgb,3,gbdt,cpu,80.4,id,0.9058,0.6809591811991564,0.9231287658684305,0.20931095655625895,0.0645859200534308,0.015015683858096596,0.01477096419636616,-0.004769991487713954,
cc18_1461,openml_cc18,xgb,4,gbdt,cpu,81.9,id,0.9039,0.6997637170076699,0.9219161916029481,0.21196732592015796,0.065918735713584,0.01894204511223361,0.01853504679030144,0.006623451673734904,
cc18_1486,openml_cc18,catb,0,gbdt,cpu,352.8,id,0.9661,0.9575813873716104,0.9936069408462083,0.08947847581579658,0.025491704230159777,0.005489429965932328,0.008673734380015096,-0.004146949812590367,
cc18_1486,openml_cc18,catb,1,gbdt,cpu,405.3,id,0.9651,0.9569053724612209,0.993238394481176,0.09296304447466286,0.026381350635794183,0.008494991390914934,0.01043923805495426,-4.417343737322943e-05,
cc18_1486,openml_cc18,catb,2,gbdt,cpu,344.0,id,0.9661,0.9576558773845184,0.9932519179998083,0.09363397885013057,0.026265998718447783,0.006690360451149168,0.010549309179069105,-0.0017226990357812194,
cc18_1486,openml_cc18,catb,3,gbdt,cpu,371.5,id,0.9644,0.954877863793784,0.9932891183891471,0.09279699243058098,0.02655291166800608,0.006016194240185257,0.009254667100643023,-0.0017908089310549186,
cc18_1486,openml_cc18,catb,4,gbdt,cpu,391.4,id,0.9654,0.9569649945646779,0.993437586937579,0.09158505770082681,0.02634399090864416,0.0030426322961169283,0.007386128324631257,-0.00679033048156015,
cc18_1486,openml_cc18,lgbm,0,gbdt,cpu,274.3,id,0.9663,0.9567690214930205,0.9938835578128478,0.09198613774299014,0.0257988301277223,0.011488489050370553,0.014582571803740237,-0.005665740406347597,
cc18_1486,openml_cc18,lgbm,1,gbdt,cpu,290.5,id,0.965,0.9565162512423461,0.993450781099028,0.09171234133448669,0.026147460900217016,0.006478907023650597,0.009274641288010614,-0.00320027129404625,
cc18_1486,openml_cc18,lgbm,2,gbdt,cpu,302.4,id,0.9662,0.9596198695699331,0.9927735090183305,0.09613934619165047,0.02718926805839224,0.004923454743707,0.008409433300643074,-0.002814255009673583,
cc18_1486,openml_cc18,lgbm,3,gbdt,cpu,358.4,id,0.9646,0.9552283720307276,0.9933809263392743,0.09239918269700763,0.026634005765457817,0.005035627213437252,0.007398230210641776,-0.007722018298169847,
cc18_1486,openml_cc18,lgbm,4,gbdt,cpu,388.9,id,0.9643,0.9557746161265456,0.9937133360867397,0.08988243364343877,0.025874666446826997,0.004603747201293379,0.00852295603842737,-0.008996576032437892,
cc18_1486,openml_cc18,logreg,0,linear,cpu,1.2,id,0.944,0.9311328859656378,0.9863310109033843,0.13520582926804214,0.04016460740775831,0.006649823538757696,0.009225196151116555,,
cc18_1486,openml_cc18,logreg,1,linear,cpu,1.2,id,0.9474,0.9348642327403025,0.9875812141379218,0.12847321776684653,0.03816850135221423,0.006266420938889396,0.008073955266859514,,
cc18_1486,openml_cc18,logreg,2,linear,cpu,1.2,id,0.9472,0.9361190396477828,0.9869606707316475,0.13137720387943547,0.03862762269239804,0.006371362613579081,0.008667760445740046,,
cc18_1486,openml_cc18,logreg,3,linear,cpu,1.2,id,0.9466,0.936423288793236,0.9870798210784678,0.13141929073508263,0.038866089476766945,0.006492391805140524,0.009252254118998571,,
cc18_1486,openml_cc18,logreg,4,linear,cpu,1.2,id,0.9462,0.9342756192406727,0.9871733996438548,0.13120802208175206,0.03872699580276018,0.006529005822846332,0.00930624297983988,,
cc18_1486,openml_cc18,mlp,0,mlp,cpu,4.1,id,0.954,0.9381219829743043,0.989030432974314,0.12766643376562617,0.03566500339956514,0.017382108903862537,0.021424210882530555,,
cc18_1486,openml_cc18,mlp,1,mlp,cpu,3.4,id,0.9528,0.9420396624627468,0.9893646515346287,0.11822112310768962,0.034525024149141624,0.006915673675760624,0.010719559249899284,,
cc18_1486,openml_cc18,mlp,2,mlp,cpu,4.3,id,0.9529,0.9457893537355127,0.9884747662675234,0.12689975836909412,0.035280377498004535,0.013719477417320023,0.01668273134672764,,
cc18_1486,openml_cc18,mlp,3,mlp,cpu,4.5,id,0.9554,0.9481603368959428,0.9888738523944931,0.12542076267079044,0.03479570617266731,0.014391624433919798,0.01816892738835927,,
cc18_1486,openml_cc18,mlp,4,mlp,cpu,4.1,id,0.9577,0.946424146311273,0.9898013258019092,0.11654501726643467,0.03292373775670902,0.011261708839982737,0.013672891528428288,,
cc18_1486,openml_cc18,tabicl,0,tfm,cuda,42.8,id,0.9674,0.9601826772160937,0.9946502710865919,0.08284240132050491,0.024039045932402758,0.004685543818306169,0.008957367083168409,,
cc18_1486,openml_cc18,tabicl,1,tfm,cuda,42.8,id,0.9681,0.9616604509790674,0.9946508688290703,0.0834346895183367,0.024398990293561695,0.005281676767813054,0.009126732896523831,,
cc18_1486,openml_cc18,tabicl,2,tfm,cuda,42.8,id,0.9661,0.9593394533595128,0.9940818401501097,0.08785431627584603,0.025286653558560666,0.0065980839853175014,0.009885055517950502,,
cc18_1486,openml_cc18,tabicl,3,tfm,cuda,42.7,id,0.9655,0.9575427219615358,0.9944861282944499,0.08459740601814159,0.024754488374629922,0.004295515029970562,0.009008262950241411,,
cc18_1486,openml_cc18,tabicl,4,tfm,cuda,42.8,id,0.967,0.9587155727187273,0.9947295145957089,0.0828622279543852,0.024292064968301882,0.006962038559466607,0.010688774808853304,,
cc18_1486,openml_cc18,tabpfn25,0,tfm,cuda,39.4,id,0.9683,0.9612348727552131,0.9945396144768903,0.08271343414501287,0.023951172240881665,0.005303391928318895,0.008675117395280825,,
cc18_1486,openml_cc18,tabpfn25,1,tfm,cuda,39.4,id,0.9672,0.9607129045193716,0.9944096210547377,0.08399124961898685,0.024496277591106532,0.005177060153731143,0.007983808075543327,,
cc18_1486,openml_cc18,tabpfn25,2,tfm,cuda,39.3,id,0.9658,0.958708651725126,0.9942002533601403,0.08621265835341287,0.025083465409231554,0.003571433903509746,0.007778402961875693,,
cc18_1486,openml_cc18,tabpfn25,3,tfm,cuda,39.2,id,0.9665,0.9587687896715664,0.9944539807990931,0.08431511141764583,0.02477205018492409,0.003052062313258657,0.0077019381431746746,,
cc18_1486,openml_cc18,tabpfn25,4,tfm,cuda,39.2,id,0.9666,0.9590665707468145,0.9945396030928024,0.08379403810343386,0.02474325994028743,0.0029956833476200637,0.008431978337418653,,
cc18_1486,openml_cc18,tabpfn2,0,tfm,cuda,54.1,id,0.9641,0.9566067447782163,0.9937341738455121,0.09009155716299708,0.026371591186565683,0.004115354227274664,0.007490641078851197,,
cc18_1486,openml_cc18,tabpfn2,1,tfm,cuda,54.5,id,0.9635,0.9551498858520348,0.9933587600203942,0.09257571007386423,0.02698316531499222,0.004904515274288131,0.0077768423092088,,
cc18_1486,openml_cc18,tabpfn2,2,tfm,cuda,54.3,id,0.9648,0.9570619481037314,0.9933797699439717,0.09279786838193647,0.0268588439773959,0.005574250360764559,0.008690479432163119,,
cc18_1486,openml_cc18,tabpfn2,3,tfm,cuda,54.5,id,0.965,0.9581405770983009,0.9935280054217694,0.09124073087994214,0.026490405299119335,0.0055475454682949905,0.008394462453159307,,
cc18_1486,openml_cc18,tabpfn2,4,tfm,cuda,54.6,id,0.9645,0.9572815545879143,0.9938111106072731,0.09025462851480338,0.02664185354489987,0.004706765545299285,0.009421642723196478,,
cc18_1486,openml_cc18,xgb,0,gbdt,cpu,150.5,id,0.9656,0.9565971673086682,0.9939912183936137,0.08927213760448073,0.02557650911011166,0.007107915025018147,0.009664985710343892,-0.00720886887592781,
cc18_1486,openml_cc18,xgb,1,gbdt,cpu,111.1,id,0.9641,0.9565266589739669,0.9933861202983195,0.09303173074992448,0.02668518310498996,0.005840467748977249,0.009158188552865099,-0.0022063132993895562,
cc18_1486,openml_cc18,xgb,2,gbdt,cpu,103.3,id,0.9669,0.9597939835694439,0.9935011986456863,0.09225927637209089,0.026321507704901263,0.0065980534846894435,0.009050324339906726,-0.0061239881976786065,
cc18_1486,openml_cc18,xgb,3,gbdt,cpu,131.0,id,0.9635,0.9534058714224755,0.9931212451982896,0.09465574708386996,0.02735729343008238,0.005737119998782862,0.007800392744126765,-0.008822660910223448,
cc18_1486,openml_cc18,xgb,4,gbdt,cpu,133.1,id,0.9649,0.9567202518754006,0.9933593967343947,0.09277076958497996,0.02666394308027682,0.0051837115786969555,0.008203698042760154,-0.0073135558689533114,
cc18_1489,openml_cc18,catb,0,gbdt,cpu,134.6,id,0.8902589395807645,0.861540689574259,0.9494936718142755,0.25963576981016023,0.07982442572525256,0.014241616517795304,0.018959652150442055,0.009190698286022758,
cc18_1489,openml_cc18,catb,1,gbdt,cpu,132.2,id,0.8970406905055487,0.8700247114552627,0.9559630134776423,0.2444712977550562,0.07431888862543835,0.021261319262831358,0.022751990537983272,-0.00345258243418739,
cc18_1489,openml_cc18,catb,2,gbdt,cpu,123.1,id,0.8927250308261405,0.8675847302271694,0.9515010192558699,0.2570082542384911,0.07819635796052825,0.025372861148809385,0.024112700489345905,-0.004323504682599455,
cc18_1489,openml_cc18,catb,3,gbdt,cpu,126.0,id,0.8988902589395807,0.8737900919530115,0.9539098361857832,0.24902158771813607,0.07549742385292793,0.017145695949326266,0.020252099459960052,0.003159104938232571,
cc18_1489,openml_cc18,catb,4,gbdt,cpu,135.2,id,0.8976572133168927,0.8723033716104243,0.9532700514760879,0.25017209911976024,0.07647430404556323,0.023624590704165963,0.023220303780083277,0.007729449278913864,
cc18_1489,openml_cc18,lgbm,0,gbdt,cpu,105.9,id,0.8736128236744759,0.8417770249461041,0.9423460483669909,0.2767609824595924,0.0859485060458273,0.02468445102014051,0.0220605237707511,0.0048753307786807976,
cc18_1489,openml_cc18,lgbm,1,gbdt,cpu,80.1,id,0.8853267570900123,0.8592785281651927,0.9463112470118937,0.26902521891146985,0.08244650309150119,0.02519601507739628,0.02153548075419808,9.701332084083303e-05,
cc18_1489,openml_cc18,lgbm,2,gbdt,cpu,105.7,id,0.8822441430332922,0.8564829072990452,0.9466623036649214,0.2677776946666065,0.08192821064130658,0.02017246144697763,0.020905328161023414,-0.0002984807482641627,
cc18_1489,openml_cc18,lgbm,3,gbdt,cpu,84.4,id,0.8859432799013564,0.8609430683268071,0.9443387302565005,0.2807493463775806,0.0838216095570286,0.027443919731239295,0.02801912652862937,0.01602276778299294,
cc18_1489,openml_cc18,lgbm,4,gbdt,cpu,92.0,id,0.8877928483353884,0.8616378488568203,0.9441169137812192,0.27466488577596126,0.08393331523228426,0.025105694598463672,0.02328223287235349,0.011635613446893067,
cc18_1489,openml_cc18,logreg,0,linear,cpu,1.0,id,0.7336621454993835,0.6426353263818616,0.795532872834998,0.4889084288758403,0.1643779866896492,0.05899701653909725,0.0506840855396239,,
cc18_1489,openml_cc18,logreg,1,linear,cpu,1.0,id,0.7336621454993835,0.6426353263818616,0.795532872834998,0.4889084288758403,0.1643779866896492,0.05899701653909725,0.0506840855396239,,
cc18_1489,openml_cc18,logreg,2,linear,cpu,1.1,id,0.7336621454993835,0.6426353263818616,0.795532872834998,0.4889084288758403,0.1643779866896492,0.05899701653909725,0.0506840855396239,,
cc18_1489,openml_cc18,logreg,3,linear,cpu,1.0,id,0.7336621454993835,0.6426353263818616,0.795532872834998,0.4889084288758403,0.1643779866896492,0.05899701653909725,0.0506840855396239,,
cc18_1489,openml_cc18,logreg,4,linear,cpu,1.0,id,0.7336621454993835,0.6426353263818616,0.795532872834998,0.4889084288758403,0.1643779866896492,0.05899701653909725,0.0506840855396239,,
cc18_1489,openml_cc18,mlp,0,mlp,cpu,2.8,id,0.8532675709001233,0.8077272793934327,0.9109379353835774,0.3459725078515385,0.11104142429017307,0.03684001011284742,0.035053904780138756,,
cc18_1489,openml_cc18,mlp,1,mlp,cpu,2.7,id,0.8347718865598027,0.792181794183642,0.9067875841436049,0.3522730972831032,0.11318718149039789,0.04298792847428751,0.03619767767903037,,
cc18_1489,openml_cc18,mlp,2,mlp,cpu,2.5,id,0.8378545006165228,0.777167935236922,0.9063952806253393,0.35601217079099806,0.11454714915589727,0.03952035083264371,0.038493037890410475,,
cc18_1489,openml_cc18,mlp,3,mlp,cpu,2.2,id,0.8378545006165228,0.8054174549400912,0.9015831463475443,0.3578605250724642,0.11552075521583466,0.035293439218864006,0.03004549297474374,,
cc18_1489,openml_cc18,mlp,4,mlp,cpu,2.8,id,0.8464858199753391,0.8213515772801268,0.9143678413773887,0.3371640918640286,0.1074247589476925,0.03436253682403617,0.03170613063568301,,
cc18_1489,openml_cc18,tabicl,0,tfm,cuda,5.1,id,0.903822441430333,0.884649933271738,0.9661858198776894,0.2160731657018702,0.06560682912683398,0.02744111206276864,0.027018546027253117,,
cc18_1489,openml_cc18,tabicl,1,tfm,cuda,5.0,id,0.9075215782983971,0.8903383342865943,0.9663306422045258,0.2150364671384423,0.06511603037306878,0.02063278544409392,0.024628970390843694,,
cc18_1489,openml_cc18,tabicl,2,tfm,cuda,5.1,id,0.905055487053021,0.888593133588514,0.9661555721765146,0.2161265350384223,0.06537430964742681,0.027517758123806316,0.026284475338498006,,
cc18_1489,openml_cc18,tabicl,3,tfm,cuda,5.2,id,0.9075215782983971,0.8909524542801414,0.9664048865619546,0.21479277052812115,0.06495837312588436,0.02264073996261479,0.024864565009683266,,
cc18_1489,openml_cc18,tabicl,4,tfm,cuda,5.0,id,0.905672009864365,0.8871870737823926,0.9663453077566106,0.21576606538747886,0.06521510709892046,0.022508457323143532,0.0233350994543851,,
cc18_1489,openml_cc18,tabpfn25,0,tfm,cuda,4.8,id,0.9007398273736128,0.872028392508836,0.9590794432956429,0.2338326785526928,0.07091391228632843,0.015174746991085793,0.017325036095237396,,
cc18_1489,openml_cc18,tabpfn25,1,tfm,cuda,4.9,id,0.8982737361282368,0.8733537917784915,0.9593049261589452,0.23293321834886535,0.07100616530738348,0.022119180959650524,0.018808716945035737,,
cc18_1489,openml_cc18,tabpfn25,2,tfm,cuda,4.8,id,0.8988902589395807,0.8707194919852759,0.9583828295716192,0.23517857796296332,0.07143170637524694,0.021232598930891286,0.018353328811488004,,
cc18_1489,openml_cc18,tabpfn25,3,tfm,cuda,4.8,id,0.8970406905055487,0.8700247114552627,0.9586660580462552,0.23438401641265366,0.07126546855193709,0.018619229875243136,0.019663892777152917,,
cc18_1489,openml_cc18,tabpfn25,4,tfm,cuda,4.8,id,0.9001233045622689,0.8728203323214103,0.9595166600671683,0.23259016146595912,0.07056443894051295,0.018127843207058427,0.016222869165920095,,
cc18_1489,openml_cc18,tabpfn2,0,tfm,cuda,4.8,id,0.906905055487053,0.8800761142153196,0.9614323478082333,0.22787113948463064,0.06864500034571817,0.022486606486481594,0.023562442875798555,,
cc18_1489,openml_cc18,tabpfn2,1,tfm,cuda,4.8,id,0.9032059186189889,0.8762300731811049,0.9600473697332336,0.23193727220699528,0.06968693797327163,0.01795630350722742,0.020447450788765455,,
cc18_1489,openml_cc18,tabpfn2,2,tfm,cuda,4.7,id,0.903822441430333,0.8778946133427192,0.9597879727807354,0.23278700721499673,0.06941076764998821,0.023343234814464597,0.023329041097963462,,
cc18_1489,openml_cc18,tabpfn2,3,tfm,cuda,4.8,id,0.9032059186189889,0.8731594732133692,0.9594864123659934,0.2348581520491684,0.0709083225627312,0.027732604648343723,0.023731268080274055,,
cc18_1489,openml_cc18,tabpfn2,4,tfm,cuda,4.7,id,0.903822441430333,0.8754381333685306,0.9600501195242495,0.23146989115966532,0.06917025742488225,0.021523713590703573,0.021978502344071966,,
cc18_1489,openml_cc18,xgb,0,gbdt,cpu,68.1,id,0.8890258939580764,0.8637386891929547,0.947610981565401,0.26758954106155847,0.08146389998007038,0.030109788157946155,0.024400995532797634,0.0054881776626724,
cc18_1489,openml_cc18,xgb,1,gbdt,cpu,64.1,id,0.8927250308261405,0.8706553301949052,0.9494551747400533,0.2570463529287734,0.07813385893975236,0.01735289468121073,0.01575192630399505,-0.004602560367230224,
cc18_1489,openml_cc18,xgb,2,gbdt,cpu,49.8,id,0.8834771886559802,0.8573555076480854,0.9462195873113644,0.26842645711830876,0.08264032760649405,0.024191805360202573,0.022403409172419276,-0.004960919149025356,
cc18_1489,openml_cc18,xgb,3,gbdt,cpu,62.3,id,0.8816276202219482,0.859117207092261,0.9423258832328744,0.27909225745740424,0.08562888941498518,0.021090069923517737,0.022331761672346902,0.007373750545423274,
cc18_1489,openml_cc18,xgb,4,gbdt,cpu,67.7,id,0.8859432799013564,0.8597148283397128,0.945361652514409,0.2783658570280702,0.08343934229210336,0.03198869139445272,0.030261267447320345,0.014420587227148451,
cc18_151,openml_cc18,catb,0,gbdt,cpu,173.8,id,0.8879,0.8847977154937128,0.9547438465707176,0.26925261127143735,0.08188179814725617,0.010095089834620957,0.010870231987301327,-0.056958511088752495,
cc18_151,openml_cc18,catb,1,gbdt,cpu,183.6,id,0.8889,0.8850021947907565,0.9541410163317046,0.2710232569095743,0.0823825055390271,0.008521640617658182,0.010685089532188241,-0.053766837333317496,
cc18_151,openml_cc18,catb,2,gbdt,cpu,178.1,id,0.8828,0.8792457834603664,0.952955807133911,0.2765904474858761,0.0841509930239447,0.015217846552536204,0.016945605964899753,-0.03860119512685645,
cc18_151,openml_cc18,catb,3,gbdt,cpu,180.2,id,0.8828,0.8798127224126339,0.9547593843782285,0.2693306537716477,0.08259796017367792,0.010188493877105926,0.012099498222722195,-0.03548797524235453,
cc18_151,openml_cc18,catb,4,gbdt,cpu,204.6,id,0.8858,0.8814260282594927,0.9551266915512985,0.2682964800270458,0.08254836099514423,0.006085526047130212,0.01016671639157601,-0.049945755276669,
cc18_151,openml_cc18,lgbm,0,gbdt,cpu,266.3,id,0.8798,0.8761442354256401,0.9521242445212019,0.2801203483626918,0.08625451096755624,0.024084935796365878,0.022309642979417788,-0.03648079195510273,
cc18_151,openml_cc18,lgbm,1,gbdt,cpu,169.8,id,0.8827,0.8787730914550846,0.9537004992636169,0.2743153814282829,0.08436759175707263,0.01822261247256515,0.01735194814722559,-0.039226751928122694,
cc18_151,openml_cc18,lgbm,2,gbdt,cpu,200.5,id,0.8885,0.8855112720562657,0.9560627784246418,0.2658562580420825,0.08116418546052641,0.010086603785402106,0.011621111827530827,-0.03429235803877839,
cc18_151,openml_cc18,lgbm,3,gbdt,cpu,207.0,id,0.8814,0.8784737368602306,0.9508467464208988,0.283069738333916,0.08685144482185786,0.020562502069912537,0.02039959098693807,-0.02391484100596436,
cc18_151,openml_cc18,lgbm,4,gbdt,cpu,213.6,id,0.8909,0.8871869307869704,0.9580263417298771,0.2608881278830008,0.07901919579810565,0.013378675515975505,0.014567761473575684,-0.0546712251694238,
cc18_151,openml_cc18,logreg,0,linear,cpu,1.1,id,0.7701,0.7503511587994645,0.8320378465143619,0.4953716485468186,0.1618138681627249,0.024705766462666808,0.021842601189579546,,
cc18_151,openml_cc18,logreg,1,linear,cpu,1.1,id,0.7687,0.7481777083102572,0.8298390213284432,0.49611500776013584,0.1623228767659373,0.02515096064848564,0.021466380187497826,,
cc18_151,openml_cc18,logreg,2,linear,cpu,1.1,id,0.765,0.7467873706253311,0.8297964915913748,0.49879099570543883,0.16353742116139444,0.020907134972296203,0.018881561898536646,,
cc18_151,openml_cc18,logreg,3,linear,cpu,1.1,id,0.7666,0.7483707505862673,0.833063349677758,0.5047901311519013,0.1623015623230906,0.02403693439028829,0.023421068892822916,,
cc18_151,openml_cc18,logreg,4,linear,cpu,1.1,id,0.7623,0.7434157956063059,0.8284006722649448,0.49839562376463903,0.1637028696091772,0.01821225909211152,0.019303124064734462,,
cc18_151,openml_cc18,mlp,0,mlp,cpu,6.0,id,0.8096,0.7969127514139732,0.8825464738643491,0.4262813796826833,0.1364122436634736,0.020713458584621564,0.020482136593729265,,
cc18_151,openml_cc18,mlp,1,mlp,cpu,4.4,id,0.8009,0.792999027728207,0.8762527947686035,0.4353582429871682,0.13988818373889175,0.016008270108327255,0.016549654287029137,,
cc18_151,openml_cc18,mlp,2,mlp,cpu,3.7,id,0.7941,0.7821430906728539,0.8708923030166298,0.44272052244688814,0.14343044188786797,0.01605763023644686,0.016994648976036704,,
cc18_151,openml_cc18,mlp,3,mlp,cpu,4.9,id,0.8087,0.7989877662801947,0.8843702750127094,0.4223995471268182,0.13535050220361086,0.016810018430091434,0.0170626034719106,,
cc18_151,openml_cc18,mlp,4,mlp,cpu,4.1,id,0.7975,0.7843909465613557,0.875938085996729,0.43494872984243976,0.14053202108274587,0.016928635249659405,0.01609251474655093,,
cc18_151,openml_cc18,tabicl,0,tfm,cuda,9.6,id,0.8836,0.8812867008864241,0.9543625439788103,0.2702528688976465,0.08345448485338118,0.007564179551601407,0.00947470338620311,,
cc18_151,openml_cc18,tabicl,1,tfm,cuda,9.6,id,0.8826,0.8796590074622885,0.9525605413543705,0.27507723975058473,0.08552233526331907,0.011681195273995401,0.013026694858794895,,
cc18_151,openml_cc18,tabicl,2,tfm,cuda,9.8,id,0.8788,0.8747938108305844,0.9520013777773253,0.27783492226663814,0.08615056497502444,0.011732699335925295,0.012596272171371608,,
cc18_151,openml_cc18,tabicl,3,tfm,cuda,9.7,id,0.8866,0.8847947654110432,0.95374145197527,0.27376508687784146,0.08303148793544526,0.014561861771345132,0.015614096942181539,,
cc18_151,openml_cc18,tabicl,4,tfm,cuda,9.6,id,0.8835,0.880263695662568,0.9536134158905776,0.27213111683755753,0.08425732190543206,0.010387034068256598,0.010804051802819386,,
cc18_151,openml_cc18,tabpfn25,0,tfm,cuda,8.8,id,0.8662,0.8619062082451137,0.94148043454898,0.30586782073416247,0.09550513517835763,0.01711901272274552,0.016524517133220024,,
cc18_151,openml_cc18,tabpfn25,1,tfm,cuda,8.8,id,0.8653,0.8596312341287912,0.9386767873186221,0.3123715772978722,0.09748822070254388,0.014655466186441483,0.014856749132299991,,
cc18_151,openml_cc18,tabpfn25,2,tfm,cuda,8.8,id,0.8613,0.8565252367528277,0.9385451690506852,0.3132814529691429,0.09841376440810519,0.015850169101357447,0.015856881532213995,,
cc18_151,openml_cc18,tabpfn25,3,tfm,cuda,8.8,id,0.8711,0.8676769871595139,0.9421400400137752,0.30372916322306753,0.09383434118747452,0.01208139345757665,0.013406971756822799,,
cc18_151,openml_cc18,tabpfn25,4,tfm,cuda,9.1,id,0.8639,0.8579459600898361,0.9380125987454635,0.3147594828404229,0.09847633883976359,0.01814115173630417,0.017487296470114638,,
cc18_151,openml_cc18,tabpfn2,0,tfm,cuda,9.7,id,0.8795,0.8760091617470032,0.9512169204642931,0.2852191733150519,0.08735124813531588,0.03034796294085681,0.030229465556494296,,
cc18_151,openml_cc18,tabpfn2,1,tfm,cuda,9.7,id,0.8826,0.8781357816531903,0.9541561952584315,0.27933641547093085,0.08517521952011534,0.03450433840118347,0.03400342613841757,,
cc18_151,openml_cc18,tabpfn2,2,tfm,cuda,9.7,id,0.8762,0.8713500218104457,0.9490569982782691,0.2924278390460071,0.08996016988435675,0.03517877872772515,0.0338895835740609,,
cc18_151,openml_cc18,tabpfn2,3,tfm,cuda,9.8,id,0.8876,0.8845086013217665,0.9541056552255693,0.27834841142222455,0.08437782931875712,0.034107605078071354,0.03391148204788796,,
cc18_151,openml_cc18,tabpfn2,4,tfm,cuda,9.7,id,0.8851,0.881282179673679,0.9543857116845332,0.2790988972634732,0.08497109452847965,0.035559915046766415,0.03582930034166124,,
cc18_151,openml_cc18,xgb,0,gbdt,cpu,84.8,id,0.8877,0.8845929342950514,0.9555143358306811,0.26700656055814487,0.08143958817264203,0.009521779294684533,0.011824838066083828,-0.05212730597734977,
cc18_151,openml_cc18,xgb,1,gbdt,cpu,92.5,id,0.8853,0.8810831600063997,0.9533715678190344,0.2727330417921415,0.08422563986844595,0.010055559204891328,0.012358738550147663,-0.045502429103282394,
cc18_151,openml_cc18,xgb,2,gbdt,cpu,67.8,id,0.8817,0.8776528051030268,0.9527327136933981,0.2766099853986116,0.08532976913689304,0.017438891074247648,0.017151565157756017,-0.02750291272651001,
cc18_151,openml_cc18,xgb,3,gbdt,cpu,97.4,id,0.8876,0.8852121222060053,0.9582494998278096,0.2632824481484874,0.07975361411204422,0.022631118977814908,0.02337343467064418,-0.048511058913769445,
cc18_151,openml_cc18,xgb,4,gbdt,cpu,100.5,id,0.8878,0.8836894534179471,0.9545408995014995,0.2696504594267242,0.08264874036359562,0.009628177475184204,0.01120496677529821,-0.0437126988450256,
cc18_1590,openml_cc18,catb,0,gbdt,cpu,170.1,id,0.8689,0.7855299157252789,0.918444880293573,0.29320810216143,0.09282898326636585,0.007997257680689237,0.010378843457071704,-0.0074229661120586155,
cc18_1590,openml_cc18,catb,1,gbdt,cpu,174.7,id,0.8698,0.7826544577713641,0.9210219013597665,0.28977565818064344,0.09157392571877222,0.008013833059713801,0.01166309445900797,-0.007025235221488846,
cc18_1590,openml_cc18,catb,2,gbdt,cpu,160.4,id,0.8722,0.7853407173697102,0.9224559337464199,0.28862017544394064,0.09069364021481877,0.012219473394047982,0.013093975812580302,-0.002900642694930511,
cc18_1590,openml_cc18,catb,3,gbdt,cpu,170.4,id,0.8635,0.7629185528850996,0.9189435136137958,0.2966985010048352,0.09394416022542085,0.017247369178131047,0.0182761352655678,-0.0034529496668443405,
cc18_1590,openml_cc18,catb,4,gbdt,cpu,175.2,id,0.8693,0.7762094961539541,0.9206748375860675,0.2900100761248955,0.09149579588509686,0.011801611561576936,0.013077842790018843,-0.012566475901556351,
cc18_1590,openml_cc18,lgbm,0,gbdt,cpu,331.4,id,0.8733,0.8010341179722367,0.9226858753287372,0.28756401749473726,0.09077841439269493,0.01951803826241563,0.01917830812778629,-0.01751583095088277,
cc18_1590,openml_cc18,lgbm,1,gbdt,cpu,201.9,id,0.8702,0.7901680453588411,0.9220521419014649,0.2873577860722244,0.09127687473815937,0.009089301428678375,0.01273555917814003,-0.006573982999273809,
cc18_1590,openml_cc18,lgbm,2,gbdt,cpu,185.0,id,0.8741,0.7968673030384217,0.9254544368399608,0.28316940298488924,0.08919156652495686,0.009483085000859868,0.010798322613821838,-0.00724174713590181,
cc18_1590,openml_cc18,lgbm,3,gbdt,cpu,215.9,id,0.8676,0.7851698962500321,0.9213644668812189,0.290055817281515,0.09201783911654234,0.013764053500627692,0.014631926888552173,-0.010773188961979596,
cc18_1590,openml_cc18,lgbm,4,gbdt,cpu,275.9,id,0.8673,0.7834148409563637,0.9198860648065947,0.29100150267071506,0.09195315465653205,0.01573691230394317,0.01484688343120452,-0.018347670940544902,
cc18_1590,openml_cc18,logreg,0,linear,cpu,1.1,id,0.8263,0.6929069310395797,0.8467091807369415,0.388492538024049,0.12344916173121813,0.014238549926871359,0.014593464886158869,,
cc18_1590,openml_cc18,logreg,1,linear,cpu,1.1,id,0.8265,0.6991356997596598,0.8476739552912953,0.3884660659536527,0.12373154599662592,0.012769278552952646,0.01356461247716076,,
cc18_1590,openml_cc18,logreg,2,linear,cpu,1.1,id,0.8245,0.6937332566229114,0.8440910045400897,0.3922363972391373,0.12513162692092564,0.013993203124576697,0.015665885042589152,,
cc18_1590,openml_cc18,logreg,3,linear,cpu,1.1,id,0.8262,0.6894274563188345,0.8465272625899115,0.39022158433493154,0.12431680179752247,0.0179448652745306,0.017924520624602383,,
cc18_1590,openml_cc18,logreg,4,linear,cpu,1.1,id,0.8269,0.6910692774463187,0.8492361902335388,0.3856753600059471,0.12257786667346765,0.013269786754501899,0.013972490764230525,,
cc18_1590,openml_cc18,mlp,0,mlp,cpu,3.0,id,0.8516,0.740100432365576,0.8980411314018839,0.33069636764190474,0.1046594610259584,0.02058703903518617,0.020633610106338646,,
cc18_1590,openml_cc18,mlp,1,mlp,cpu,4.8,id,0.8481,0.767944136462049,0.9019433667251089,0.3267750572627293,0.10422193748534489,0.02167983671836555,0.023764296618334495,,
cc18_1590,openml_cc18,mlp,2,mlp,cpu,3.6,id,0.8514,0.7659507100431628,0.9000056830661524,0.328558433090379,0.10414804998178138,0.015477578489296137,0.017363811433134976,,
cc18_1590,openml_cc18,mlp,3,mlp,cpu,5.9,id,0.8456,0.759566695828037,0.8970222927595324,0.33613722164913723,0.10642913152029232,0.025076470520813018,0.02608469800167943,,
cc18_1590,openml_cc18,mlp,4,mlp,cpu,5.0,id,0.848,0.7606432095009498,0.8969271487388208,0.3328579989876284,0.10522302849687504,0.016100582060590386,0.017419107458690467,,
cc18_1590,openml_cc18,tabicl,0,tfm,cuda,11.3,id,0.8671,0.7831893440411699,0.9200365894533201,0.2925886005191371,0.09260501461385759,0.014392389741912481,0.013245738795342674,,
cc18_1590,openml_cc18,tabicl,1,tfm,cuda,11.4,id,0.8669,0.7955304657237061,0.9218251801237012,0.29026995563727775,0.09214118833658386,0.013438843197748065,0.014323839875362957,,
cc18_1590,openml_cc18,tabicl,2,tfm,cuda,11.3,id,0.8709,0.7779198727168721,0.9233130015607587,0.2897687754687288,0.09131295352001512,0.021334145505167542,0.022662047877681956,,
cc18_1590,openml_cc18,tabicl,3,tfm,cuda,11.3,id,0.8707,0.7887789175360771,0.9241423123145461,0.2861118481111255,0.09061050643645127,0.012714111933484672,0.014885297825995842,,
cc18_1590,openml_cc18,tabicl,4,tfm,cuda,11.3,id,0.8691,0.7876278765276512,0.9203167505097201,0.2915247221618833,0.09221150817983817,0.014961397570371626,0.01534217003506801,,
cc18_1590,openml_cc18,tabpfn25,0,tfm,cuda,10.3,id,0.8631,0.7785360396338425,0.9151497194782802,0.3001000200385755,0.09565925751138017,0.013202982467785477,0.01535103017039714,,
cc18_1590,openml_cc18,tabpfn25,1,tfm,cuda,10.2,id,0.8645,0.7798765923741281,0.9171760095294923,0.2972256147128797,0.09463618416922857,0.012129307727515698,0.013777023484412024,,
cc18_1590,openml_cc18,tabpfn25,2,tfm,cuda,10.3,id,0.8676,0.7827434025416691,0.9180364446913689,0.2970138147331963,0.09393581496544719,0.014690906201023613,0.01632830274076801,,
cc18_1590,openml_cc18,tabpfn25,3,tfm,cuda,10.3,id,0.862,0.7682123070637441,0.9185514314195444,0.29727226315296695,0.0948753794617733,0.021591644043847915,0.019914488769975126,,
cc18_1590,openml_cc18,tabpfn25,4,tfm,cuda,10.2,id,0.8653,0.7751725540367785,0.9167023090828378,0.29796013796782306,0.09454018886615799,0.012871255232766275,0.014065414875744867,,
cc18_1590,openml_cc18,tabpfn2,0,tfm,cuda,12.2,id,0.863,0.7777452253420271,0.9139941816571737,0.30267953387785407,0.09636319725748412,0.013609255671501161,0.01675376486536696,,
cc18_1590,openml_cc18,tabpfn2,1,tfm,cuda,12.2,id,0.8635,0.7795026763363501,0.9156642726840205,0.30076467271615964,0.09577680524842627,0.013656966273579747,0.014873585915096311,,
cc18_1590,openml_cc18,tabpfn2,2,tfm,cuda,12.3,id,0.8661,0.7837551089996728,0.91568214128278,0.3019084564791377,0.09547775470734844,0.0172098638820462,0.01791929472559717,,
cc18_1590,openml_cc18,tabpfn2,3,tfm,cuda,12.3,id,0.8625,0.7695403123579919,0.9179697125487587,0.29949458622649855,0.09533828714272015,0.020321452547609805,0.02144059354979022,,
cc18_1590,openml_cc18,tabpfn2,4,tfm,cuda,12.4,id,0.8657,0.7788999450356182,0.9154159297703927,0.30126191358967264,0.09534981672078159,0.014306123082526032,0.0166037159430708,,
cc18_1590,openml_cc18,xgb,0,gbdt,cpu,65.3,id,0.8743,0.7941471788416827,0.9223167881527988,0.28692817546295557,0.09047605617529127,0.012813971523195501,0.013679416365681856,-0.008747730318250102,
cc18_1590,openml_cc18,xgb,1,gbdt,cpu,62.5,id,0.8706,0.7868772775582911,0.9228892636811212,0.2858033542069058,0.09052319941029219,0.009663245276734235,0.010381941230604258,-0.006566954848925555,
cc18_1590,openml_cc18,xgb,2,gbdt,cpu,50.2,id,0.8744,0.7932107765855041,0.9255796727475475,0.2826181272722532,0.08897604577155444,0.01078742448836565,0.011479750945223409,-0.0041470574010994965,
cc18_1590,openml_cc18,xgb,3,gbdt,cpu,76.5,id,0.8685,0.771631088258895,0.922995989598453,0.2907701056442015,0.09134329954452979,0.018212837230414156,0.01902916541329326,-0.004402834468241856,
cc18_1590,openml_cc18,xgb,4,gbdt,cpu,78.5,id,0.8695,0.7789394139929251,0.9206248674606505,0.2913464841912133,0.09160668671767967,0.014399198959022759,0.014654952870359138,-0.011239246693115934,
cc18_31,openml_cc18,catb,0,gbdt,cpu,80.3,id,0.8033333333333333,0.7198412698412698,0.8124338624338625,0.464861441515695,0.1502073031831064,0.04531409506231152,0.035675987529694246,-0.053359006245280005,
cc18_31,openml_cc18,catb,1,gbdt,cpu,97.9,id,0.7766666666666666,0.6753968253968254,0.7992592592592594,0.48424429637122224,0.15836498352636585,0.03509309188107899,0.03274070882454376,-0.033588027622776906,
cc18_31,openml_cc18,catb,2,gbdt,cpu,68.3,id,0.77,0.6642857142857144,0.7960317460317461,0.4923642494474915,0.16185699208094662,0.055205754168457355,0.044817102876532205,-0.019752481530325106,
cc18_31,openml_cc18,catb,3,gbdt,cpu,81.7,id,0.7533333333333333,0.6555555555555556,0.7832804232804232,0.503455314806423,0.16578508985580215,0.06178748232569809,0.03199594911300889,-0.0062871088000879816,
cc18_31,openml_cc18,catb,4,gbdt,cpu,85.1,id,0.7633333333333333,0.6690476190476191,0.7944973544973544,0.49015208279986905,0.16053728014854912,0.04142969192501197,0.036077862967520996,-0.019930624757994397,
cc18_31,openml_cc18,lgbm,0,gbdt,cpu,32.3,id,0.7733333333333333,0.6761904761904762,0.7961375661375661,0.4870935372175711,0.1597546876581038,0.06179744178131695,0.03479842875485145,-0.027794400683460396,
cc18_31,openml_cc18,lgbm,1,gbdt,cpu,23.5,id,0.77,0.6706349206349206,0.7836507936507937,0.4954234442724666,0.16328988158154914,0.06743769931521318,0.03637570585685431,-0.027379974817942687,
cc18_31,openml_cc18,lgbm,2,gbdt,cpu,20.6,id,0.7733333333333333,0.6825396825396826,0.7818518518518519,0.49711635958139994,0.1630569917191885,0.04354248963547598,0.028002565728116033,-0.01118914938672294,
cc18_31,openml_cc18,lgbm,3,gbdt,cpu,22.7,id,0.7633333333333333,0.6658730158730158,0.7863492063492064,0.4926609850258099,0.16235201886808662,0.05213495638787414,0.03357796672831628,-0.024539805200068154,
cc18_31,openml_cc18,lgbm,4,gbdt,cpu,21.1,id,0.77,0.6738095238095239,0.7898941798941798,0.4913295233000894,0.1610956385431347,0.05714378291065629,0.031166943143862817,-0.02048876833515223,
cc18_31,openml_cc18,logreg,0,linear,cpu,1.0,id,0.7566666666666667,0.6611111111111111,0.7626455026455026,0.5134694157047949,0.16976403933148826,0.04468434180781477,0.032408846283064015,,
cc18_31,openml_cc18,logreg,1,linear,cpu,1.0,id,0.7566666666666667,0.6611111111111111,0.7626455026455026,0.5134694157047949,0.16976403933148826,0.04468434180781477,0.032408846283064015,,
cc18_31,openml_cc18,logreg,2,linear,cpu,1.0,id,0.7566666666666667,0.6611111111111111,0.7626455026455026,0.5134694157047949,0.16976403933148826,0.04468434180781477,0.032408846283064015,,
cc18_31,openml_cc18,logreg,3,linear,cpu,1.0,id,0.7566666666666667,0.6611111111111111,0.7626455026455026,0.5134694157047949,0.16976403933148826,0.04468434180781477,0.032408846283064015,,
cc18_31,openml_cc18,logreg,4,linear,cpu,1.0,id,0.7566666666666667,0.6611111111111111,0.7626455026455026,0.5134694157047949,0.16976403933148826,0.04468434180781477,0.032408846283064015,,
cc18_31,openml_cc18,mlp,0,mlp,cpu,1.3,id,0.74,0.6555555555555556,0.7819047619047619,0.4969625330202006,0.16462209572039774,0.056606923739115404,0.038414887654246964,,
cc18_31,openml_cc18,mlp,1,mlp,cpu,1.3,id,0.7366666666666667,0.6785714285714286,0.7657671957671959,0.5191946167317547,0.17222021332111365,0.07314968538781008,0.05943508294750106,,
cc18_31,openml_cc18,mlp,2,mlp,cpu,1.2,id,0.7266666666666667,0.6523809523809524,0.7800529100529101,0.5051318290694812,0.16812640810654686,0.06060838853319485,0.048367370883245685,,
cc18_31,openml_cc18,mlp,3,mlp,cpu,1.2,id,0.77,0.6357142857142857,0.7746560846560846,0.5236967366194275,0.17274026516539148,0.0931461076810956,0.07391404454784947,,
cc18_31,openml_cc18,mlp,4,mlp,cpu,1.2,id,0.7633333333333333,0.6563492063492063,0.7855555555555556,0.4981255074372786,0.16547676902561628,0.04360581600417694,0.03100857633169608,,
cc18_31,openml_cc18,tabicl,0,tfm,cuda,5.0,id,0.7866666666666666,0.7015873015873015,0.807989417989418,0.4715452255402973,0.15472032046011908,0.06342345678557952,0.0454131633711097,,
cc18_31,openml_cc18,tabicl,1,tfm,cuda,4.8,id,0.79,0.7039682539682539,0.8095767195767196,0.4704439366363554,0.15429514441368133,0.06110234829286734,0.04374288706022966,,
cc18_31,openml_cc18,tabicl,2,tfm,cuda,4.8,id,0.7933333333333333,0.7063492063492064,0.8097883597883598,0.4704026708545829,0.1539968951779269,0.060555822340150674,0.04675127639037438,,
cc18_31,openml_cc18,tabicl,3,tfm,cuda,4.8,id,0.7966666666666666,0.7087301587301588,0.8060317460317461,0.4734485205395948,0.15546007524551736,0.08510028846561908,0.04628851269373108,,
cc18_31,openml_cc18,tabicl,4,tfm,cuda,4.7,id,0.7866666666666666,0.6984126984126984,0.8076719576719575,0.4724839961995348,0.15504166621361232,0.05789401546120643,0.0427537126310124,,
cc18_31,openml_cc18,tabpfn25,0,tfm,cuda,4.7,id,0.77,0.6896825396825397,0.799867724867725,0.48279726825103475,0.15791642534521577,0.056903348738948506,0.036456635747398436,,
cc18_31,openml_cc18,tabpfn25,1,tfm,cuda,4.7,id,0.7666666666666667,0.6777777777777778,0.8046825396825397,0.4788133977385907,0.15662682237057354,0.06331761067112286,0.03806796021805465,,
cc18_31,openml_cc18,tabpfn25,2,tfm,cuda,4.8,id,0.7666666666666667,0.6873015873015873,0.803968253968254,0.4799398177366631,0.15723823715294596,0.0712191699196895,0.037676873236341876,,
cc18_31,openml_cc18,tabpfn25,3,tfm,cuda,4.7,id,0.7633333333333333,0.6785714285714286,0.8066666666666668,0.47619464251589555,0.15550672217732128,0.06785301494101685,0.03730900570371427,,
cc18_31,openml_cc18,tabpfn25,4,tfm,cuda,4.7,id,0.76,0.6761904761904762,0.8046560846560846,0.47982094511559287,0.15680295687069423,0.060472253511349355,0.03771065720030902,,
cc18_31,openml_cc18,tabpfn2,0,tfm,cuda,4.5,id,0.7566666666666667,0.6706349206349206,0.7981481481481482,0.48571702933321964,0.15912674730764112,0.04474292054772376,0.035609325803233574,,
cc18_31,openml_cc18,tabpfn2,1,tfm,cuda,4.6,id,0.76,0.6761904761904762,0.7991005291005292,0.48520321874024624,0.158951956427971,0.052473250267406304,0.03606775889759801,,
cc18_31,openml_cc18,tabpfn2,2,tfm,cuda,4.6,id,0.76,0.6761904761904762,0.798968253968254,0.48515443336127484,0.15886670462472288,0.057105629692475006,0.03604069649897892,,
cc18_31,openml_cc18,tabpfn2,3,tfm,cuda,4.5,id,0.7533333333333333,0.6682539682539682,0.7966137566137567,0.48766637506532845,0.1598110984485988,0.05323127726713816,0.037498887837580736,,
cc18_31,openml_cc18,tabpfn2,4,tfm,cuda,4.6,id,0.76,0.6666666666666667,0.7946560846560847,0.4887514891457154,0.1599637063525151,0.04991601131856442,0.0349535586651846,,
cc18_31,openml_cc18,xgb,0,gbdt,cpu,38.8,id,0.7633333333333333,0.6658730158730158,0.7987830687830687,0.4865601859571885,0.1587418961713532,0.049804583365718524,0.038917627955058105,-0.02556854226585009,
cc18_31,openml_cc18,xgb,1,gbdt,cpu,33.3,id,0.7766666666666666,0.6817460317460318,0.8052910052910053,0.47739206455632777,0.15527684164886774,0.0600255729506413,0.031532034237309874,-0.0445125659021024,
cc18_31,openml_cc18,xgb,2,gbdt,cpu,33.8,id,0.77,0.6706349206349206,0.7998941798941799,0.48543467137971247,0.15820589970394328,0.06766868992398184,0.04343098723706645,-0.023881023862856676,
cc18_31,openml_cc18,xgb,3,gbdt,cpu,32.5,id,0.7833333333333333,0.6896825396825397,0.8123280423280422,0.4792139905693832,0.1560221131431246,0.050691793287793795,0.048811003425144,-0.03239077028659065,
cc18_31,openml_cc18,xgb,4,gbdt,cpu,35.6,id,0.78,0.6904761904761905,0.7869841269841269,0.490399864360818,0.16086799444732022,0.056405807013312964,0.033096031779125325,-0.02181810167365933,
cc18_44,openml_cc18,catb,0,gbdt,cpu,238.6,id,0.9572773352643013,0.9573549177735611,0.9892495080469464,0.12286094816569672,0.032667269618915085,0.01584914910448857,0.01523063224561356,-0.0035056926712708353,
cc18_44,openml_cc18,catb,1,gbdt,cpu,303.1,id,0.9565532223026793,0.9557923079626116,0.9892912362077447,0.12278093244832018,0.03300751199340875,0.013402801312901294,0.015029398733963677,-0.006316254434805282,
cc18_44,openml_cc18,catb,2,gbdt,cpu,238.1,id,0.9551049963794352,0.9545975648323846,0.9887861058401854,0.1230574585589743,0.03248641287502424,0.013519094098648732,0.016248897385200002,-0.008234900947122578,
cc18_44,openml_cc18,catb,3,gbdt,cpu,259.0,id,0.9558291093410572,0.9548731903155527,0.9887729285262493,0.12456156391614731,0.033251089964508054,0.013855392846581209,0.016022875334775318,-0.002533620405909376,
cc18_44,openml_cc18,catb,4,gbdt,cpu,314.5,id,0.9529326574945691,0.9518402118912082,0.9895745484573758,0.12217012843129568,0.03321886061016212,0.017683284529756815,0.016901997490547393,-0.005170072923270763,
cc18_44,openml_cc18,lgbm,0,gbdt,cpu,154.1,id,0.9572773352643013,0.956389679527725,0.988726807927472,0.12676106010254193,0.033940295887791946,0.016601806248984826,0.016242406045040285,-0.008340134318540193,
cc18_44,openml_cc18,lgbm,1,gbdt,cpu,126.1,id,0.9551049963794352,0.9555628030782206,0.988794890716143,0.1260467215892819,0.034328628616182195,0.01680359306634489,0.01601695013161806,-0.011455202913700502,
cc18_44,openml_cc18,lgbm,2,gbdt,cpu,136.1,id,0.9594496741491673,0.9578600481411202,0.9894888959167897,0.12164626176950401,0.032604917921472173,0.0172362955868317,0.01632975209815994,-0.013699396729530425,
cc18_44,openml_cc18,lgbm,3,gbdt,cpu,124.2,id,0.9587255611875453,0.958549660903788,0.9889705882352942,0.12553255921021225,0.033010662140760386,0.014698141900754495,0.01814476966641156,-0.006360579685897594,
cc18_44,openml_cc18,lgbm,4,gbdt,cpu,154.7,id,0.9543808834178131,0.954000193267271,0.9893307681495537,0.12336752624728525,0.033269523295614674,0.012492222026158838,0.015253895604205654,-0.008944498757222058,
cc18_44,openml_cc18,logreg,0,linear,cpu,1.1,id,0.9196234612599565,0.9150304835195727,0.9667558331576358,0.23734146191823277,0.06367881187655916,0.0383601176817506,0.03381389954013285,,
cc18_44,openml_cc18,logreg,1,linear,cpu,1.1,id,0.9196234612599565,0.9150304835195727,0.9667558331576358,0.23734146191823277,0.06367881187655916,0.0383601176817506,0.03381389954013285,,
cc18_44,openml_cc18,logreg,2,linear,cpu,1.1,id,0.9196234612599565,0.9150304835195727,0.9667558331576358,0.23734146191823277,0.06367881187655916,0.0383601176817506,0.03381389954013285,,
cc18_44,openml_cc18,logreg,3,linear,cpu,1.0,id,0.9196234612599565,0.9150304835195727,0.9667558331576358,0.23734146191823277,0.06367881187655916,0.0383601176817506,0.03381389954013285,,
cc18_44,openml_cc18,logreg,4,linear,cpu,1.0,id,0.9196234612599565,0.9150304835195727,0.9667558331576358,0.23734146191823277,0.06367881187655916,0.0383601176817506,0.03381389954013285,,
cc18_44,openml_cc18,mlp,0,mlp,cpu,2.0,id,0.942070963070239,0.9428796384145055,0.9818153067678684,0.1753411147829563,0.04741117452510461,0.03509849046911993,0.03622790166412626,,
cc18_44,openml_cc18,mlp,1,mlp,cpu,2.1,id,0.940622737146995,0.93814568838288,0.9789668107386323,0.1831036351726916,0.046226816375450654,0.026395371390114126,0.025086903070660308,,
cc18_44,openml_cc18,mlp,2,mlp,cpu,2.1,id,0.939898624185373,0.9391570472274932,0.9817999332349426,0.17107669240148793,0.04586482919897972,0.027834166684319435,0.025264832725895147,,
cc18_44,openml_cc18,mlp,3,mlp,cpu,1.7,id,0.9326574945691528,0.929965870756905,0.9783738316114976,0.18169137994110393,0.05096526354907481,0.01724548977216374,0.020271004556271448,,
cc18_44,openml_cc18,mlp,4,mlp,cpu,1.8,id,0.9384503982621288,0.9337796050319769,0.9794038583175205,0.17593516374667204,0.04777988127178656,0.01737526424396394,0.021050286172052193,,
cc18_44,openml_cc18,tabicl,0,tfm,cuda,7.1,id,0.9608979000724113,0.9603417755991286,0.9926503531520136,0.10670167839156264,0.03069699259631519,0.017210055520295413,0.015913225743090034,,
cc18_44,openml_cc18,tabicl,1,tfm,cuda,7.1,id,0.9587255611875453,0.9588714069857334,0.9930050425187996,0.10545690452443397,0.03069420651751873,0.019648881962254453,0.01724968721246433,,
cc18_44,openml_cc18,tabicl,2,tfm,cuda,7.1,id,0.9580014482259233,0.9579522893386745,0.9928271487806593,0.10705005377779407,0.031163699441768656,0.01458043755071908,0.016162264251588277,,
cc18_44,openml_cc18,tabicl,3,tfm,cuda,7.2,id,0.9572773352643013,0.9570331716916157,0.9927996960432918,0.10572495942274014,0.030587968426329912,0.01313025103227801,0.015971316004793408,,
cc18_44,openml_cc18,tabicl,4,tfm,cuda,7.2,id,0.9580014482259233,0.9576305432567292,0.9928271487806591,0.10613912078501317,0.03066777436425924,0.017455524420345467,0.01670353304652656,,
cc18_44,openml_cc18,tabpfn25,0,tfm,cuda,5.9,id,0.9543808834178131,0.9549654315131071,0.9916774281397146,0.11374374104762998,0.032646659886382275,0.01674893281471787,0.015444340583839094,,
cc18_44,openml_cc18,tabpfn25,1,tfm,cuda,6.0,id,0.9543808834178131,0.954000193267271,0.9922089131351466,0.11133616075915295,0.0322392423930128,0.01575241708058452,0.016385779186846364,,
cc18_44,openml_cc18,tabpfn25,2,tfm,cuda,5.9,id,0.9529326574945691,0.9531271962189893,0.9917356279429335,0.11385046485072653,0.032886686795238075,0.012252931570085326,0.01646620243135627,,
cc18_44,openml_cc18,tabpfn25,3,tfm,cuda,5.9,id,0.9543808834178131,0.9552871775950524,0.9921880490547473,0.11149437843982403,0.032188395540539656,0.01483321355373899,0.016800625319811545,,
cc18_44,openml_cc18,tabpfn25,4,tfm,cuda,5.9,id,0.9565532223026793,0.9570792922903929,0.992070551338815,0.11219673108884758,0.03259216305446195,0.01111989785835502,0.014897915914960516,,
cc18_44,openml_cc18,tabpfn2,0,tfm,cuda,6.5,id,0.9587255611875453,0.9601583913135147,0.990980128610584,0.12018612187833032,0.03364485846962346,0.016946600184955935,0.018877086109007294,,
cc18_44,openml_cc18,tabpfn2,1,tfm,cuda,6.5,id,0.9558291093410572,0.9558384285613888,0.9904266814252582,0.11987390568455843,0.033454529090408726,0.016906335685539738,0.017357726807817404,,
cc18_44,openml_cc18,tabpfn2,2,tfm,cuda,6.5,id,0.9587255611875453,0.9595148991496241,0.9901829011174362,0.12143264540138694,0.03388283341955202,0.018162121691462554,0.018530237187622218,,
cc18_44,openml_cc18,tabpfn2,3,tfm,cuda,6.5,id,0.9572773352643013,0.9589636481832877,0.9905518659076533,0.12070340473079047,0.03365812544855493,0.019477938622193085,0.019283214220363866,,
cc18_44,openml_cc18,tabpfn2,4,tfm,cuda,6.7,id,0.9551049963794352,0.9568497874060018,0.9901686256940051,0.1225913032261262,0.03425737391383521,0.019736630328210023,0.019184126764303693,,
cc18_44,openml_cc18,xgb,0,gbdt,cpu,122.0,id,0.9551049963794352,0.9529888344226579,0.9878505165507063,0.13207632436676023,0.03603000019126628,0.01835003871791694,0.0174266551060682,-0.003728740268484826,
cc18_44,openml_cc18,xgb,1,gbdt,cpu,85.6,id,0.9572773352643013,0.956389679527725,0.9883556469182656,0.1282167550252217,0.03435271572170033,0.016246022792785246,0.01756437754917992,-0.009389984529683953,
cc18_44,openml_cc18,xgb,2,gbdt,cpu,71.7,id,0.9580014482259233,0.9560218128470026,0.988335880947361,0.12692799710093206,0.03388917970491317,0.014333245705254766,0.01716277086034705,-0.006556381261052069,
cc18_44,openml_cc18,xgb,3,gbdt,cpu,100.1,id,0.9565532223026793,0.9535400853889944,0.9875013177313935,0.13730809286860696,0.037293478543332335,0.019696174314883533,0.020381140491212042,-0.00042023275436717245,
cc18_44,openml_cc18,xgb,4,gbdt,cpu,94.2,id,0.9558291093410572,0.9535862059877714,0.9878175732658656,0.1288784458629963,0.034761738335964854,0.01513524083751083,0.01615508701094019,-0.002902233772086066,
ts_brfss_diabetes,tableshift,catb,0,gbdt,cpu,213.7,id,0.1276,0.43807477632669695,0.18321998785211038,2.5861864917947233,0.7231782090301208,0.7512792572066358,0.7428210576745121,2.2866756595325297,
ts_brfss_diabetes,tableshift,catb,0,gbdt,cpu,213.7,ood,0.169,0.44744283232935544,0.18385444107975166,2.4312712104667185,0.6876400701140506,0.6991430051823542,0.6896418953990843,,-0.04140000000000002
ts_brfss_diabetes,tableshift,catb,1,gbdt,cpu,285.8,id,0.1263,0.46416130531743177,0.1849808075104518,2.5170756332402364,0.7203885046382774,0.7496330068688388,0.7460764419913951,2.215850017955619,
ts_brfss_diabetes,tableshift,catb,1,gbdt,cpu,285.8,ood,0.1699,0.4662535094441489,0.19909383894991736,2.3644695049653164,0.6850169159741285,0.7027824312605545,0.6948728448876318,,-0.0436
ts_brfss_diabetes,tableshift,catb,2,gbdt,cpu,205.3,id,0.124,0.44208907643440615,0.18472221621730683,2.557037582695378,0.7255325922584785,0.7548674603690544,0.747677581445155,2.2528785094555066,
ts_brfss_diabetes,tableshift,catb,2,gbdt,cpu,205.3,ood,0.1666,0.4394127558208782,0.18718128883332158,2.3794767265791577,0.6852935333809341,0.6997425874346165,0.6891600497905584,,-0.0426
ts_brfss_diabetes,tableshift,catb,3,gbdt,cpu,232.6,id,0.1259,0.4513610840191868,0.18831863952911382,2.506193497815461,0.724363064429644,0.7545602283231017,0.7479029328220382,2.209069821254946,
ts_brfss_diabetes,tableshift,catb,3,gbdt,cpu,232.6,ood,0.1714,0.44963660448963516,0.18293802243965146,2.3689072802431594,0.6869865260938385,0.6995406297024664,0.6892386367218762,,-0.045499999999999985
ts_brfss_diabetes,tableshift,catb,4,gbdt,cpu,242.0,id,0.1223,0.4544447451205899,0.17670009627698674,2.5155722497607016,0.7251791088619246,0.7548842858164624,0.7499451231413021,2.2203333616016288,
ts_brfss_diabetes,tableshift,catb,4,gbdt,cpu,242.0,ood,0.1639,0.4554539631044462,0.1829689593262379,2.3845890322348398,0.6917145916566693,0.7113404566338835,0.6999213340602755,,-0.041599999999999984
ts_brfss_diabetes,tableshift,lgbm,0,gbdt,cpu,283.8,id,0.129,0.4518341619057878,0.1953619957864257,2.478440268648022,0.718545886588144,0.7488163962548771,0.7430274842478495,2.1751793213519894,
ts_brfss_diabetes,tableshift,lgbm,0,gbdt,cpu,283.8,ood,0.1712,0.4555145673121052,0.19280879402913095,2.3548079575266807,0.6832201140625372,0.6971098655778446,0.6894719672153048,,-0.04219999999999999
ts_brfss_diabetes,tableshift,lgbm,1,gbdt,cpu,191.7,id,0.1275,0.46054952403766636,0.18963678641297219,2.4501678806289,0.7183574885386612,0.7491919062465812,0.7447071073415594,2.1470898744264755,
ts_brfss_diabetes,tableshift,lgbm,1,gbdt,cpu,191.7,ood,0.169,0.45799091026730765,0.20263347616947075,2.3079939300944914,0.6811795737879481,0.6977766626877843,0.690671895105401,,-0.04150000000000001
ts_brfss_diabetes,tableshift,lgbm,2,gbdt,cpu,215.3,id,0.1223,0.4525322247779142,0.19278570666805017,2.3546045646705855,0.7164642804338588,0.7505834924302939,0.746182206452651,2.045765554159884,
ts_brfss_diabetes,tableshift,lgbm,2,gbdt,cpu,215.3,ood,0.1683,0.455274432381278,0.1902008746261219,2.2126155926275843,0.6780843834233755,0.6965685585422752,0.6886998486053393,,-0.046
ts_brfss_diabetes,tableshift,lgbm,3,gbdt,cpu,241.2,id,0.128,0.4416496985666946,0.19224313647485583,2.5563960439102122,0.7269800537238237,0.7543760465830858,0.7474359369398748,2.2553295610096518,
ts_brfss_diabetes,tableshift,lgbm,3,gbdt,cpu,241.2,ood,0.1706,0.4388450450173983,0.18436528110940054,2.4346137530932155,0.6913111958339461,0.7018438268925469,0.6897776019265758,,-0.0426
ts_brfss_diabetes,tableshift,lgbm,4,gbdt,cpu,223.3,id,0.1252,0.4445345260477078,0.18131044363431623,2.580779760564208,0.7302693041502409,0.75562598926337,0.7505158140050978,2.281445732743788,
ts_brfss_diabetes,tableshift,lgbm,4,gbdt,cpu,223.3,ood,0.1625,0.4392452657905219,0.18649118799702946,2.456754647654301,0.6981984119188156,0.7128770387271917,0.7012045357702955,,-0.0373
ts_brfss_diabetes,tableshift,logreg,0,linear,cpu,2.5,id,0.1289,0.4326698081927411,0.1975590273927976,2.644192888573472,0.7253825431093915,0.7530070277577878,0.742882926560857,,
ts_brfss_diabetes,tableshift,logreg,0,linear,cpu,2.5,ood,0.1714,0.44103700417327507,0.2113814693527858,2.605359519616711,0.6962552301164964,0.7062723373200921,0.6945342293479182,,-0.04250000000000001
ts_brfss_diabetes,tableshift,logreg,1,linear,cpu,2.5,id,0.1266,0.435222495993247,0.19224046292969219,2.6115568749112374,0.7245375921891754,0.7542738667691172,0.743955173600295,,
ts_brfss_diabetes,tableshift,logreg,1,linear,cpu,2.5,ood,0.1688,0.43948316702375123,0.2141599549877874,2.458867019340189,0.6879980820179129,0.7031761056434737,0.6909319647135207,,-0.042200000000000015
ts_brfss_diabetes,tableshift,logreg,2,linear,cpu,2.6,id,0.1266,0.4472722791968594,0.1945966390248402,2.599934435794743,0.7249820627549634,0.7539610345974939,0.747418660085279,,
ts_brfss_diabetes,tableshift,logreg,2,linear,cpu,2.6,ood,0.1689,0.44354217434199134,0.22113994967659617,2.6086017484854835,0.6956426647716482,0.7096548158548941,0.6977842377850526,,-0.042300000000000004
ts_brfss_diabetes,tableshift,logreg,3,linear,cpu,2.5,id,0.1283,0.4431451014949039,0.2005451180352366,2.6591791694301756,0.7271628007159757,0.7556859683562689,0.7469248533081422,,
ts_brfss_diabetes,tableshift,logreg,3,linear,cpu,2.5,ood,0.1756,0.4339953388537399,0.20815901771542455,2.536303896230894,0.6868052481214573,0.6962044950423993,0.6831864977832209,,-0.04730000000000001
ts_brfss_diabetes,tableshift,logreg,4,linear,cpu,2.5,id,0.1261,0.437903798667253,0.18918255127831612,2.6851339768588596,0.7318799958160135,0.7578070472390124,0.7500892884442574,,
ts_brfss_diabetes,tableshift,logreg,4,linear,cpu,2.5,ood,0.1681,0.44308679758613057,0.21141506551014577,2.7001400870162344,0.704486220912259,0.7152323262589967,0.7028494478669731,,-0.04200000000000001
ts_brfss_diabetes,tableshift,mlp,0,mlp,cpu,4.7,id,0.1292,0.4623122653742394,0.20417518524478243,3.3020439723884163,0.757836480824486,0.7742396224163473,0.7675580882190253,,
ts_brfss_diabetes,tableshift,mlp,0,mlp,cpu,4.7,ood,0.1725,0.4625914548885034,0.22227450373317656,3.2827271514384555,0.7234620557164472,0.7280740440830588,0.7168295329325362,,-0.04329999999999998
ts_brfss_diabetes,tableshift,mlp,1,mlp,cpu,4.4,id,0.1268,0.4793345653029447,0.20895925481523306,2.7494488022981316,0.7343212686271339,0.7624952488631009,0.7598653024869294,,
ts_brfss_diabetes,tableshift,mlp,1,mlp,cpu,4.4,ood,0.1712,0.4861080202610644,0.23932071960232992,2.838956194750906,0.7153163209312106,0.7288535973489285,0.7240812990597699,,-0.044399999999999995
ts_brfss_diabetes,tableshift,mlp,2,mlp,cpu,4.4,id,0.1307,0.4267869907591558,0.2005558269777309,2.218557523108299,0.6750953269173086,0.7156799575209618,0.7081413670583057,,
ts_brfss_diabetes,tableshift,mlp,2,mlp,cpu,4.4,ood,0.1719,0.4241329156848352,0.22977744826599894,2.22749982362854,0.6513866204232251,0.6714938793957234,0.658895251828903,,-0.04119999999999999
ts_brfss_diabetes,tableshift,mlp,3,mlp,cpu,4.7,id,0.1283,0.43553654843180534,0.20731916853458354,2.9174441247423264,0.7327930661519453,0.7582468689182773,0.7483348667790158,,
ts_brfss_diabetes,tableshift,mlp,3,mlp,cpu,4.7,ood,0.1781,0.43990190111345817,0.22164405141240914,3.040849253684316,0.6964442557883977,0.7017448455339763,0.6864253939518316,,-0.04980000000000001
ts_brfss_diabetes,tableshift,mlp,4,mlp,cpu,4.8,id,0.1325,0.41978757594042826,0.19772631547935354,2.9504378362531782,0.7239489246551211,0.7445919622953981,0.7356871395980941,,
ts_brfss_diabetes,tableshift,mlp,4,mlp,cpu,4.8,ood,0.1705,0.4342904841449532,0.21132410864391296,3.065859896484236,0.708364599588423,0.7118606333367525,0.6972047359517097,,-0.038000000000000006
ts_brfss_diabetes,tableshift,tabicl,0,tfm,cuda,94.8,id,0.1266,0.44138546689972213,0.1837420977925306,2.9307500095258763,0.7392573877221945,0.762156931784749,0.7538773912382538,,
ts_brfss_diabetes,tableshift,tabicl,0,tfm,cuda,94.8,ood,0.1686,0.449895486550417,0.1833651968103183,2.764786347730282,0.704369814273673,0.7108907819196582,0.7016721013366936,,-0.04200000000000001
ts_brfss_diabetes,tableshift,tabicl,1,tfm,cuda,94.2,id,0.1247,0.45133399209486164,0.18201179104711712,2.951880278960847,0.7395536906921523,0.763070285344124,0.7554361520513848,,
ts_brfss_diabetes,tableshift,tabicl,1,tfm,cuda,94.2,ood,0.168,0.4548886984221432,0.19520420574334507,2.7707459174351077,0.7039874470796526,0.7140595234394074,0.7042806090357602,,-0.043300000000000005
ts_brfss_diabetes,tableshift,tabicl,2,tfm,cuda,95.2,id,0.1239,0.4450539433558734,0.18263169500025941,2.8915997104865157,0.7437373482941612,0.7653354186832906,0.7594014770964348,,
ts_brfss_diabetes,tableshift,tabicl,2,tfm,cuda,95.2,ood,0.1666,0.44260768862058675,0.1865772459779824,2.7073301414314437,0.7037279516689934,0.712954973988235,0.7017643078484204,,-0.0427
ts_brfss_diabetes,tableshift,tabicl,3,tfm,cuda,95.0,id,0.1253,0.4516783447119415,0.18620132543675033,2.9574760307800387,0.7455868987800254,0.767872024141252,0.7605653139624454,,
ts_brfss_diabetes,tableshift,tabicl,3,tfm,cuda,95.0,ood,0.1719,0.44862543922011894,0.1800906315051888,2.7996735030234525,0.7072751169595118,0.7130119689330459,0.7015252693189389,,-0.0466
ts_brfss_diabetes,tableshift,tabicl,4,tfm,cuda,95.1,id,0.1233,0.4512738241895657,0.1737510452436368,3.0525044542087816,0.7458737051650892,0.7662632485389709,0.7589784166982116,,
ts_brfss_diabetes,tableshift,tabicl,4,tfm,cuda,95.1,ood,0.1629,0.44740155951095034,0.1811400690508909,2.9003479827011907,0.7129612379070316,0.7229569666236639,0.7101392137785231,,-0.03959999999999998
ts_brfss_diabetes,tableshift,tabpfn25,0,tfm,cuda,86.7,id,0.1266,0.44235699959591895,0.18182492940432765,2.8839472475583166,0.7355856910082212,0.7580864640146494,0.7505998588938174,,
ts_brfss_diabetes,tableshift,tabpfn25,0,tfm,cuda,86.7,ood,0.1692,0.45115764407683456,0.1830507814523783,2.718163105871547,0.7001733490782093,0.707240787023306,0.6975598113764591,,-0.0426
ts_brfss_diabetes,tableshift,tabpfn25,1,tfm,cuda,86.7,id,0.1254,0.45570541667379616,0.18206610857302558,2.8540052976381567,0.7365973929739594,0.7601334341853857,0.7541614533572653,,
ts_brfss_diabetes,tableshift,tabpfn25,1,tfm,cuda,86.7,ood,0.1693,0.46135043320356517,0.19703113885339002,2.657661636296789,0.699469321757222,0.7093502262026072,0.7020373426469807,,-0.043899999999999995
ts_brfss_diabetes,tableshift,tabpfn25,2,tfm,cuda,85.6,id,0.1229,0.4441452795600367,0.18180860124863807,2.8451253378021595,0.7387370403446613,0.7613630174636841,0.7548718794612389,,
ts_brfss_diabetes,tableshift,tabpfn25,2,tfm,cuda,85.6,ood,0.1671,0.4449639445772175,0.18434843258909667,2.6522830412950715,0.6994473107194658,0.7073502734988928,0.6974250122355105,,-0.0442
ts_brfss_diabetes,tableshift,tabpfn25,3,tfm,cuda,87.2,id,0.1247,0.4470335055809364,0.18583322282679987,2.869800651973726,0.7412789461672741,0.7640296363562346,0.757055650009656,,
ts_brfss_diabetes,tableshift,tabpfn25,3,tfm,cuda,87.2,ood,0.1718,0.4463720972259872,0.17973253817656096,2.7201142063208135,0.7033871770039883,0.7077838298618793,0.6974300767027549,,-0.0471
ts_brfss_diabetes,tableshift,tabpfn25,4,tfm,cuda,87.4,id,0.1227,0.45263195894024755,0.17490472324640036,3.0099665045870774,0.7459133762538096,0.7658765104591846,0.76038176645322,,
ts_brfss_diabetes,tableshift,tabpfn25,4,tfm,cuda,87.4,ood,0.1631,0.451014108985973,0.18119045929613092,2.834740296327549,0.7115736778707086,0.7197959187686443,0.7099405218732334,,-0.04039999999999999
ts_brfss_diabetes,tableshift,tabpfn2,0,tfm,cuda,86.7,id,0.1259,0.4451926337683415,0.1817255551373994,2.914472147713077,0.7501674300937411,0.7709775548249482,0.7635358074612761,,
ts_brfss_diabetes,tableshift,tabpfn2,0,tfm,cuda,86.7,ood,0.1692,0.45722176903893763,0.1847285856372187,2.7341949606186406,0.7131677149817138,0.721025126414001,0.7122511234597604,,-0.04329999999999998
ts_brfss_diabetes,tableshift,tabpfn2,1,tfm,cuda,87.1,id,0.1249,0.4630270092226614,0.1822150695977277,2.898371618397549,0.7490255804578059,0.7698218882530927,0.7646928780792205,,
ts_brfss_diabetes,tableshift,tabpfn2,1,tfm,cuda,87.1,ood,0.1684,0.46625361385822617,0.19718139071058585,2.701543576382673,0.7099729474813932,0.7199047752737999,0.7118678883739272,,-0.0435
ts_brfss_diabetes,tableshift,tabpfn2,2,tfm,cuda,87.0,id,0.1241,0.4616224656855116,0.18459759921081,2.839511091437076,0.7505397551039712,0.7725735037058592,0.7670527504578493,,
ts_brfss_diabetes,tableshift,tabpfn2,2,tfm,cuda,87.0,ood,0.1654,0.45306426401463223,0.18903720177740832,2.6309804657647824,0.7082929117245603,0.7186501392006874,0.7097545648398113,,-0.04129999999999999
ts_brfss_diabetes,tableshift,tabpfn2,3,tfm,cuda,88.3,id,0.1258,0.45527337177534805,0.18862868164992672,3.0021295307884324,0.7599630271713964,0.7782157192409038,0.7724996545254372,,
ts_brfss_diabetes,tableshift,tabpfn2,3,tfm,cuda,88.3,ood,0.173,0.4571878660167658,0.1840711549379338,2.8462393552285676,0.7209260962259784,0.7240949929311872,0.7153561140873026,,-0.04719999999999999
ts_brfss_diabetes,tableshift,tabpfn2,4,tfm,cuda,88.3,id,0.1219,0.4559172701709744,0.17357618630378938,3.073378728648785,0.7597080077467739,0.7770904525801539,0.772362063144981,,
ts_brfss_diabetes,tableshift,tabpfn2,4,tfm,cuda,88.3,ood,0.165,0.46077306692983616,0.18315620891216156,2.9097285762676526,0.7249805397253188,0.7318637323647739,0.7236120367665158,,-0.04310000000000001
ts_brfss_diabetes,tableshift,xgb,0,gbdt,cpu,86.0,id,0.1294,0.43813903601167176,0.18974932490021532,2.546234909811634,0.7224655464617714,0.7496585498988628,0.7421862968987941,2.243314643358315,
ts_brfss_diabetes,tableshift,xgb,0,gbdt,cpu,86.0,ood,0.1712,0.4445093034919922,0.1865850231213397,2.4254251313202015,0.6873290509106992,0.6970162959769368,0.6879215284960503,,-0.041800000000000004
ts_brfss_diabetes,tableshift,xgb,1,gbdt,cpu,79.4,id,0.1261,0.4458521550912855,0.1869488486645107,2.5680668006840692,0.7228805318642598,0.7508731476858259,0.7445055741779808,2.266006277244062,
ts_brfss_diabetes,tableshift,xgb,1,gbdt,cpu,79.4,ood,0.1684,0.4471859327229472,0.20016940835990615,2.4018276418885383,0.6847408685153549,0.6984131027087569,0.6894308423072454,,-0.042300000000000004
ts_brfss_diabetes,tableshift,xgb,2,gbdt,cpu,79.5,id,0.1224,0.438150332336037,0.18606670175939216,2.485413101918824,0.7230764461110887,0.7529683384805916,0.7465481878619485,2.1800280266730585,
ts_brfss_diabetes,tableshift,xgb,2,gbdt,cpu,79.5,ood,0.1685,0.44261564941659937,0.18643119330376945,2.3274492382752143,0.6837649741873726,0.6988106650203466,0.6882102256402521,,-0.046100000000000016
ts_brfss_diabetes,tableshift,xgb,3,gbdt,cpu,82.1,id,0.1257,0.43966806689138704,0.18834363717639407,2.5643841834428076,0.727600657263906,0.7550495505273342,0.7481571403587906,2.2646507886954246,
ts_brfss_diabetes,tableshift,xgb,3,gbdt,cpu,82.1,ood,0.1715,0.43807733683856986,0.1841596382923224,2.421888466561333,0.6884589380272264,0.698192293305695,0.6866063117459822,,-0.04580000000000001
ts_brfss_diabetes,tableshift,xgb,4,gbdt,cpu,87.6,id,0.1236,0.4425986202602134,0.17759521401170236,2.6197360676745083,0.7313594114063751,0.7561154846668243,0.7504589328138201,2.323571802830605,
ts_brfss_diabetes,tableshift,xgb,4,gbdt,cpu,87.6,ood,0.1625,0.43901246709792613,0.18500379234300082,2.4831364321067833,0.6973944959718054,0.7121891342490911,0.6996323322218582,,-0.038900000000000004
ts_college_scorecard,tableshift,catb,0,gbdt,cpu,342.9,id,0.9437,0.8230419875807038,0.9719227346972386,0.13472414568234406,0.04093546204454862,0.012054414717494976,0.012716679221528623,-0.0030098595416839236,
ts_college_scorecard,tableshift,catb,0,gbdt,cpu,342.9,ood,0.8468934911242604,0.7862712037604742,0.883752299202943,0.38437397808768775,0.11685678988913037,0.04781026688478079,0.039871712912082385,,0.0968065088757396
ts_college_scorecard,tableshift,catb,1,gbdt,cpu,333.8,id,0.9393,0.8111512478465965,0.9690995842014594,0.1427357977069749,0.04357632073673133,0.013879659840156782,0.013752044624618005,0.0026569288474119768,
ts_college_scorecard,tableshift,catb,1,gbdt,cpu,333.8,ood,0.8350591715976331,0.752835683629675,0.8845135908440629,0.39030791056588193,0.12090680075599362,0.06576830876993617,0.06535222936252,,0.10424082840236693
ts_college_scorecard,tableshift,catb,2,gbdt,cpu,316.6,id,0.9424,0.8157635074631122,0.9722495815010638,0.1369264684536636,0.041847618833903026,0.013232082366644832,0.014032745327923427,-0.010665084347742604,
ts_college_scorecard,tableshift,catb,2,gbdt,cpu,316.6,ood,0.8380177514792899,0.7615215614142653,0.8829450235029634,0.3871103627010933,0.119618558278732,0.0552421950904832,0.05061861310464453,,0.1043822485207101
ts_college_scorecard,tableshift,catb,3,gbdt,cpu,310.9,id,0.9417,0.8094048527114889,0.9690553376194109,0.13998616785771292,0.04214349292826249,0.011606736863078112,0.012055885273797397,-0.007792523954796848,
ts_college_scorecard,tableshift,catb,3,gbdt,cpu,310.9,ood,0.8402366863905325,0.7677089720008174,0.8739270386266094,0.3989444862479078,0.1228373850112006,0.049708922004259595,0.049369598694086365,,0.10146331360946748
ts_college_scorecard,tableshift,catb,4,gbdt,cpu,342.4,id,0.9401,0.8129816281813584,0.9701878083038372,0.1402275307231357,0.04291710921788155,0.013899871734463195,0.014282122787603931,-0.0003459254021224156,
ts_college_scorecard,tableshift,catb,4,gbdt,cpu,342.4,ood,0.8247041420118343,0.761674841610464,0.8715639689352137,0.4042106529906537,0.1260950537196169,0.04481659823396441,0.03688332037475202,,0.11539585798816576
ts_college_scorecard,tableshift,lgbm,0,gbdt,cpu,422.1,id,0.9448,0.830789901042462,0.9735196723493827,0.1318934926411034,0.03992183525725959,0.011192260234568171,0.012184670753802593,-0.003952543823058763,
ts_college_scorecard,tableshift,lgbm,0,gbdt,cpu,422.1,ood,0.8454142011834319,0.7878142244022073,0.8834534028203557,0.3863765510863006,0.1174729406750605,0.037474412126593325,0.03788058160017003,,0.09938579881656806
ts_college_scorecard,tableshift,lgbm,1,gbdt,cpu,333.6,id,0.941,0.8171713071948481,0.9702814081229537,0.14127584235256224,0.04290407935103576,0.01185087818025871,0.014265154305651569,0.0024802727952480397,
ts_college_scorecard,tableshift,lgbm,1,gbdt,cpu,333.6,ood,0.8217455621301775,0.7366390762313508,0.8781192519926426,0.40343307103715254,0.1261268082059612,0.06481621642870518,0.06314284634951439,,0.11925443786982248
ts_college_scorecard,tableshift,lgbm,2,gbdt,cpu,348.4,id,0.9419,0.8194462268078868,0.9734764713766689,0.13479607363479928,0.041245693337078976,0.013322576366125414,0.01374702239056976,-0.012351712213448773,
ts_college_scorecard,tableshift,lgbm,2,gbdt,cpu,348.4,ood,0.841715976331361,0.7746678929082362,0.8924228489679135,0.37123321428205275,0.11571319785813708,0.036769470552151816,0.036504045975222076,,0.10018402366863899
ts_college_scorecard,tableshift,lgbm,3,gbdt,cpu,399.5,id,0.9421,0.8130298572518252,0.9728027496276925,0.13385846774459897,0.04060735953521506,0.012223688231252887,0.0135821821246799,-0.012027329497533962,
ts_college_scorecard,tableshift,lgbm,3,gbdt,cpu,399.5,ood,0.8424556213017751,0.7797823421213979,0.8820917637441242,0.38337820270792733,0.11835540396446742,0.04376283686964088,0.033740680281297904,,0.09964437869822496
ts_college_scorecard,tableshift,lgbm,4,gbdt,cpu,412.2,id,0.9407,0.8153345693578291,0.9727935277262767,0.1359963403837634,0.04199029526970992,0.015896820491918776,0.016530862068535865,-0.0009954476182185978,
ts_college_scorecard,tableshift,lgbm,4,gbdt,cpu,412.2,ood,0.8372781065088757,0.7727569997956264,0.8872496423462087,0.38062681916251395,0.11791198554998722,0.03815464619828447,0.03473662682829555,,0.1034218934911243
ts_college_scorecard,tableshift,logreg,0,linear,cpu,1.3,id,0.9373,0.8092105668847546,0.9489905830554486,0.1688858515384481,0.04885415750782702,0.011008441705884043,0.01270252890044132,,
ts_college_scorecard,tableshift,logreg,0,linear,cpu,1.3,ood,0.8254437869822485,0.7609033312895974,0.8445917637441244,0.462583454184695,0.13775071864095315,0.07183275936346332,0.06111936910446914,,0.1118562130177515
ts_college_scorecard,tableshift,logreg,1,linear,cpu,1.3,id,0.9343,0.8052597162468094,0.9482213563510745,0.1712194334856274,0.04999286989027376,0.009828095739073185,0.012117306514969116,,
ts_college_scorecard,tableshift,logreg,1,linear,cpu,1.3,ood,0.8276627218934911,0.7618587778459023,0.8515685673410995,0.4559631222346245,0.1328202286701915,0.0644104604004614,0.05952775519181994,,0.10663727810650891
ts_college_scorecard,tableshift,logreg,2,linear,cpu,1.3,id,0.9335,0.799077377387654,0.9511875709380649,0.1692536695206131,0.049883174921494175,0.006016844064421375,0.009062178175739788,,
ts_college_scorecard,tableshift,logreg,2,linear,cpu,1.3,ood,0.8091715976331361,0.7360208461066831,0.8406831187410586,0.46131701701018285,0.13832098937197723,0.058577369137550545,0.05157646324869947,,0.12432840236686393
ts_college_scorecard,tableshift,logreg,3,linear,cpu,1.3,id,0.9325,0.7966701173222912,0.9484422105989612,0.17009447887261578,0.049813161193224924,0.007649773287024958,0.01066948685207984,,
ts_college_scorecard,tableshift,logreg,3,linear,cpu,1.3,ood,0.8202662721893491,0.7584559574902923,0.8398528510116492,0.4618008240501956,0.13699114161828863,0.06757053627245105,0.05729670295994828,,0.11223372781065089
ts_college_scorecard,tableshift,logreg,4,linear,cpu,1.3,id,0.9336,0.8002157424574414,0.9499063093432215,0.17112381813159036,0.050224453492797576,0.008401566509362057,0.010641377725799782,,
ts_college_scorecard,tableshift,logreg,4,linear,cpu,1.3,ood,0.8084319526627219,0.741370324954016,0.8380390353566319,0.4667733906380853,0.1410884029694993,0.06546027828718545,0.05251745478738571,,0.12516804733727804
ts_college_scorecard,tableshift,mlp,0,mlp,cpu,3.9,id,0.9347,0.8067058867057525,0.9617644519683594,0.1600803952436147,0.047743245909651504,0.022159605151787398,0.024869570039394908,,
ts_college_scorecard,tableshift,mlp,0,mlp,cpu,3.9,ood,0.8047337278106509,0.7530758226037196,0.8454680155323931,0.5128300919028109,0.1469191045581167,0.09947668788568861,0.10052331474818064,,0.12996627218934909
ts_college_scorecard,tableshift,mlp,1,mlp,cpu,3.8,id,0.9388,0.8192755544732166,0.9628251752036152,0.15472111445856282,0.046407283623904845,0.017530319854617116,0.01940607331349539,,
ts_college_scorecard,tableshift,mlp,1,mlp,cpu,3.8,ood,0.8195266272189349,0.7657674228489679,0.8601854690374005,0.46921424878649726,0.1376992305744658,0.07986012828596951,0.07645799039122328,,0.11927337278106509
ts_college_scorecard,tableshift,mlp,2,mlp,cpu,3.0,id,0.9325,0.8084276560067074,0.9522149252262889,0.1692839252799055,0.05017210818586166,0.012681215413101018,0.013065798632097043,,
ts_college_scorecard,tableshift,mlp,2,mlp,cpu,3.0,ood,0.8010355029585798,0.752355405681586,0.8101624770079705,0.5052399728046444,0.15220251397655063,0.07309067938697232,0.06931499564105163,,0.13146449704142016
ts_college_scorecard,tableshift,mlp,3,mlp,cpu,3.9,id,0.9392,0.8032200065380843,0.9611031201191385,0.15720168756649397,0.046025757457715075,0.019503560805227606,0.022258585727997063,,
ts_college_scorecard,tableshift,mlp,3,mlp,cpu,3.9,ood,0.7980769230769231,0.6946198651134273,0.8472639484978541,0.6182419759761312,0.1587275756018638,0.1346490600314432,0.13940212053848972,,0.1411230769230769
ts_college_scorecard,tableshift,mlp,4,mlp,cpu,3.9,id,0.9361,0.8190606213832238,0.9579271644474409,0.1631182557806239,0.04753824901510682,0.0170909482806921,0.02080578007987223,,
ts_college_scorecard,tableshift,mlp,4,mlp,cpu,3.9,ood,0.7884615384615384,0.7563151440833844,0.8418148375229919,0.5148467204355561,0.15487790902570325,0.10829150263005152,0.10365981531150006,,0.1476384615384616
ts_college_scorecard,tableshift,tabicl,0,tfm,cuda,53.2,id,0.9464,0.8391628963461413,0.9761740711009965,0.12524212324032283,0.03841278716991867,0.011745446247793742,0.014570359736953501,,
ts_college_scorecard,tableshift,tabicl,0,tfm,cuda,53.2,ood,0.8535502958579881,0.7943695074596362,0.9021127120376048,0.3519115561619914,0.10893817503757947,0.036796356735960455,0.03511914208612472,,0.09284970414201188
ts_college_scorecard,tableshift,tabicl,1,tfm,cuda,53.5,id,0.9436,0.827407527667289,0.9746041345347296,0.12911727589543942,0.04009294675701802,0.011843569889012723,0.013890414763987762,,
ts_college_scorecard,tableshift,tabicl,1,tfm,cuda,53.5,ood,0.8609467455621301,0.8016963008379318,0.912313509094625,0.3360854451111257,0.10294875823922571,0.036556237249100614,0.03683638777547544,,0.08265325443786986
ts_college_scorecard,tableshift,tabicl,2,tfm,cuda,54.0,id,0.9449,0.83307702947031,0.9769542634846489,0.1250016392022395,0.038707291540100684,0.008867853989871222,0.012690153550229897,,
ts_college_scorecard,tableshift,tabicl,2,tfm,cuda,54.0,ood,0.8357988165680473,0.7795319844676067,0.9011381054567751,0.35353065903817965,0.1114128759876233,0.02955587635907902,0.0272903070322255,,0.10910118343195263
ts_college_scorecard,tableshift,tabicl,3,tfm,cuda,53.4,id,0.9449,0.8309333115397188,0.9764977207511533,0.12282822817433034,0.03792971731114332,0.009154108510492368,0.012018083137094304,,
ts_college_scorecard,tableshift,tabicl,3,tfm,cuda,53.4,ood,0.8387573964497042,0.7823319027181688,0.9068273554056816,0.3495891380430684,0.11107110652060385,0.03145039489647076,0.02914894285902875,,0.10614260355029581
ts_college_scorecard,tableshift,tabicl,4,tfm,cuda,53.3,id,0.9436,0.8260374178324625,0.9761437833586156,0.12448860641655285,0.03866646892742234,0.010987532408256085,0.013245949824744033,,
ts_college_scorecard,tableshift,tabicl,4,tfm,cuda,53.3,ood,0.8402366863905325,0.7905988146331494,0.898409717964439,0.3611390372685506,0.11221467257590802,0.02884049725735329,0.024397549680626036,,0.10336331360946749
ts_college_scorecard,tableshift,tabpfn25,0,tfm,cuda,48.2,id,0.9434,0.8259211002165886,0.9765183512711479,0.12375808646399067,0.038552848875121684,0.009875594544410705,0.011546475435455955,,
ts_college_scorecard,tableshift,tabpfn25,0,tfm,cuda,48.2,ood,0.8476331360946746,0.796617617003883,0.8974274473737993,0.3555068400621279,0.11104515599957045,0.028820760028723337,0.026493092127570575,,0.0957668639053254
ts_college_scorecard,tableshift,tabpfn25,1,tfm,cuda,48.2,id,0.9426,0.8271712169999368,0.9745345040632808,0.12871298483966873,0.04017585072337595,0.009279148069256917,0.012204714939552573,,
ts_college_scorecard,tableshift,tabpfn25,1,tfm,cuda,48.2,ood,0.8394970414201184,0.769134477825465,0.9002401389740445,0.3600309478782406,0.11328203166016128,0.04139338200498572,0.04015494491969316,,0.10310295857988161
ts_college_scorecard,tableshift,tabpfn25,2,tfm,cuda,48.1,id,0.9426,0.822494424767152,0.9763969184361971,0.12647144043484615,0.03948846903825681,0.010337388658989224,0.012515476421694012,,
ts_college_scorecard,tableshift,tabpfn25,2,tfm,cuda,48.1,ood,0.8476331360946746,0.7874616799509504,0.8939134988759453,0.35989102890459107,0.11291135311365282,0.031033430747224915,0.029065788768092276,,0.09496686390532538
ts_college_scorecard,tableshift,tabpfn25,3,tfm,cuda,48.1,id,0.9448,0.8234045258072717,0.9763108405070647,0.12390877562381697,0.03857247017698813,0.00986291766408831,0.012633489841127228,,
ts_college_scorecard,tableshift,tabpfn25,3,tfm,cuda,48.1,ood,0.8483727810650887,0.7814582055998365,0.9024333231146536,0.35425262070676344,0.11105658432535649,0.03606451824362549,0.02895467567800462,,0.09642721893491124
ts_college_scorecard,tableshift,tabpfn25,4,tfm,cuda,48.2,id,0.9418,0.8213225462104613,0.9756425417158268,0.12608753221779653,0.03953653151907608,0.011046920931618659,0.013541609227775248,,
ts_college_scorecard,tableshift,tabpfn25,4,tfm,cuda,48.2,ood,0.8350591715976331,0.7776875127733497,0.8973252605763335,0.3587434559679166,0.113201855441357,0.026491385686194753,0.025973820192262517,,0.10674082840236687
ts_college_scorecard,tableshift,tabpfn2,0,tfm,cuda,73.2,id,0.9429,0.8239401176492351,0.9723495369152861,0.13350737224426826,0.04132440251192399,0.009025680765043944,0.010312967890864796,,
ts_college_scorecard,tableshift,tabpfn2,0,tfm,cuda,73.2,ood,0.8350591715976331,0.7796494992846924,0.8818260780707132,0.37973291472959947,0.11944666980448482,0.040365293847959074,0.03316403654409409,,0.10784082840236686
ts_college_scorecard,tableshift,tabpfn2,1,tfm,cuda,73.8,id,0.941,0.8205355773827241,0.9710373767712025,0.13645709318215704,0.0423880950077474,0.00960939900381491,0.012166518725598173,,
ts_college_scorecard,tableshift,tabpfn2,1,tfm,cuda,73.8,ood,0.8454142011834319,0.7786582873492744,0.8890340792969549,0.37187731916849986,0.11606490504644157,0.04175740918805879,0.03718036951904227,,0.09558579881656804
ts_college_scorecard,tableshift,tabpfn2,2,tfm,cuda,74.2,id,0.9419,0.8197770334628042,0.9732120132008966,0.13330836843406746,0.04133299435548916,0.009240868019312622,0.01162620476686143,,
ts_college_scorecard,tableshift,tabpfn2,2,tfm,cuda,74.2,ood,0.8357988165680473,0.7762620069487023,0.8826052524013899,0.378508498867973,0.11898922115931423,0.02737244769115244,0.02498309540044835,,0.10610118343195263
ts_college_scorecard,tableshift,tabpfn2,3,tfm,cuda,74.2,id,0.9429,0.8141667574733937,0.9724697159565581,0.13299764543221335,0.04132226297524266,0.009612846795702353,0.011605373661443619,,
ts_college_scorecard,tableshift,tabpfn2,3,tfm,cuda,74.2,ood,0.8387573964497042,0.7718679746576742,0.8864168199468629,0.3740569294354858,0.11790076893783255,0.03364100040228673,0.031218864137659518,,0.10414260355029581
ts_college_scorecard,tableshift,tabpfn2,4,tfm,cuda,74.1,id,0.9401,0.816999831451205,0.9719152761391089,0.1352615770245889,0.04223442282737435,0.00951093147974461,0.01288095306791095,,
ts_college_scorecard,tableshift,tabpfn2,4,tfm,cuda,74.1,ood,0.8195266272189349,0.7598814633149398,0.8768853464132433,0.39031489516081247,0.12403238296195623,0.03871524100158826,0.03298410804731643,,0.12057337278106517
ts_college_scorecard,tableshift,xgb,0,gbdt,cpu,143.9,id,0.9457,0.8323218185755497,0.9740760160459134,0.13247121817086077,0.040040191829567286,0.013874933369923388,0.014098490192787768,-0.0028069901896205784,
ts_college_scorecard,tableshift,xgb,0,gbdt,cpu,143.9,ood,0.8483727810650887,0.7886521561414266,0.8858828939301042,0.3883550463774247,0.11800877629835836,0.05180171183889082,0.04534527178764798,,0.09732721893491125
ts_college_scorecard,tableshift,xgb,1,gbdt,cpu,141.7,id,0.9409,0.8194690225577472,0.9709874538878517,0.1390526584651241,0.042811283999444776,0.012606931368261572,0.014660092762812505,0.002594297255343686,
ts_college_scorecard,tableshift,xgb,1,gbdt,cpu,141.7,ood,0.8335798816568047,0.7583026772940936,0.8910152258328224,0.38670749877763294,0.11927944037268767,0.06466976195000686,0.061921963109787634,,0.10732011834319521
ts_college_scorecard,tableshift,xgb,2,gbdt,cpu,115.8,id,0.942,0.8171879723263122,0.9734785210946278,0.13372585027102474,0.041003757345287876,0.011574650283902884,0.013505232901486294,-0.014549640983523487,
ts_college_scorecard,tableshift,xgb,2,gbdt,cpu,115.8,ood,0.8468934911242604,0.7830012262415695,0.8919502350296341,0.3735919660761553,0.11552913529771001,0.045327342969514205,0.036265496953919535,,0.09510650887573957
ts_college_scorecard,tableshift,xgb,3,gbdt,cpu,118.3,id,0.9405,0.8107560568086883,0.9695310740619665,0.13931933246605965,0.04230614721529109,0.010962701156735422,0.010785502439459723,-0.008627373666062838,
ts_college_scorecard,tableshift,xgb,3,gbdt,cpu,118.3,ood,0.8350591715976331,0.7659155937052933,0.873600040874719,0.3942181636532855,0.12157169095346022,0.04328164603346242,0.03907630513411862,,0.1054408284023669
ts_college_scorecard,tableshift,xgb,4,gbdt,cpu,121.0,id,0.9403,0.8214674981740547,0.9722332265857632,0.13492771818506968,0.0417135213576815,0.014663657671120016,0.015557956387278303,-0.0024522108709049417,
ts_college_scorecard,tableshift,xgb,4,gbdt,cpu,121.0,ood,0.8372781065088757,0.7747189863069692,0.8890634580012262,0.3795015706934986,0.11729354764486191,0.04207303204446943,0.03641218937277229,,0.10302189349112434
ts_diabetes_readmission,tableshift,catb,0,gbdt,cpu,235.4,id,0.655936552367623,0.6198532612882478,0.6954497652144781,0.6201989342991399,0.2155272146099251,0.025394671570916558,0.023951948934861023,-0.004354776697213958,
ts_diabetes_readmission,tableshift,catb,0,gbdt,cpu,235.4,ood,0.6079,0.6083202842701758,0.6736154602988279,0.6487799752469394,0.2293229664176639,0.06049344679108147,0.05875531764683617,,0.04803655236762305
ts_diabetes_readmission,tableshift,catb,1,gbdt,cpu,266.6,id,0.6578026592022393,0.6248327119564147,0.6976863190180752,0.6181741533853559,0.2146604930137371,0.020770365308503447,0.023207516661410327,-0.006955344517326489,
ts_diabetes_readmission,tableshift,catb,1,gbdt,cpu,266.6,ood,0.6134,0.612483760156365,0.6759692635096158,0.6495100861551749,0.22969310242383537,0.06804732766608923,0.06626573551229784,,0.0444026592022394
ts_diabetes_readmission,tableshift,catb,2,gbdt,cpu,213.7,id,0.6505714952181012,0.6126019852410292,0.6938091330761831,0.6208691791896114,0.21572381061045515,0.02142083304580185,0.023795118308323218,-0.009346946196033379,
ts_diabetes_readmission,tableshift,catb,2,gbdt,cpu,213.7,ood,0.6125,0.6121350485401942,0.6715223660894644,0.649145443751697,0.22935260419949,0.051283587995074736,0.04819858021318689,,0.03807149521810116
ts_diabetes_readmission,tableshift,catb,3,gbdt,cpu,250.3,id,0.655936552367623,0.6192091911231186,0.6984654289292311,0.618943776963134,0.2149491605884603,0.03095229343966734,0.025849213499727373,-0.009297612427389912,
ts_diabetes_readmission,tableshift,catb,3,gbdt,cpu,250.3,ood,0.628,0.6236026466539865,0.6837058855147928,0.6428571428182769,0.22625125204558216,0.05049901635391194,0.04948471732771326,,0.027936552367623047
ts_diabetes_readmission,tableshift,catb,4,gbdt,cpu,252.8,id,0.6587357126195474,0.6228139461345936,0.6984316130060968,0.6171516014191389,0.21430287369781598,0.021315585422971635,0.020191940016820373,-0.010895104978526637,
ts_diabetes_readmission,tableshift,catb,4,gbdt,cpu,252.8,ood,0.6198,0.6159892512598055,0.6776505238810315,0.644532523860642,0.22744306989893417,0.052891037376647576,0.05251396559576571,,0.038935712619547425
ts_diabetes_readmission,tableshift,lgbm,0,gbdt,cpu,272.6,id,0.6498717051551202,0.6185239147999979,0.683553502613008,0.6270704759492438,0.21859391585328802,0.022604264524198045,0.018867842370466098,-0.005102829739569104,
ts_diabetes_readmission,tableshift,lgbm,0,gbdt,cpu,272.6,ood,0.6062,0.6065527357152408,0.6613582409738863,0.6546819258518223,0.23172026148696404,0.05197493674340172,0.05049936215695426,,0.0436717051551202
ts_diabetes_readmission,tableshift,lgbm,1,gbdt,cpu,225.4,id,0.6601352927455096,0.6329489814016902,0.6975356030162908,0.6168286955523864,0.21433803490213274,0.015544148850998113,0.019151183734494658,-0.012508056244617816,
ts_diabetes_readmission,tableshift,lgbm,1,gbdt,cpu,225.4,ood,0.611,0.6101573109286993,0.6706715914108743,0.6528231045720667,0.23126577270900933,0.06701599902638433,0.0663686293537531,,0.04913529274550965
ts_diabetes_readmission,tableshift,lgbm,2,gbdt,cpu,225.3,id,0.662234662934453,0.6310434205410906,0.6942261214793369,0.62021092702228,0.2154271495278956,0.011544487315596288,0.017005017561453145,-0.010824952554461476,
ts_diabetes_readmission,tableshift,lgbm,2,gbdt,cpu,225.3,ood,0.6168,0.6165340661362646,0.6686968747874992,0.6493452217220466,0.22939151825384732,0.04606101425150026,0.04414607602853354,,0.045434662934452974
ts_diabetes_readmission,tableshift,lgbm,3,gbdt,cpu,207.9,id,0.6515045486354094,0.6189561315658878,0.6893250520899583,0.6230586252125478,0.21690142152187908,0.0196464881696326,0.01954436329238838,-0.005430773142270251,
ts_diabetes_readmission,tableshift,lgbm,3,gbdt,cpu,207.9,ood,0.6261,0.6225175511786722,0.6748029516005754,0.6466638562884754,0.22801905020306093,0.04532269221054801,0.044879706859486126,,0.02540454863540942
ts_diabetes_readmission,tableshift,lgbm,4,gbdt,cpu,252.3,id,0.6606018194541637,0.6295645897568658,0.6975640442231653,0.6185173728393344,0.21465071001542055,0.02027783101440887,0.02109201856831916,-0.01122685689561953,
ts_diabetes_readmission,tableshift,lgbm,4,gbdt,cpu,252.3,ood,0.6084,0.604840534675792,0.6706265863245691,0.6493468181580433,0.22932441601519846,0.0515243730305232,0.051364221961086115,,0.05220181945416369
ts_diabetes_readmission,tableshift,logreg,0,linear,cpu,1.2,id,0.6431070678796361,0.6103156033387738,0.6702750421467333,0.6348721998315305,0.22146287644788754,0.02088111121490293,0.02026692720950721,,
ts_diabetes_readmission,tableshift,logreg,0,linear,cpu,1.2,ood,0.5909,0.5913026019045933,0.6353131949158632,0.676959099122722,0.24088218572894085,0.06928099667261318,0.06624259307570829,,0.05220706787963614
ts_diabetes_readmission,tableshift,logreg,1,linear,cpu,1.3,id,0.6496384418007931,0.6148622773747736,0.6677431028953597,0.6362176397148622,0.2216479591168604,0.022188154132138847,0.020039728369492204,,
ts_diabetes_readmission,tableshift,logreg,1,linear,cpu,1.3,ood,0.5949,0.5939010269457301,0.6444422763985685,0.6710519537821533,0.23876481752952022,0.0711911236056178,0.06967325511943298,,0.054738441800793125
ts_diabetes_readmission,tableshift,logreg,2,linear,cpu,1.3,id,0.648938651737812,0.6134579088053976,0.6687833344381362,0.6361379039988776,0.22149841397211428,0.01736063693673419,0.019003567458804965,,
ts_diabetes_readmission,tableshift,logreg,2,linear,cpu,1.3,ood,0.5938,0.5934431737726951,0.6378638714554858,0.6750634900978671,0.23957711400473913,0.06232171086500113,0.06143106607382336,,0.05513865173781196
ts_diabetes_readmission,tableshift,logreg,3,linear,cpu,1.2,id,0.6482388616748309,0.6132611717956389,0.6745481655197618,0.6323627151225989,0.22022168042334253,0.019185903737748183,0.017307298452537635,,
ts_diabetes_readmission,tableshift,logreg,3,linear,cpu,1.2,ood,0.6045,0.5997377704278734,0.649415523707304,0.6649392412821453,0.23573074670374577,0.05628306185580139,0.05571624121111,,0.043738861674830876
ts_diabetes_readmission,tableshift,logreg,4,linear,cpu,1.2,id,0.6496384418007931,0.6142987159802855,0.671656792118516,0.6359989150733549,0.22164472030648605,0.024243953074613248,0.022478734155114862,,
ts_diabetes_readmission,tableshift,logreg,4,linear,cpu,1.2,ood,0.5958,0.5916215050837419,0.6379934351048813,0.6725448184006314,0.2389404990024003,0.06106371076216259,0.05957755038526609,,0.05383844180079311
ts_diabetes_readmission,tableshift,mlp,0,mlp,cpu,3.3,id,0.6363424306041521,0.6033954322078081,0.6580101635884472,0.6417226366091909,0.22495434758090174,0.027222967167639736,0.02667268872910945,,
ts_diabetes_readmission,tableshift,mlp,0,mlp,cpu,3.3,ood,0.5799,0.5802347883363755,0.6262346309756139,0.6849322123858412,0.24382806680947797,0.07338242048695685,0.06902129712057824,,0.056442430604152105
ts_diabetes_readmission,tableshift,mlp,1,mlp,cpu,3.4,id,0.6382085374387684,0.6002434970412187,0.6534530760396942,0.6517598299232734,0.22735979447460988,0.04324377488222382,0.03817142788986701,,
ts_diabetes_readmission,tableshift,mlp,1,mlp,cpu,3.4,ood,0.5844,0.5834058648681006,0.6274293764056048,0.6962285917753696,0.24818603742410145,0.0947311687435955,0.09113712376442824,,0.053808537438768345
ts_diabetes_readmission,tableshift,mlp,2,mlp,cpu,3.3,id,0.6407744343363657,0.614436667030953,0.6616078642848313,0.6435786294131322,0.22471537342834652,0.03755647672593579,0.03579483124477931,,
ts_diabetes_readmission,tableshift,mlp,2,mlp,cpu,3.3,ood,0.5885,0.5883353533414133,0.6284947939791758,0.6787210290493069,0.2408392375860708,0.0487953173995018,0.0485187105313853,,0.052274434336365694
ts_diabetes_readmission,tableshift,mlp,3,mlp,cpu,3.3,id,0.6302775833916492,0.6139008750038071,0.6517566812202039,0.6529747132172583,0.22944360366990055,0.05782642350181267,0.056324223328522965,,
ts_diabetes_readmission,tableshift,mlp,3,mlp,cpu,3.3,ood,0.6024,0.6001814502645328,0.6382941906097886,0.6699343168053334,0.23731032352376139,0.039866613988578326,0.03885234628962083,,0.02787758339164914
ts_diabetes_readmission,tableshift,mlp,4,mlp,cpu,3.6,id,0.6384418007930954,0.6006042748701559,0.6545913961542114,0.6623321355305594,0.2291881402479126,0.054318298768414625,0.050982899795831135,,
ts_diabetes_readmission,tableshift,mlp,4,mlp,cpu,3.6,ood,0.5841,0.5796537272937365,0.6186555871139172,0.711655563770355,0.25262461109652806,0.10212102657034991,0.09841904473150187,,0.054341800793095474
ts_diabetes_readmission,tableshift,tabicl,0,tfm,cuda,91.0,id,0.655470025658969,0.6275851265476944,0.6995244719789169,0.6140875315986191,0.21367064875093003,0.024754057241008917,0.023398167254516607,,
ts_diabetes_readmission,tableshift,tabicl,0,tfm,cuda,91.0,ood,0.6102,0.6105571550966307,0.6788661657122421,0.6469359996551588,0.22893142336765473,0.06623757812976837,0.06609804951244705,,0.04527002565896898
ts_diabetes_readmission,tableshift,tabicl,1,tfm,cuda,92.4,id,0.6606018194541637,0.6333485019769998,0.6973788404587141,0.6162380308805044,0.21416555755810873,0.020311626460353657,0.020599074028111494,,
ts_diabetes_readmission,tableshift,tabicl,1,tfm,cuda,92.4,ood,0.6172,0.6163326015978499,0.677577597541964,0.6535897818633644,0.23146545719780015,0.07862967566549778,0.07858829694466356,,0.04340181945416377
ts_diabetes_readmission,tableshift,tabicl,2,tfm,cuda,91.7,id,0.6587357126195474,0.6260342969602396,0.6984607260525039,0.616280126440327,0.21418047112855415,0.021991649606524295,0.019876119581006723,,
ts_diabetes_readmission,tableshift,tabicl,2,tfm,cuda,91.7,ood,0.6117,0.6113574454297818,0.6757596030384122,0.6480022518020137,0.22926222044282268,0.060599492180347415,0.05828350382188737,,0.04703571261954742
ts_diabetes_readmission,tableshift,tabicl,3,tfm,cuda,92.6,id,0.6631677163517611,0.6337746721870975,0.7006090449308364,0.6151141712927233,0.2136529559882246,0.016462516619215366,0.016587416444917947,,
ts_diabetes_readmission,tableshift,tabicl,3,tfm,cuda,92.6,ood,0.6304,0.6266384645503793,0.6840464049365871,0.6429549287405424,0.2265190554860688,0.055375143541395666,0.054971979582389904,,0.03276771635176112
ts_diabetes_readmission,tableshift,tabicl,4,tfm,cuda,92.3,id,0.6627011896431071,0.6310403972631945,0.699333669551695,0.6164569419655188,0.21393940509428633,0.02412461836680906,0.0215970451440501,,
ts_diabetes_readmission,tableshift,tabicl,4,tfm,cuda,92.3,ood,0.6206,0.6169114579529572,0.6811567501268059,0.6441722349597861,0.22734472700359776,0.06084903628975152,0.06077834155271485,,0.04210118964310705
ts_diabetes_readmission,tableshift,tabpfn25,0,tfm,cuda,81.4,id,0.6613016095171449,0.630083361849189,0.7005168909416324,0.6136220713588788,0.2133190355012826,0.011833840673943639,0.01553531981634769,,
ts_diabetes_readmission,tableshift,tabpfn25,0,tfm,cuda,81.4,ood,0.6111,0.6114824595751043,0.6764128538382126,0.6478067982905756,0.22961907337979737,0.06856408682912589,0.06750774126221437,,0.05020160951714492
ts_diabetes_readmission,tableshift,tabpfn25,1,tfm,cuda,81.5,id,0.661534872871472,0.6300415958249205,0.6974742416723251,0.6152428205653364,0.21398205912175788,0.02361807514591208,0.02333517803474806,,
ts_diabetes_readmission,tableshift,tabpfn25,1,tfm,cuda,81.5,ood,0.6178,0.6168571726977743,0.6833260991802587,0.647251371024735,0.22909624264061576,0.07629806685224175,0.07625298140930428,,0.04373487287147193
ts_diabetes_readmission,tableshift,tabpfn25,2,tfm,cuda,80.9,id,0.6529041287613716,0.6114597460625724,0.6971833351547649,0.6167712603479935,0.21456170501982383,0.023370492738500625,0.022510748269104028,,
ts_diabetes_readmission,tableshift,tabpfn25,2,tfm,cuda,80.9,ood,0.6087,0.6082742330969324,0.6775732502930012,0.6509760284166648,0.23095233835582635,0.07682684735208749,0.07642107519686203,,0.044204128761371586
ts_diabetes_readmission,tableshift,tabpfn25,3,tfm,cuda,81.7,id,0.6568696057849311,0.6224234953929724,0.7004091726699261,0.6136715014693996,0.2132405933526116,0.011152492947780866,0.01665045856647643,,
ts_diabetes_readmission,tableshift,tabpfn25,3,tfm,cuda,81.7,ood,0.6276,0.6233622258539491,0.6867804461004543,0.6395717799084361,0.2254088516604228,0.056299264314025634,0.055991786300530505,,0.029269605784931096
ts_diabetes_readmission,tableshift,tabpfn25,4,tfm,cuda,82.3,id,0.6571028691392582,0.6209325714971631,0.6965267239850297,0.6161485004954811,0.21431857902990323,0.018384556736817083,0.018766722438668962,,
ts_diabetes_readmission,tableshift,tabpfn25,4,tfm,cuda,82.3,ood,0.6166,0.6125861504923671,0.6817606164318465,0.643426029939531,0.22728817710006652,0.061116786152869446,0.06087366893281843,,0.04050286913925816
ts_diabetes_readmission,tableshift,tabpfn2,0,tfm,cuda,86.0,id,0.6543037088873338,0.6180523954214584,0.6908383706368502,0.6208351732280847,0.21617709855301673,0.020130881576068717,0.019427141641995153,,
ts_diabetes_readmission,tableshift,tabpfn2,0,tfm,cuda,86.0,ood,0.6053,0.605769991926761,0.6785715242861775,0.6544058061560816,0.2322986779421589,0.08586895020604135,0.0829332912233467,,0.04900370888733385
ts_diabetes_readmission,tableshift,tabpfn2,1,tfm,cuda,86.8,id,0.655003498950315,0.6181686236605759,0.6894306428698119,0.621037757567663,0.21627817450795067,0.024109283081990777,0.023188599351878527,,
ts_diabetes_readmission,tableshift,tabpfn2,1,tfm,cuda,86.8,ood,0.6158,0.6147724885858585,0.6826746253950734,0.654106624171433,0.23204236549458337,0.09149516055136919,0.09041285238554064,,0.03920349895031494
ts_diabetes_readmission,tableshift,tabpfn2,2,tfm,cuda,86.3,id,0.6561698157219501,0.6173962321447447,0.6915618298400663,0.6204791486387651,0.21586478872526815,0.01947061448302168,0.019212955752663487,,
ts_diabetes_readmission,tableshift,tabpfn2,2,tfm,cuda,86.3,ood,0.61,0.6096000384001536,0.6737751351005404,0.6535038878549252,0.23179613672271857,0.07691481532715262,0.0731727547317178,,0.046169815721950114
ts_diabetes_readmission,tableshift,tabpfn2,3,tfm,cuda,86.9,id,0.6561698157219501,0.6167521619796155,0.6915823209458067,0.6209856968195756,0.21622182303164725,0.02620740754845704,0.024387619899823132,,
ts_diabetes_readmission,tableshift,tabpfn2,3,tfm,cuda,86.9,ood,0.6214,0.6163837389728921,0.6839939542193489,0.6485094851755423,0.22901059234554477,0.07413908227831124,0.07311420771330138,,0.03476981572195015
ts_diabetes_readmission,tableshift,tabpfn2,4,tfm,cuda,87.1,id,0.6561698157219501,0.6178792847685917,0.6913557990501085,0.6215631168283705,0.21627385419322012,0.020163145148311988,0.020168486730964292,,
ts_diabetes_readmission,tableshift,tabpfn2,4,tfm,cuda,87.1,ood,0.6119,0.6075038091798484,0.679528632126768,0.6506360410602229,0.2302303339704292,0.07558915209099652,0.07419249561393755,,0.0442698157219501
ts_diabetes_readmission,tableshift,xgb,0,gbdt,cpu,77.2,id,0.6545369722416609,0.6233242082595056,0.6952222355594811,0.6186808286633095,0.2151576365946559,0.023264475287585004,0.019010633315325615,-0.004246906196505917,
ts_diabetes_readmission,tableshift,xgb,0,gbdt,cpu,77.2,ood,0.6115,0.6118617814110221,0.6740420023632914,0.6490426292876433,0.22957218654690492,0.05892734156399967,0.057684455976789124,,0.04303697224166081
ts_diabetes_readmission,tableshift,xgb,1,gbdt,cpu,76.1,id,0.661534872871472,0.633583981733131,0.6958911637873119,0.6182047212086413,0.21476449769736516,0.015521763997503947,0.015116240826653679,-0.007786257248354911,
ts_diabetes_readmission,tableshift,xgb,1,gbdt,cpu,76.1,ood,0.6062,0.6053204085798456,0.6717966152163779,0.6531161188291141,0.2312845786022836,0.06915635332018139,0.06767978514107124,,0.055334872871471985
ts_diabetes_readmission,tableshift,xgb,2,gbdt,cpu,65.8,id,0.6522043386983905,0.6148053949610244,0.6939133801769716,0.6213241403245984,0.21582905758634569,0.025012946404136087,0.023453544921512238,-0.00988707969854774,
ts_diabetes_readmission,tableshift,xgb,2,gbdt,cpu,65.8,ood,0.6091,0.6087390349561398,0.6694861779447118,0.651422824037775,0.2302517307202793,0.05303125403225421,0.049020819207576324,,0.043104338698390476
ts_diabetes_readmission,tableshift,xgb,3,gbdt,cpu,80.3,id,0.6573361324935852,0.6225814896563586,0.6989410913182209,0.6173994432737979,0.21431641793877154,0.025766706491701246,0.022030083179204917,-0.010199785517319149,
ts_diabetes_readmission,tableshift,xgb,3,gbdt,cpu,80.3,ood,0.6292,0.6249728490993466,0.6833128753523212,0.6435105009410846,0.22657101103026894,0.05126250744611023,0.050150217450700536,,0.028136132493585264
ts_diabetes_readmission,tableshift,xgb,4,gbdt,cpu,93.1,id,0.6636342430604152,0.6256402630744452,0.6965231408408564,0.6206836322218113,0.215478751818467,0.02990650195660556,0.027508451079016224,-0.008335226525437722,
ts_diabetes_readmission,tableshift,xgb,4,gbdt,cpu,93.1,ood,0.6172,0.6130477540595403,0.6775416158525909,0.6476316293084979,0.2283730458460276,0.056579074889421474,0.05372293425851572,,0.046434243060415215
